70050000000000
70050000000001
70050000000002
70050000000003
70050000000004
70050000000005
70050000000006
70050000000007
70050000000008
70050000000009
70050000000010
70050000000011
70050000000012
70050000000013
70050000000014
70050000000015
70050000000016
70050000000017
70050000000018
70050000000019
70050000000020
70050000000021
70050000000022
70050000000023
70050000000024
70050000000025
70050000000026
70050000000027
70050000000028
70050000000029
70050000000030
70050000000031
70050000000032
70050000000033
70050000000034
70050000000035
70050000000036
70050000000037
70050000000038
70050000000039
70050000000040
70050000000041
70050000000042
70050000000043
70050000000044
70050000000045
70050000000046
70050000000047
70050000000048
70050000000049
70050000000050
70050000000051
70050000000052
70050000000053
70050000000054
70050000000055
70050000000056
70050000000057
70050000000058
70050000000059
70050000000060
70050000000061
70050000000062
70050000000063
70050000000064
70050000000065
70050000000066
70050000000067
70050000000068
70050000000069
70050000000070
70050000000071
70050000000072
70050000000073
70050000000074
70050000000075
70050000000076
70050000000077
70050000000078
70050000000079
70050000000080
70050000000081
70050000000082
70050000000083
70050000000084
70050000000085
70050000000086
70050000000087
70050000000088
70050000000089
70050000000090
70050000000091
70050000000092
70050000000093
70050000000094
70050000000095
70050000000096
70050000000097
70050000000098
70050000000099
70050000000100
70050000000102
70050000000103
70050000000104
70050000000105
70050000000106
70050000000107
70050000000108
70050000000109
70050000000110
70050000000111
70050000000112
70050000000113
70050000000114
70050000000115
70050000000116
70050000000117
70050000000118
70050000000119
70050000000120
70050000000123
70050000000124
70050000000125
70050000000126
70050000000127
70050000000128
70050000000129
70050000000130
70050000000131
70050000000132
70050000000133
70050000000134
70050000000135
70050000000136
70050000000137
70050000000138
70050000000139
70050000000140
70050000000141
70050000000142
70050000000143
70050000000144
70050000000145
70050000000146
70050000000147
70050000000148
70050000000149
70050000000150
70050000000151
70050000000152
70050000000153
70050000000154
70050000000155
70050000000156
70050000000157
70050000000158
70050000000159
70050000000160
70050000000162
70050000000163
70050000000164
70050000000165
70050000000166
70050000000167
70050000000168
70050000000169
70050000000170
70050000000171
70050000000172
70050000000173
70050000000174
70050000000175
70050000000176
70050000000177
70050000000178
70050000000179
70050000000180
70050000000182
70050000000187
70050000000188
70050000000189
70050000000190
70050000000191
70050000000192
70050000000193
70050000000194
70050000000195
70050000000196
70050000000197
70050000000198
70050000000199
70050000000200
70050000000202
70050000000203
70050000000204
70050000000205
70050000000206
70050000000207
70050000000208
70050000000209
70050000000210
70050000000211
70050000000212
70050000000213
70050000000214
70050000000215
70050000000216
70050000000217
70050000000218
70050000000219
70050000000220
70050000000230
70050000000239
70050000000240
70050000000243
70050000000244
70050000000245
70050000000256
70050000000257
70050000000258
70050000000259
70050000000260
70050000000265
70050000000266
70050000000268
70050000000270
70050000000271
70050000000272
70050000000273
70050000000274
70050000000275
70050000000276
70050000000277
70050000000278
70050000000279
70050000000280
70050000000282
70050000000283
70050000000284
70050000000285
70050000000286
70050000000287
70050000000288
70050000000289
70050000000290
70050000000291
70050000000292
70050000000293
70050000000294
70050000000295
70050000000296
70050000000297
70050000000298
70050000000299
70050000000300
70050000000305
70050000000306
70050000000307
70050000000308
70050000000309
70050000000310
70050000000311
70050000000312
70050000000313
70050000000314
70050000000315
70050000000316
70050000000317
70050000000318
70050000000319
70050000000320
70050000000322
70050000000323
70050000000324
70050000000325
70050000000326
70050000000327
70050000000328
70050000000329
70050000000330
70050000000331
70050000000332
70050000000333
70050000000334
70050000000335
70050000000336
70050000000337
70050000000338
70050000000339
70050000000340
70050000000342
70050000000346
70050000000347
70050000000348
70050000000359
70050000000360
70050000000361
70050000000362
70050000000363
70050000000367
70050000000368
70050000000370
70050000000372
70050000000374
70050000000375
70050000000376
70050000000377
70050000000378
70050000000379
70050000000380
70050000000386
70050000000387
70050000000388
70050000000389
70050000000390
70050000000391
70050000000392
70050000000393
70050000000394
70050000000395
70050000000396
70050000000397
70050000000398
70050000000399
70050000000400
70050000000402
70050000000403
70050000000404
70050000000405
70050000000406
70050000000407
70050000000408
70050000000409
70050000000410
70050000000411
70050000000412
70050000000413
70050000000414
70050000000415
70050000000416
70050000000417
70050000000418
70050000000419
70050000000420
70050000000422
70050000000426
70050000000427
70050000000428
70050000000439
70050000000440
70050000000441
70050000000442
70050000000443
70050000000448
70050000000449
70050000000457
70050000000458
70050000000459
70050000000460
70050000000462
70050000000463
70050000000464
70050000000465
70050000000466
70050000000467
70050000000468
70050000000469
70050000000470
70050000000471
70050000000472
70050000000473
70050000000474
70050000000475
70050000000476
70050000000477
70050000000478
70050000000479
70050000000480
70050000000487
70050000000488
70050000000489
70050000000490
70050000000491
70050000000492
70050000000493
70050000000494
70050000000495
70050000000496
70050000000497
70050000000498
70050000000499
70050000000500
70050000000504
70050000000505
70050000000506
70050000000507
70050000000508
70050000000509
70050000000510
70050000000511
70050000000512
70050000000513
70050000000514
70050000000515
70050000000516
70050000000517
70050000000518
70050000000519
70050000000520
70050000000522
70050000000528
70050000000529
70050000000530
70050000000531
70050000000532
70050000000533
70050000000534
70050000000535
70050000000536
70050000000537
70050000000538
70050000000539
70050000000540
70050000000543
70050000000544
70050000000545
70050000000546
70050000000547
70050000000548
70050000000549
70050000000550
70050000000551
70050000000552
70050000000553
70050000000554
70050000000555
70050000000556
70050000000557
70050000000558
70050000000559
70050000000560
70050000000565
70050000000566
70050000000567
70050000000568
70050000000569
70050000000570
70050000000571
70050000000572
70050000000573
70050000000574
70050000000575
70050000000576
70050000000577
70050000000578
70050000000579
70050000000580
70050000000584
70050000000585
70050000000586
70050000000587
70050000000588
70050000000589
70050000000590
70050000000591
70050000000592
70050000000593
70050000000594
70050000000595
70050000000596
70050000000597
70050000000598
70050000000599
70050000000600
70050000000634
70050000000635
70050000000636
70050000000637
70050000000638
70050000000639
70050000000640
70050000000644
70050000000645
70050000000646
70050000000647
70050000000648
70050000000649
70050000000650
70050000000651
70050000000652
70050000000653
70050000000654
70050000000655
70050000000656
70050000000657
70050000000658
70050000000659
70050000000660
70050000000664
70050000000665
70050000000666
70050000000667
70050000000668
70050000000669
70050000000670
70050000000671
70050000000672
70050000000673
70050000000674
70050000000675
70050000000676
70050000000677
70050000000678
70050000000679
70050000000680
70050000000689
70050000000690
70050000000691
70050000000692
70050000000693
70050000000694
70050000000695
70050000000696
70050000000697
70050000000698
70050000000699
70050000000700
70050000000705
70050000000706
70050000000707
70050000000708
70050000000709
70050000000710
70050000000711
70050000000712
70050000000713
70050000000714
70050000000715
70050000000716
70050000000717
70050000000718
70050000000719
70050000000720
70050000000721
70050000000722
70050000000723
70050000000724
70050000000725
70050000000726
70050000000727
70050000000728
70050000000729
70050000000730
70050000000731
70050000000732
70050000000733
70050000000734
70050000000735
70050000000736
70050000000737
70050000000738
70050000000739
70050000000740
70050000000744
70050000000745
70050000000746
70050000000747
70050000000748
70050000000749
70050000000750
70050000000751
70050000000752
70050000000753
70050000000754
70050000000755
70050000000756
70050000000757
70050000000758
70050000000759
70050000000760
70050000000766
70050000000767
70050000000768
70050000000769
70050000000770
70050000000771
70050000000772
70050000000773
70050000000774
70050000000775
70050000000776
70050000000777
70050000000778
70050000000779
70050000000780
70050000000782
70050000000783
70050000000784
70050000000785
70050000000786
70050000000787
70050000000788
70050000000789
70050000000790
70050000000791
70050000000792
70050000000793
70050000000794
70050000000795
70050000000796
70050000000797
70050000000798
70050000000799
70050000000800
70050000000802
70050000000803
70050000000804
70050000000805
70050000000806
70050000000807
70050000000808
70050000000809
70050000000810
70050000000811
70050000000812
70050000000813
70050000000814
70050000000815
70050000000816
70050000000817
70050000000818
70050000000819
70050000000820
70050000000826
70050000000827
70050000000828
70050000000829
70050000000830
70050000000831
70050000000832
70050000000833
70050000000834
70050000000835
70050000000836
70050000000837
70050000000838
70050000000839
70050000000840
70050000000845
70050000000847
70050000000848
70050000000849
70050000000850
70050000000851
70050000000852
70050000000853
70050000000854
70050000000855
70050000000856
70050000000857
70050000000858
70050000000859
70050000000860
70050000000867
70050000000868
70050000000869
70050000000870
70050000000871
70050000000872
70050000000873
70050000000874
70050000000875
70050000000876
70050000000877
70050000000878
70050000000879
70050000000880
70050000000885
70050000000886
70050000000887
70050000000888
70050000000889
70050000000890
70050000000891
70050000000892
70050000000893
70050000000894
70050000000895
70050000000896
70050000000897
70050000000898
70050000000899
70050000000900
70050000000907
70050000000908
70050000000909
70050000000910
70050000000911
70050000000912
70050000000913
70050000000914
70050000000915
70050000000916
70050000000917
70050000000918
70050000000919
70050000000920
70050000000922
70050000000923
70050000000924
70050000000925
70050000000926
70050000000927
70050000000928
70050000000929
70050000000930
70050000000931
70050000000932
70050000000933
70050000000934
70050000000935
70050000000936
70050000000937
70050000000938
70050000000939
70050000000940
70050000000943
70050000000944
70050000000945
70050000000946
70050000000947
70050000000948
70050000000949
70050000000950
70050000000951
70050000000952
70050000000953
70050000000954
70050000000955
70050000000956
70050000000957
70050000000958
70050000000959
70050000000960
70050000000967
70050000000968
70050000000969
70050000000970
70050000000971
70050000000972
70050000000973
70050000000974
70050000000975
70050000000976
70050000000977
70050000000978
70050000000979
70050000000980
70050000000983
70050000000984
70050000000985
70050000000986
70050000000987
70050000000988
70050000000989
70050000000990
70050000000991
70050000000992
70050000000993
70050000000994
70050000000995
70050000000996
70050000000997
70050000000998
70050000000999
70050000001000
70050000001003
70050000001004
70050000001005
70050000001006
70050000001007
70050000001008
70050000001009
70050000001010
70050000001011
70050000001012
70050000001013
70050000001014
70050000001015
70050000001016
70050000001017
70050000001018
70050000001019
70050000001020
70050000001021
70050000001023
70050000001024
70050000001025
70050000001026
70050000001027
70050000001028
70050000001029
70050000001030
70050000001031
70050000001032
70050000001033
70050000001034
70050000001035
70050000001036
70050000001037
70050000001038
70050000001039
70050000001040
70050000001043
70050000001046
70050000001047
70050000001048
70050000001049
70050000001050
70050000001051
70050000001052
70050000001053
70050000001054
70050000001055
70050000001056
70050000001057
70050000001058
70050000001059
70050000001060
70050000001065
70050000001066
70050000001067
70050000001068
70050000001069
70050000001070
70050000001071
70050000001072
70050000001073
70050000001074
70050000001075
70050000001076
70050000001077
70050000001078
70050000001079
70050000001080
70050000001082
70050000001083
70050000001084
70050000001085
70050000001086
70050000001087
70050000001088
70050000001089
70050000001090
70050000001091
70050000001092
70050000001093
70050000001094
70050000001095
70050000001096
70050000001097
70050000001098
70050000001099
70050000001100
70050000001103
70050000001104
70050000001105
70050000001106
70050000001107
70050000001108
70050000001109
70050000001110
70050000001111
70050000001112
70050000001113
70050000001114
70050000001115
70050000001116
70050000001117
70050000001118
70050000001119
70050000001120
70050000001132
70050000001133
70050000001134
70050000001135
70050000001136
70050000001137
70050000001138
70050000001139
70050000001140
70050000001146
70050000001147
70050000001148
70050000001149
70050000001150
70050000001151
70050000001158
70050000001159
70050000001160
70050000001161
70050000001162
70050000001163
70050000001164
70050000001165
70050000001166
70050000001167
70050000001172
70050000001173
70050000001174
70050000001175
70050000001176
70050000001177
70050000001178
70050000001179
70050000001180
70050000001185
70050000001186
70050000001187
70050000001188
70050000001189
70050000001190
70050000001191
70050000001192
70050000001193
70050000001194
70050000001195
70050000001196
70050000001197
70050000001198
70050000001199
70050000001200
70050000001202
70050000001203
70050000001204
70050000001205
70050000001206
70050000001207
70050000001208
70050000001209
70050000001210
70050000001211
70050000001212
70050000001213
70050000001214
70050000001215
70050000001216
70050000001217
70050000001218
70050000001219
70050000001220
70050000001222
70050000001223
70050000001224
70050000001225
70050000001226
70050000001227
70050000001228
70050000001229
70050000001230
70050000001231
70050000001232
70050000001233
70050000001234
70050000001235
70050000001236
70050000001237
70050000001238
70050000001239
70050000001240
70050000001241
70050000001242
70050000001243
70050000001244
70050000001245
70050000001246
70050000001247
70050000001248
70050000001249
70050000001250
70050000001251
70050000001252
70050000001253
70050000001254
70050000001255
70050000001256
70050000001257
70050000001258
70050000001259
70050000001260
70050000001262
70050000001263
70050000001264
70050000001265
70050000001266
70050000001267
70050000001268
70050000001269
70050000001270
70050000001271
70050000001272
70050000001273
70050000001274
70050000001275
70050000001276
70050000001277
70050000001278
70050000001279
70050000001280
70050000001286
70050000001287
70050000001288
70050000001289
70050000001290
70050000001291
70050000001292
70050000001293
70050000001294
70050000001295
70050000001296
70050000001297
70050000001298
70050000001299
70050000001300
70050000001301
70050000001302
70050000001304
70050000001305
70050000001306
70050000001307
70050000001308
70050000001309
70050000001310
70050000001311
70050000001312
70050000001313
70050000001314
70050000001315
70050000001316
70050000001317
70050000001318
70050000001319
70050000001320
70050000001336
70050000001337
70050000001338
70050000001339
70050000001340
70050000001356
70050000001357
70050000001358
70050000001359
70050000001360
70050000001372
70050000001373
70050000001382
70050000001383
70050000001384
70050000001385
70050000001386
70050000001387
70050000001388
70050000001389
70050000001390
70050000001391
70050000001392
70050000001393
70050000001394
70050000001395
70050000001417
70050000001418
70050000001419
70050000001420
70050000001422
70050000001424
70050000001425
70050000001430
70050000001431
70050000001432
70050000001433
70050000001434
70050000001435
70050000001436
70050000001437
70050000001438
70050000001439
70050000001440
70050000001441
70050000001442
70050000001443
70050000001444
70050000001445
70050000001446
70050000001447
70050000001448
70050000001449
70050000001450
70050000001451
70050000001452
70050000001453
70050000001454
70050000001455
70050000001456
70050000001457
70050000001458
70050000001459
70050000001460
70050000001463
70050000001464
70050000001465
70050000001466
70050000001467
70050000001468
70050000001469
70050000001470
70050000001471
70050000001472
70050000001473
70050000001474
70050000001475
70050000001476
70050000001477
70050000001478
70050000001479
70050000001480
70050000001491
70050000001492
70050000001493
70050000001494
70050000001495
70050000001496
70050000001497
70050000001498
70050000001499
70050000001500
70050000001503
70050000001504
70050000001505
70050000001506
70050000001507
70050000001508
70050000001509
70050000001510
70050000001511
70050000001512
70050000001513
70050000001514
70050000001515
70050000001516
70050000001517
70050000001518
70050000001519
70050000001520
70050000001553
70050000001554
70050000001555
70050000001556
70050000001557
70050000001558
70050000001559
70050000001560
70050000001572
70050000001573
70050000001574
70050000001575
70050000001576
70050000001577
70050000001578
70050000001579
70050000001580
70050000001584
70050000001585
70050000001586
70050000001587
70050000001588
70050000001589
70050000001590
70050000001591
70050000001592
70050000001593
70050000001594
70050000001595
70050000001596
70050000001597
70050000001598
70050000001599
70050000001600
70050000001601
70050000001623
70050000001624
70050000001625
70050000001626
70050000001627
70050000001628
70050000001629
70050000001630
70050000001631
70050000001632
70050000001633
70050000001634
70050000001635
70050000001636
70050000001637
70050000001638
70050000001639
70050000001640
70050000001643
70050000001644
70050000001645
70050000001646
70050000001647
70050000001648
70050000001649
70050000001650
70050000001651
70050000001652
70050000001653
70050000001654
70050000001655
70050000001656
70050000001657
70050000001658
70050000001659
70050000001660
70050000001673
70050000001674
70050000001675
70050000001676
70050000001677
70050000001678
70050000001679
70050000001680
70050000001682
70050000001683
70050000001684
70050000001685
70050000001686
70050000001687
70050000001688
70050000001689
70050000001690
70050000001691
70050000001692
70050000001693
70050000001694
70050000001695
70050000001696
70050000001697
70050000001698
70050000001699
70050000001700
70050000001702
70050000001703
70050000001704
70050000001705
70050000001706
70050000001707
70050000001708
70050000001709
70050000001710
70050000001711
70050000001712
70050000001713
70050000001714
70050000001715
70050000001716
70050000001717
70050000001718
70050000001719
70050000001720
70050000001736
70050000001737
70050000001738
70050000001739
70050000001740
70050000001748
70050000001749
70050000001750
70050000001751
70050000001752
70050000001753
70050000001754
70050000001755
70050000001756
70050000001757
70050000001758
70050000001759
70050000001760
70050000001762
70050000001763
70050000001764
70050000001765
70050000001766
70050000001767
70050000001768
70050000001769
70050000001770
70050000001771
70050000001772
70050000001773
70050000001774
70050000001775
70050000001776
70050000001777
70050000001778
70050000001779
70050000001780
70050000001817
70050000001818
70050000001819
70050000001820
70050000001821
70050000001822
70050000001823
70050000001824
70050000001825
70050000001826
70050000001827
70050000001828
70050000001829
70050000001830
70050000001831
70050000001832
70050000001833
70050000001834
70050000001835
70050000001836
70050000001837
70050000001838
70050000001839
70050000001840
70050000001841
70050000001846
70050000001847
70050000001848
70050000001849
70050000001850
70050000001851
70050000001852
70050000001853
70050000001854
70050000001855
70050000001856
70050000001857
70050000001858
70050000001859
70050000001860
70050000001862
70050000001863
70050000001864
70050000001865
70050000001866
70050000001867
70050000001868
70050000001869
70050000001870
70050000001871
70050000001872
70050000001873
70050000001874
70050000001875
70050000001876
70050000001877
70050000001878
70050000001879
70050000001880
70050000001882
70050000001883
70050000001884
70050000001885
70050000001886
70050000001887
70050000001888
70050000001889
70050000001890
70050000001891
70050000001892
70050000001893
70050000001894
70050000001895
70050000001896
70050000001897
70050000001898
70050000001899
70050000001900
70050000001905
70050000001906
70050000001907
70050000001908
70050000001909
70050000001910
70050000001911
70050000001912
70050000001913
70050000001914
70050000001915
70050000001916
70050000001917
70050000001918
70050000001919
70050000001920
70050000001922
70050000001923
70050000001924
70050000001925
70050000001926
70050000001927
70050000001928
70050000001929
70050000001930
70050000001931
70050000001932
70050000001933
70050000001934
70050000001935
70050000001936
70050000001937
70050000001938
70050000001939
70050000001940
70050000001946
70050000001947
70050000001948
70050000001949
70050000001950
70050000001951
70050000001952
70050000001953
70050000001954
70050000001955
70050000001956
70050000001957
70050000001958
70050000001959
70050000001960
70050000001964
70050000001965
70050000001966
70050000001967
70050000001968
70050000001969
70050000001970
70050000001971
70050000001972
70050000001973
70050000001974
70050000001975
70050000001976
70050000001977
70050000001978
70050000001979
70050000001980
70050000001982
70050000001983
70050000001984
70050000001985
70050000001986
70050000001987
70050000001988
70050000001989
70050000001990
70050000001991
70050000001992
70050000001993
70050000001994
70050000001995
70050000001996
70050000001997
70050000001998
70050000001999
70050000002000
70050000002004
70050000002005
70050000002006
70050000002007
70050000002008
70050000002009
70050000002010
70050000002011
70050000002012
70050000002013
70050000002014
70050000002015
70050000002016
70050000002017
70050000002018
70050000002019
70050000002020
70050000002022
70050000002023
70050000002024
70050000002025
70050000002026
70050000002027
70050000002028
70050000002029
70050000002030
70050000002031
70050000002032
70050000002033
70050000002034
70050000002035
70050000002036
70050000002037
70050000002038
70050000002039
70050000002040
70050000002042
70050000002043
70050000002044
70050000002045
70050000002046
70050000002047
70050000002048
70050000002049
70050000002050
70050000002051
70050000002052
70050000002053
70050000002054
70050000002055
70050000002056
70050000002057
70050000002058
70050000002059
70050000002060
70050000002066
70050000002067
70050000002068
70050000002069
70050000002070
70050000002071
70050000002072
70050000002073
70050000002074
70050000002075
70050000002076
70050000002077
70050000002078
70050000002079
70050000002080
70050000002096
70050000002102
70050000002103
70050000002104
70050000002105
70050000002106
70050000002107
70050000002108
70050000002109
70050000002110
70050000002111
70050000002112
70050000002113
70050000002114
70050000002115
70050000002116
70050000002117
70050000002118
70050000002119
70050000002120
70050000002137
70050000002138
70050000002139
70050000002140
70050000002141
70050000002142
70050000002143
70050000002144
70050000002145
70050000002146
70050000002147
70050000002148
70050000002149
70050000002150
70050000002151
70050000002152
70050000002153
70050000002154
70050000002155
70050000002156
70050000002157
70050000002158
70050000002159
70050000002160
70050000002177
70050000002178
70050000002179
70050000002180
70050000002213
70050000002214
70050000002215
70050000002216
70050000002217
70050000002218
70050000002219
70050000002220
70050000002299
70050000002300
70050000002303
70050000002304
70050000002305
70050000002306
70050000002307
70050000002308
70050000002309
70050000002310
70050000002311
70050000002312
70050000002313
70050000002314
70050000002315
70050000002316
70050000002317
70050000002318
70050000002319
70050000002320
70050000002324
70050000002325
70050000002326
70050000002327
70050000002328
70050000002329
70050000002330
70050000002331
70050000002332
70050000002333
70050000002334
70050000002335
70050000002336
70050000002337
70050000002338
70050000002339
70050000002340
70050000002350
70050000002351
70050000002352
70050000002353
70050000002354
70050000002355
70050000002356
70050000002357
70050000002358
70050000002359
70050000002360
70050000002380
70050000002383
70050000002384
70050000002385
70050000002386
70050000002387
70050000002388
70050000002389
70050000002390
70050000002391
70050000002392
70050000002393
70050000002394
70050000002395
70050000002396
70050000002397
70050000002398
70050000002399
70050000002400
70050000002404
70050000002405
70050000002406
70050000002407
70050000002408
70050000002409
70050000002410
70050000002411
70050000002412
70050000002413
70050000002414
70050000002415
70050000002416
70050000002417
70050000002418
70050000002419
70050000002420
70050000002421
70050000002422
70050000002423
70050000002424
70050000002425
70050000002426
70050000002427
70050000002428
70050000002429
70050000002430
70050000002431
70050000002432
70050000002433
70050000002434
70050000002435
70050000002436
70050000002437
70050000002438
70050000002439
70050000002440
70050000002442
70050000002443
70050000002444
70050000002445
70050000002446
70050000002447
70050000002448
70050000002449
70050000002450
70050000002451
70050000002452
70050000002453
70050000002454
70050000002455
70050000002456
70050000002457
70050000002458
70050000002459
70050000002460
70050000002462
70050000002463
70050000002464
70050000002465
70050000002466
70050000002467
70050000002468
70050000002469
70050000002470
70050000002471
70050000002472
70050000002473
70050000002474
70050000002475
70050000002476
70050000002477
70050000002478
70050000002479
70050000002480
70050000002481
70050000002482
70050000002483
70050000002484
70050000002485
70050000002486
70050000002487
70050000002488
70050000002489
70050000002490
70050000002491
70050000002492
70050000002493
70050000002494
70050000002495
70050000002496
70050000002497
70050000002498
70050000002499
70050000002500
70050000002506
70050000002507
70050000002508
70050000002509
70050000002510
70050000002511
70050000002512
70050000002513
70050000002514
70050000002515
70050000002516
70050000002517
70050000002518
70050000002519
70050000002520
70050000002522
70050000002523
70050000002524
70050000002525
70050000002526
70050000002527
70050000002528
70050000002529
70050000002530
70050000002531
70050000002532
70050000002533
70050000002534
70050000002535
70050000002536
70050000002537
70050000002538
70050000002539
70050000002540
70050000002542
70050000002543
70050000002544
70050000002545
70050000002546
70050000002547
70050000002548
70050000002549
70050000002550
70050000002551
70050000002552
70050000002553
70050000002554
70050000002555
70050000002556
70050000002557
70050000002558
70050000002559
70050000002560
70050000002563
70050000002564
70050000002565
70050000002566
70050000002567
70050000002568
70050000002569
70050000002570
70050000002571
70050000002572
70050000002573
70050000002574
70050000002575
70050000002576
70050000002577
70050000002578
70050000002579
70050000002580
70050000002609
70050000002610
70050000002611
70050000002612
70050000002613
70050000002614
70050000002615
70050000002616
70050000002617
70050000002618
70050000002619
70050000002620
70050000002622
70050000002623
70050000002624
70050000002625
70050000002626
70050000002627
70050000002628
70050000002629
70050000002630
70050000002631
70050000002632
70050000002633
70050000002634
70050000002635
70050000002636
70050000002637
70050000002638
70050000002639
70050000002640
70050000002643
70050000002644
70050000002645
70050000002646
70050000002647
70050000002648
70050000002649
70050000002650
70050000002651
70050000002652
70050000002653
70050000002654
70050000002655
70050000002656
70050000002657
70050000002658
70050000002659
70050000002660
70050000002664
70050000002665
70050000002666
70050000002667
70050000002668
70050000002669
70050000002670
70050000002671
70050000002672
70050000002673
70050000002674
70050000002675
70050000002676
70050000002677
70050000002678
70050000002679
70050000002680
70050000002682
70050000002683
70050000002684
70050000002685
70050000002686
70050000002687
70050000002688
70050000002689
70050000002690
70050000002691
70050000002692
70050000002693
70050000002694
70050000002695
70050000002696
70050000002697
70050000002698
70050000002699
70050000002700
70050000002709
70050000002710
70050000002711
70050000002712
70050000002713
70050000002714
70050000002715
70050000002716
70050000002717
70050000002718
70050000002719
70050000002720
70050000002724
70050000002725
70050000002726
70050000002727
70050000002728
70050000002729
70050000002730
70050000002731
70050000002732
70050000002733
70050000002734
70050000002735
70050000002736
70050000002737
70050000002738
70050000002739
70050000002740
70050000002752
70050000002753
70050000002754
70050000002755
70050000002756
70050000002757
70050000002758
70050000002759
70050000002760
70050000002761
70050000002762
70050000002763
70050000002764
70050000002765
70050000002766
70050000002767
70050000002768
70050000002769
70050000002770
70050000002771
70050000002772
70050000002773
70050000002774
70050000002775
70050000002776
70050000002777
70050000002778
70050000002779
70050000002780
70050000002782
70050000002783
70050000002784
70050000002785
70050000002786
70050000002787
70050000002788
70050000002789
70050000002790
70050000002791
70050000002792
70050000002793
70050000002794
70050000002795
70050000002796
70050000002797
70050000002798
70050000002799
70050000002800
70050000002803
70050000002804
70050000002805
70050000002806
70050000002807
70050000002808
70050000002809
70050000002810
70050000002811
70050000002812
70050000002813
70050000002814
70050000002815
70050000002816
70050000002817
70050000002818
70050000002819
70050000002820
70050000002826
70050000002827
70050000002828
70050000002829
70050000002830
70050000002831
70050000002832
70050000002833
70050000002834
70050000002835
70050000002836
70050000002837
70050000002838
70050000002839
70050000002840
70050000002842
70050000002843
70050000002844
70050000002845
70050000002846
70050000002847
70050000002848
70050000002849
70050000002850
70050000002851
70050000002852
70050000002853
70050000002854
70050000002855
70050000002856
70050000002857
70050000002858
70050000002859
70050000002860
70050000002862
70050000002863
70050000002864
70050000002865
70050000002866
70050000002867
70050000002868
70050000002869
70050000002870
70050000002871
70050000002872
70050000002873
70050000002874
70050000002875
70050000002876
70050000002877
70050000002878
70050000002879
70050000002880
70050000002882
70050000002883
70050000002884
70050000002885
70050000002886
70050000002887
70050000002888
70050000002889
70050000002890
70050000002891
70050000002892
70050000002893
70050000002894
70050000002895
70050000002896
70050000002897
70050000002898
70050000002899
70050000002900
70050000002903
70050000002904
70050000002905
70050000002906
70050000002907
70050000002908
70050000002909
70050000002910
70050000002911
70050000002912
70050000002913
70050000002914
70050000002915
70050000002916
70050000002917
70050000002918
70050000002919
70050000002920
70050000002921
70050000002922
70050000002923
70050000002924
70050000002925
70050000002926
70050000002927
70050000002928
70050000002929
70050000002930
70050000002931
70050000002932
70050000002933
70050000002934
70050000002935
70050000002936
70050000002937
70050000002938
70050000002939
70050000002940
70050000002941
70050000002942
70050000002943
70050000002944
70050000002945
70050000002946
70050000002947
70050000002948
70050000002949
70050000002950
70050000002951
70050000002952
70050000002953
70050000002954
70050000002955
70050000002956
70050000002957
70050000002958
70050000002959
70050000002960
70050000002965
70050000002966
70050000002967
70050000002968
70050000002969
70050000002970
70050000002971
70050000002972
70050000002973
70050000002974
70050000002975
70050000002976
70050000002977
70050000002978
70050000002979
70050000002980
70050000002981
70050000002982
70050000002983
70050000002984
70050000002985
70050000002986
70050000002987
70050000002988
70050000002989
70050000002990
70050000002991
70050000002992
70050000002993
70050000002994
70050000002995
70050000002996
70050000002997
70050000002998
70050000002999
70050000003000
70050000003004
70050000003005
70050000003006
70050000003007
70050000003008
70050000003009
70050000003010
70050000003011
70050000003012
70050000003013
70050000003014
70050000003015
70050000003016
70050000003017
70050000003018
70050000003019
70050000003020
70050000003021
70050000003023
70050000003024
70050000003025
70050000003026
70050000003027
70050000003028
70050000003029
70050000003030
70050000003031
70050000003032
70050000003033
70050000003034
70050000003035
70050000003036
70050000003037
70050000003038
70050000003039
70050000003040
70050000003044
70050000003045
70050000003046
70050000003047
70050000003048
70050000003049
70050000003050
70050000003051
70050000003052
70050000003053
70050000003054
70050000003055
70050000003056
70050000003057
70050000003058
70050000003059
70050000003060
70050000003066
70050000003067
70050000003068
70050000003069
70050000003070
70050000003071
70050000003072
70050000003073
70050000003074
70050000003075
70050000003076
70050000003077
70050000003078
70050000003079
70050000003080
70050000003086
70050000003087
70050000003088
70050000003089
70050000003090
70050000003091
70050000003092
70050000003093
70050000003094
70050000003095
70050000003096
70050000003097
70050000003098
70050000003099
70050000003100
70050000003104
70050000003105
70050000003106
70050000003107
70050000003108
70050000003109
70050000003110
70050000003111
70050000003112
70050000003113
70050000003114
70050000003115
70050000003116
70050000003117
70050000003118
70050000003119
70050000003120
70050000003122
70050000003123
70050000003124
70050000003125
70050000003126
70050000003127
70050000003128
70050000003129
70050000003130
70050000003131
70050000003132
70050000003133
70050000003134
70050000003135
70050000003136
70050000003137
70050000003138
70050000003139
70050000003140
70050000003143
70050000003144
70050000003145
70050000003146
70050000003147
70050000003148
70050000003149
70050000003150
70050000003151
70050000003152
70050000003153
70050000003154
70050000003155
70050000003156
70050000003157
70050000003158
70050000003159
70050000003160
70050000003173
70050000003174
70050000003175
70050000003176
70050000003177
70050000003178
70050000003179
70050000003180
70050000003196
70050000003197
70050000003198
70050000003199
70050000003200
70050000003204
70050000003205
70050000003206
70050000003207
70050000003208
70050000003209
70050000003210
70050000003211
70050000003212
70050000003213
70050000003214
70050000003215
70050000003216
70050000003217
70050000003218
70050000003219
70050000003220
70050000003228
70050000003229
70050000003230
70050000003231
70050000003232
70050000003233
70050000003234
70050000003235
70050000003236
70050000003237
70050000003238
70050000003239
70050000003240
70050000003241
70050000003242
70050000003243
70050000003244
70050000003245
70050000003246
70050000003247
70050000003248
70050000003249
70050000003250
70050000003251
70050000003252
70050000003253
70050000003254
70050000003255
70050000003256
70050000003257
70050000003258
70050000003259
70050000003260
70050000003261
70050000003262
70050000003263
70050000003264
70050000003265
70050000003266
70050000003267
70050000003268
70050000003269
70050000003270
70050000003271
70050000003272
70050000003273
70050000003274
70050000003275
70050000003276
70050000003277
70050000003278
70050000003279
70050000003280
70050000003292
70050000003293
70050000003294
70050000003295
70050000003296
70050000003297
70050000003298
70050000003299
70050000003300
70050000003305
70050000003306
70050000003307
70050000003308
70050000003309
70050000003310
70050000003311
70050000003312
70050000003313
70050000003314
70050000003315
70050000003316
70050000003317
70050000003318
70050000003319
70050000003320
70050000003327
70050000003328
70050000003329
70050000003330
70050000003331
70050000003332
70050000003333
70050000003334
70050000003335
70050000003336
70050000003337
70050000003338
70050000003339
70050000003340
70050000003342
70050000003344
70050000003345
70050000003346
70050000003347
70050000003348
70050000003349
70050000003350
70050000003351
70050000003352
70050000003353
70050000003354
70050000003355
70050000003356
70050000003357
70050000003358
70050000003359
70050000003360
70050000003392
70050000003393
70050000003394
70050000003395
70050000003396
70050000003397
70050000003398
70050000003399
70050000003400
70050000003409
70050000003410
70050000003411
70050000003412
70050000003413
70050000003414
70050000003415
70050000003416
70050000003417
70050000003418
70050000003419
70050000003420
70050000003425
70050000003432
70050000003433
70050000003434
70050000003435
70050000003436
70050000003437
70050000003438
70050000003439
70050000003440
70050000003448
70050000003449
70050000003450
70050000003451
70050000003452
70050000003453
70050000003454
70050000003455
70050000003456
70050000003457
70050000003458
70050000003459
70050000003460
70050000003461
70050000003486
70050000003487
70050000003488
70050000003489
70050000003490
70050000003491
70050000003492
70050000003493
70050000003494
70050000003495
70050000003496
70050000003497
70050000003498
70050000003499
70050000003500
70050000003504
70050000003505
70050000003506
70050000003507
70050000003508
70050000003509
70050000003510
70050000003511
70050000003512
70050000003513
70050000003514
70050000003515
70050000003516
70050000003517
70050000003518
70050000003519
70050000003520
70050000003543
70050000003544
70050000003545
70050000003546
70050000003547
70050000003548
70050000003549
70050000003550
70050000003551
70050000003552
70050000003553
70050000003554
70050000003555
70050000003556
70050000003557
70050000003558
70050000003559
70050000003560
70050000003571
70050000003572
70050000003573
70050000003574
70050000003575
70050000003576
70050000003577
70050000003578
70050000003579
70050000003580
70050000003581
70050000003582
70050000003583
70050000003584
70050000003585
70050000003586
70050000003587
70050000003588
70050000003589
70050000003590
70050000003591
70050000003592
70050000003593
70050000003594
70050000003595
70050000003596
70050000003597
70050000003598
70050000003599
70050000003600
70050000003602
70050000003603
70050000003604
70050000003605
70050000003606
70050000003607
70050000003608
70050000003609
70050000003610
70050000003611
70050000003612
70050000003613
70050000003614
70050000003615
70050000003616
70050000003617
70050000003618
70050000003619
70050000003620
70050000003623
70050000003624
70050000003625
70050000003626
70050000003627
70050000003628
70050000003629
70050000003630
70050000003631
70050000003632
70050000003633
70050000003634
70050000003635
70050000003636
70050000003637
70050000003638
70050000003639
70050000003640
70050000003647
70050000003648
70050000003649
70050000003650
70050000003651
70050000003652
70050000003653
70050000003654
70050000003655
70050000003656
70050000003657
70050000003658
70050000003659
70050000003660
70050000003665
70050000003666
70050000003667
70050000003668
70050000003669
70050000003670
70050000003671
70050000003672
70050000003673
70050000003674
70050000003675
70050000003676
70050000003677
70050000003678
70050000003679
70050000003680
70050000003682
70050000003683
70050000003684
70050000003685
70050000003686
70050000003687
70050000003688
70050000003689
70050000003690
70050000003691
70050000003692
70050000003693
70050000003694
70050000003695
70050000003696
70050000003697
70050000003698
70050000003699
70050000003700
70050000003703
70050000003714
70050000003715
70050000003716
70050000003717
70050000003718
70050000003719
70050000003720
70050000003722
70050000003723
70050000003724
70050000003725
70050000003726
70050000003727
70050000003728
70050000003729
70050000003730
70050000003731
70050000003732
70050000003733
70050000003734
70050000003735
70050000003736
70050000003737
70050000003738
70050000003739
70050000003740
70050000003745
70050000003746
70050000003747
70050000003748
70050000003749
70050000003750
70050000003751
70050000003752
70050000003753
70050000003754
70050000003755
70050000003756
70050000003757
70050000003758
70050000003759
70050000003760
70050000003763
70050000003764
70050000003765
70050000003766
70050000003767
70050000003768
70050000003769
70050000003770
70050000003771
70050000003772
70050000003773
70050000003774
70050000003775
70050000003776
70050000003777
70050000003778
70050000003779
70050000003780
70050000003797
70050000003798
70050000003799
70050000003800
70050000003801
70050000003802
70050000003803
70050000003804
70050000003805
70050000003806
70050000003807
70050000003808
70050000003809
70050000003810
70050000003811
70050000003812
70050000003813
70050000003814
70050000003815
70050000003816
70050000003817
70050000003818
70050000003819
70050000003820
70050000003828
70050000003829
70050000003830
70050000003831
70050000003832
70050000003833
70050000003834
70050000003835
70050000003836
70050000003837
70050000003838
70050000003839
70050000003840
70050000003841
70050000003842
70050000003843
70050000003844
70050000003845
70050000003846
70050000003847
70050000003848
70050000003849
70050000003850
70050000003851
70050000003852
70050000003853
70050000003854
70050000003855
70050000003856
70050000003857
70050000003858
70050000003859
70050000003860
70050000003873
70050000003875
70050000003876
70050000003877
70050000003878
70050000003879
70050000003880
70050000003881
70050000003882
70050000003883
70050000003884
70050000003885
70050000003886
70050000003887
70050000003888
70050000003889
70050000003890
70050000003891
70050000003892
70050000003893
70050000003894
70050000003895
70050000003896
70050000003897
70050000003898
70050000003899
70050000003900
70050000003912
70050000003913
70050000003914
70050000003915
70050000003916
70050000003917
70050000003918
70050000003919
70050000003920
70050000003922
70050000003923
70050000003924
70050000003925
70050000003926
70050000003927
70050000003928
70050000003929
70050000003930
70050000003931
70050000003932
70050000003933
70050000003934
70050000003935
70050000003936
70050000003937
70050000003938
70050000003939
70050000003940
70050000003943
70050000003944
70050000003947
70050000003948
70050000003949
70050000003950
70050000003951
70050000003952
70050000003953
70050000003954
70050000003955
70050000003956
70050000003957
70050000003958
70050000003959
70050000003960
70050000003964
70050000003965
70050000003966
70050000003967
70050000003968
70050000003969
70050000003970
70050000003971
70050000003972
70050000003973
70050000003974
70050000003975
70050000003976
70050000003977
70050000003978
70050000003979
70050000003980
70050000003982
70050000003983
70050000003984
70050000003985
70050000003986
70050000003987
70050000003988
70050000003989
70050000003990
70050000003991
70050000003992
70050000003993
70050000003994
70050000003995
70050000003996
70050000003997
70050000003998
70050000003999
70050000004000
70050000004001
70050000004003
70050000004004
70050000004005
70050000004006
70050000004007
70050000004008
70050000004009
70050000004010
70050000004011
70050000004012
70050000004013
70050000004014
70050000004015
70050000004016
70050000004017
70050000004018
70050000004019
70050000004020
70050000004023
70050000004024
70050000004025
70050000004026
70050000004027
70050000004028
70050000004029
70050000004030
70050000004031
70050000004032
70050000004033
70050000004034
70050000004035
70050000004036
70050000004037
70050000004038
70050000004039
70050000004040
70050000004052
70050000004053
70050000004054
70050000004055
70050000004056
70050000004057
70050000004058
70050000004059
70050000004060
70050000004061
70050000004062
70050000004064
70050000004065
70050000004066
70050000004067
70050000004068
70050000004069
70050000004070
70050000004071
70050000004072
70050000004073
70050000004074
70050000004075
70050000004076
70050000004077
70050000004078
70050000004079
70050000004080
70050000004099
70050000004105
70050000004106
70050000004107
70050000004108
70050000004109
70050000004110
70050000004111
70050000004112
70050000004113
70050000004114
70050000004115
70050000004116
70050000004117
70050000004118
70050000004119
70050000004120
70050000004122
70050000004123
70050000004124
70050000004125
70050000004126
70050000004127
70050000004128
70050000004129
70050000004130
70050000004131
70050000004132
70050000004133
70050000004134
70050000004135
70050000004136
70050000004137
70050000004138
70050000004139
70050000004140
70050000004156
70050000004157
70050000004158
70050000004159
70050000004160
70050000004167
70050000004168
70050000004169
70050000004170
70050000004171
70050000004172
70050000004173
70050000004174
70050000004175
70050000004176
70050000004177
70050000004178
70050000004179
70050000004180
70050000004181
70050000004182
70050000004183
70050000004184
70050000004185
70050000004186
70050000004187
70050000004188
70050000004189
70050000004190
70050000004191
70050000004192
70050000004193
70050000004194
70050000004195
70050000004196
70050000004197
70050000004198
70050000004199
70050000004200
70050000004205
70050000004208
70050000004216
70050000004217
70050000004218
70050000004219
70050000004220
70050000004232
70050000004233
70050000004234
70050000004235
70050000004236
70050000004237
70050000004238
70050000004239
70050000004240
70050000004243
70050000004244
70050000004245
70050000004246
70050000004247
70050000004248
70050000004249
70050000004250
70050000004251
70050000004252
70050000004253
70050000004254
70050000004255
70050000004256
70050000004257
70050000004258
70050000004259
70050000004260
70050000004273
70050000004274
70050000004275
70050000004276
70050000004277
70050000004278
70050000004279
70050000004280
70050000004281
70050000004284
70050000004285
70050000004286
70050000004287
70050000004288
70050000004289
70050000004290
70050000004291
70050000004292
70050000004293
70050000004294
70050000004295
70050000004296
70050000004297
70050000004298
70050000004299
70050000004300
70050000004302
70050000004303
70050000004304
70050000004305
70050000004306
70050000004307
70050000004308
70050000004309
70050000004310
70050000004311
70050000004312
70050000004313
70050000004314
70050000004315
70050000004316
70050000004317
70050000004318
70050000004319
70050000004320
70050000004323
70050000004324
70050000004325
70050000004326
70050000004327
70050000004328
70050000004329
70050000004330
70050000004331
70050000004332
70050000004333
70050000004334
70050000004335
70050000004336
70050000004337
70050000004338
70050000004339
70050000004340
70050000004342
70050000004343
70050000004344
70050000004345
70050000004346
70050000004347
70050000004348
70050000004349
70050000004350
70050000004351
70050000004352
70050000004353
70050000004354
70050000004355
70050000004356
70050000004357
70050000004358
70050000004359
70050000004360
70050000004367
70050000004368
70050000004369
70050000004370
70050000004371
70050000004372
70050000004373
70050000004374
70050000004375
70050000004376
70050000004377
70050000004378
70050000004379
70050000004380
70050000004393
70050000004394
70050000004395
70050000004396
70050000004397
70050000004398
70050000004399
70050000004400
70050000004401
70050000004402
70050000004403
70050000004404
70050000004405
70050000004406
70050000004407
70050000004408
70050000004409
70050000004410
70050000004411
70050000004412
70050000004413
70050000004414
70050000004415
70050000004416
70050000004417
70050000004418
70050000004419
70050000004420
70050000004422
70050000004423
70050000004424
70050000004425
70050000004426
70050000004427
70050000004428
70050000004429
70050000004430
70050000004431
70050000004432
70050000004433
70050000004434
70050000004435
70050000004436
70050000004437
70050000004438
70050000004439
70050000004440
70050000004449
70050000004450
70050000004451
70050000004452
70050000004453
70050000004454
70050000004455
70050000004456
70050000004457
70050000004458
70050000004459
70050000004460
70050000004465
70050000004466
70050000004467
70050000004468
70050000004469
70050000004470
70050000004471
70050000004472
70050000004473
70050000004474
70050000004475
70050000004476
70050000004477
70050000004478
70050000004479
70050000004480
70050000004483
70050000004484
70050000004485
70050000004486
70050000004487
70050000004488
70050000004489
70050000004490
70050000004491
70050000004492
70050000004493
70050000004494
70050000004495
70050000004496
70050000004497
70050000004498
70050000004499
70050000004500
70050000004502
70050000004503
70050000004504
70050000004505
70050000004506
70050000004507
70050000004508
70050000004509
70050000004510
70050000004511
70050000004512
70050000004513
70050000004514
70050000004515
70050000004516
70050000004517
70050000004518
70050000004519
70050000004520
70050000004522
70050000004523
70050000004524
70050000004525
70050000004526
70050000004527
70050000004528
70050000004529
70050000004530
70050000004531
70050000004532
70050000004533
70050000004534
70050000004535
70050000004536
70050000004537
70050000004538
70050000004539
70050000004540
70050000004542
70050000004543
70050000004544
70050000004545
70050000004546
70050000004547
70050000004548
70050000004549
70050000004550
70050000004551
70050000004552
70050000004553
70050000004554
70050000004555
70050000004556
70050000004557
70050000004558
70050000004559
70050000004560
70050000004561
70050000004562
70050000004563
70050000004564
70050000004565
70050000004566
70050000004567
70050000004568
70050000004569
70050000004570
70050000004571
70050000004572
70050000004573
70050000004574
70050000004575
70050000004576
70050000004577
70050000004578
70050000004579
70050000004580
70050000004583
70050000004584
70050000004585
70050000004586
70050000004587
70050000004588
70050000004589
70050000004590
70050000004591
70050000004592
70050000004593
70050000004594
70050000004595
70050000004596
70050000004597
70050000004598
70050000004599
70050000004600
70050000004605
70050000004606
70050000004607
70050000004608
70050000004609
70050000004610
70050000004611
70050000004612
70050000004613
70050000004614
70050000004615
70050000004616
70050000004617
70050000004618
70050000004619
70050000004620
70050000004623
70050000004624
70050000004625
70050000004626
70050000004627
70050000004628
70050000004629
70050000004630
70050000004631
70050000004632
70050000004633
70050000004634
70050000004635
70050000004636
70050000004637
70050000004638
70050000004639
70050000004640
70050000004641
70050000004642
70050000004643
70050000004644
70050000004645
70050000004646
70050000004647
70050000004648
70050000004649
70050000004650
70050000004651
70050000004652
70050000004653
70050000004654
70050000004655
70050000004656
70050000004657
70050000004658
70050000004659
70050000004660
70050000004661
70050000004664
70050000004665
70050000004666
70050000004667
70050000004668
70050000004669
70050000004670
70050000004671
70050000004672
70050000004673
70050000004674
70050000004675
70050000004676
70050000004677
70050000004678
70050000004679
70050000004680
70050000004682
70050000004683
70050000004684
70050000004685
70050000004686
70050000004687
70050000004688
70050000004689
70050000004690
70050000004691
70050000004692
70050000004693
70050000004694
70050000004695
70050000004696
70050000004697
70050000004698
70050000004699
70050000004700
70050000004705
70050000004706
70050000004707
70050000004708
70050000004709
70050000004710
70050000004711
70050000004712
70050000004713
70050000004714
70050000004715
70050000004716
70050000004717
70050000004718
70050000004719
70050000004720
70050000004723
70050000004724
70050000004725
70050000004726
70050000004727
70050000004728
70050000004729
70050000004730
70050000004731
70050000004732
70050000004733
70050000004734
70050000004735
70050000004736
70050000004737
70050000004738
70050000004739
70050000004740
70050000004747
70050000004748
70050000004749
70050000004750
70050000004751
70050000004752
70050000004753
70050000004754
70050000004755
70050000004756
70050000004757
70050000004758
70050000004759
70050000004760
70050000004761
70050000004762
70050000004764
70050000004765
70050000004766
70050000004767
70050000004768
70050000004769
70050000004770
70050000004771
70050000004772
70050000004773
70050000004774
70050000004775
70050000004776
70050000004777
70050000004778
70050000004779
70050000004780
70050000004786
70050000004787
70050000004788
70050000004789
70050000004790
70050000004791
70050000004792
70050000004793
70050000004794
70050000004795
70050000004796
70050000004797
70050000004798
70050000004799
70050000004800
70050000004804
70050000004805
70050000004806
70050000004807
70050000004808
70050000004809
70050000004810
70050000004811
70050000004812
70050000004813
70050000004814
70050000004815
70050000004816
70050000004817
70050000004818
70050000004819
70050000004820
70050000004840
70050000004847
70050000004848
70050000004849
70050000004850
70050000004851
70050000004852
70050000004853
70050000004854
70050000004855
70050000004856
70050000004857
70050000004858
70050000004859
70050000004860
70050000004869
70050000004870
70050000004871
70050000004872
70050000004873
70050000004874
70050000004875
70050000004876
70050000004877
70050000004878
70050000004879
70050000004880
70050000004884
70050000004885
70050000004886
70050000004887
70050000004888
70050000004889
70050000004890
70050000004891
70050000004892
70050000004893
70050000004894
70050000004895
70050000004896
70050000004897
70050000004898
70050000004899
70050000004900
70050000004902
70050000004903
70050000004904
70050000004905
70050000004906
70050000004907
70050000004908
70050000004909
70050000004910
70050000004911
70050000004912
70050000004913
70050000004914
70050000004915
70050000004916
70050000004917
70050000004918
70050000004919
70050000004920
70050000004936
70050000004937
70050000004938
70050000004939
70050000004940
70050000004941
70050000004951
70050000004952
70050000004953
70050000004954
70050000004955
70050000004956
70050000004957
70050000004958
70050000004959
70050000004960
70050000004963
70050000004964
70050000004965
70050000004966
70050000004967
70050000004968
70050000004969
70050000004970
70050000004971
70050000004972
70050000004973
70050000004974
70050000004975
70050000004976
70050000004977
70050000004978
70050000004979
70050000004980
70050000004982
70050000004983
70050000004984
70050000004985
70050000004986
70050000004987
70050000004988
70050000004989
70050000004990
70050000004991
70050000004992
70050000004993
70050000004994
70050000004995
70050000004996
70050000004997
70050000004998
70050000004999
70050000005000
70050000005042
70050000005043
70050000005044
70050000005045
70050000005046
70050000005047
70050000005048
70050000005049
70050000005050
70050000005051
70050000005052
70050000005053
70050000005054
70050000005055
70050000005056
70050000005057
70050000005058
70050000005059
70050000005060
70050000005062
70050000005063
70050000005064
70050000005065
70050000005066
70050000005067
70050000005068
70050000005069
70050000005070
70050000005071
70050000005072
70050000005073
70050000005074
70050000005075
70050000005076
70050000005077
70050000005078
70050000005079
70050000005080
70050000005081
70050000005090
70050000005091
70050000005092
70050000005093
70050000005094
70050000005095
70050000005096
70050000005097
70050000005098
70050000005099
70050000005100
70050000005108
70050000005109
70050000005110
70050000005111
70050000005112
70050000005113
70050000005114
70050000005115
70050000005116
70050000005117
70050000005118
70050000005119
70050000005120
70050000005137
70050000005138
70050000005139
70050000005140
70050000005141
70050000005145
70050000005146
70050000005147
70050000005148
70050000005149
70050000005150
70050000005151
70050000005152
70050000005153
70050000005154
70050000005155
70050000005156
70050000005157
70050000005158
70050000005159
70050000005160
70050000005161
70050000005162
70050000005163
70050000005164
70050000005165
70050000005166
70050000005167
70050000005168
70050000005169
70050000005170
70050000005171
70050000005172
70050000005173
70050000005174
70050000005175
70050000005176
70050000005177
70050000005178
70050000005179
70050000005180
70050000005187
70050000005189
70050000005191
70050000005192
70050000005199
70050000005200
70050000005203
70050000005204
70050000005205
70050000005206
70050000005207
70050000005208
70050000005209
70050000005210
70050000005211
70050000005212
70050000005213
70050000005214
70050000005215
70050000005216
70050000005217
70050000005218
70050000005219
70050000005220
70050000005224
70050000005225
70050000005226
70050000005227
70050000005228
70050000005229
70050000005230
70050000005231
70050000005232
70050000005233
70050000005234
70050000005235
70050000005236
70050000005237
70050000005238
70050000005239
70050000005240
70050000005242
70050000005243
70050000005244
70050000005245
70050000005246
70050000005247
70050000005248
70050000005249
70050000005250
70050000005251
70050000005252
70050000005253
70050000005254
70050000005255
70050000005256
70050000005257
70050000005258
70050000005259
70050000005260
70050000005262
70050000005263
70050000005264
70050000005265
70050000005266
70050000005267
70050000005268
70050000005269
70050000005270
70050000005271
70050000005272
70050000005273
70050000005274
70050000005275
70050000005276
70050000005277
70050000005278
70050000005279
70050000005280
70050000005283
70050000005284
70050000005285
70050000005286
70050000005287
70050000005288
70050000005289
70050000005290
70050000005291
70050000005292
70050000005293
70050000005294
70050000005295
70050000005296
70050000005297
70050000005298
70050000005299
70050000005300
70050000005302
70050000005303
70050000005304
70050000005305
70050000005306
70050000005307
70050000005308
70050000005309
70050000005310
70050000005311
70050000005312
70050000005313
70050000005314
70050000005315
70050000005316
70050000005317
70050000005318
70050000005319
70050000005320
70050000005330
70050000005331
70050000005332
70050000005333
70050000005334
70050000005335
70050000005336
70050000005337
70050000005338
70050000005339
70050000005340
70050000005353
70050000005354
70050000005355
70050000005356
70050000005357
70050000005358
70050000005359
70050000005360
70050000005363
70050000005364
70050000005365
70050000005366
70050000005367
70050000005368
70050000005369
70050000005370
70050000005371
70050000005372
70050000005373
70050000005374
70050000005375
70050000005376
70050000005377
70050000005378
70050000005379
70050000005380
70050000005382
70050000005383
70050000005384
70050000005385
70050000005386
70050000005387
70050000005388
70050000005389
70050000005390
70050000005391
70050000005392
70050000005393
70050000005394
70050000005395
70050000005396
70050000005397
70050000005398
70050000005399
70050000005400
70050000005416
70050000005417
70050000005418
70050000005419
70050000005420
70050000005424
70050000005425
70050000005426
70050000005427
70050000005428
70050000005429
70050000005430
70050000005431
70050000005432
70050000005433
70050000005434
70050000005435
70050000005436
70050000005437
70050000005438
70050000005439
70050000005440
70050000005443
70050000005444
70050000005445
70050000005446
70050000005447
70050000005448
70050000005449
70050000005450
70050000005451
70050000005452
70050000005453
70050000005454
70050000005455
70050000005456
70050000005457
70050000005458
70050000005459
70050000005460
70050000005461
70050000005462
70050000005463
70050000005464
70050000005465
70050000005466
70050000005467
70050000005468
70050000005469
70050000005470
70050000005471
70050000005472
70050000005473
70050000005474
70050000005475
70050000005476
70050000005477
70050000005478
70050000005479
70050000005480
70050000005483
70050000005484
70050000005485
70050000005486
70050000005487
70050000005488
70050000005489
70050000005490
70050000005491
70050000005492
70050000005493
70050000005494
70050000005495
70050000005496
70050000005497
70050000005498
70050000005499
70050000005500
70050000005508
70050000005509
70050000005510
70050000005511
70050000005512
70050000005513
70050000005514
70050000005515
70050000005516
70050000005517
70050000005518
70050000005519
70050000005520
70050000005527
70050000005528
70050000005529
70050000005530
70050000005531
70050000005532
70050000005533
70050000005534
70050000005535
70050000005536
70050000005537
70050000005538
70050000005539
70050000005540
70050000005577
70050000005578
70050000005628
70050000005629
70050000005630
70050000005631
70050000005632
70050000005633
70050000005634
70050000005635
70050000005636
70050000005637
70050000005638
70050000005639
70050000005640
70050000005641
70050000005663
70050000005664
70050000005665
70050000005666
70050000005667
70050000005668
70050000005669
70050000005670
70050000005671
70050000005672
70050000005673
70050000005674
70050000005675
70050000005676
70050000005677
70050000005678
70050000005679
70050000005680
70050000005693
70050000005694
70050000005695
70050000005696
70050000005697
70050000005698
70050000005699
70050000005700
70050000005701
70050000005714
70050000005733
70050000005734
70050000005735
70050000005736
70050000005737
70050000005738
70050000005739
70050000005740
70050000005743
70050000005748
70050000005759
70050000005760
70050000005761
70050000005762
70050000005763
70050000005764
70050000005765
70050000005766
70050000005767
70050000005768
70050000005769
70050000005770
70050000005771
70050000005772
70050000005773
70050000005774
70050000005775
70050000005776
70050000005777
70050000005778
70050000005779
70050000005780
70050000005787
70050000005788
70050000005789
70050000005790
70050000005791
70050000005792
70050000005793
70050000005794
70050000005795
70050000005796
70050000005797
70050000005798
70050000005799
70050000005800
70050000005804
70050000005805
70050000005806
70050000005807
70050000005808
70050000005809
70050000005810
70050000005811
70050000005812
70050000005813
70050000005814
70050000005815
70050000005816
70050000005817
70050000005818
70050000005819
70050000005820
70050000005825
70050000005826
70050000005827
70050000005828
70050000005829
70050000005830
70050000005831
70050000005832
70050000005833
70050000005834
70050000005835
70050000005836
70050000005837
70050000005838
70050000005839
70050000005840
70050000005847
70050000005848
70050000005849
70050000005850
70050000005851
70050000005852
70050000005853
70050000005854
70050000005855
70050000005856
70050000005857
70050000005858
70050000005859
70050000005860
70050000005874
70050000005875
70050000005876
70050000005877
70050000005878
70050000005879
70050000005880
70050000005881
70050000005882
70050000005883
70050000005884
70050000005885
70050000005886
70050000005887
70050000005888
70050000005889
70050000005890
70050000005891
70050000005892
70050000005893
70050000005894
70050000005895
70050000005896
70050000005897
70050000005898
70050000005899
70050000005900
70050000005915
70050000005916
70050000005917
70050000005918
70050000005919
70050000005920
70050000005922
70050000005923
70050000005924
70050000005925
70050000005926
70050000005927
70050000005928
70050000005929
70050000005930
70050000005931
70050000005932
70050000005933
70050000005934
70050000005935
70050000005936
70050000005937
70050000005938
70050000005939
70050000005940
70050000005945
70050000005946
70050000005947
70050000005948
70050000005949
70050000005950
70050000005951
70050000005952
70050000005953
70050000005954
70050000005955
70050000005956
70050000005957
70050000005958
70050000005959
70050000005960
70050000005961
70050000005965
70050000005966
70050000005967
70050000005968
70050000005969
70050000005970
70050000005971
70050000005972
70050000005973
70050000005974
70050000005975
70050000005976
70050000005977
70050000005978
70050000005979
70050000005980
70050000005991
70050000005992
70050000006010
70050000006011
70050000006012
70050000006013
70050000006014
70050000006015
70050000006016
70050000006017
70050000006018
70050000006019
70050000006020
70050000006022
70050000006023
70050000006024
70050000006025
70050000006026
70050000006027
70050000006028
70050000006029
70050000006030
70050000006031
70050000006032
70050000006033
70050000006034
70050000006035
70050000006036
70050000006037
70050000006038
70050000006039
70050000006040
70050000006058
70050000006059
70050000006060
70050000006067
70050000006068
70050000006069
70050000006070
70050000006071
70050000006072
70050000006073
70050000006074
70050000006075
70050000006076
70050000006077
70050000006078
70050000006079
70050000006080
70050000006081
70050000006084
70050000006085
70050000006086
70050000006087
70050000006088
70050000006089
70050000006090
70050000006091
70050000006092
70050000006093
70050000006094
70050000006095
70050000006096
70050000006097
70050000006098
70050000006099
70050000006100
70050000006105
70050000006106
70050000006107
70050000006108
70050000006109
70050000006110
70050000006111
70050000006112
70050000006113
70050000006114
70050000006115
70050000006116
70050000006117
70050000006118
70050000006119
70050000006120
70050000006121
70050000006122
70050000006123
70050000006124
70050000006125
70050000006126
70050000006127
70050000006128
70050000006129
70050000006130
70050000006131
70050000006132
70050000006133
70050000006134
70050000006135
70050000006136
70050000006137
70050000006138
70050000006139
70050000006140
70050000006152
70050000006153
70050000006154
70050000006155
70050000006156
70050000006157
70050000006158
70050000006159
70050000006160
70050000006165
70050000006166
70050000006167
70050000006168
70050000006169
70050000006170
70050000006171
70050000006172
70050000006173
70050000006174
70050000006175
70050000006176
70050000006177
70050000006178
70050000006179
70050000006180
70050000006183
70050000006184
70050000006185
70050000006186
70050000006187
70050000006188
70050000006189
70050000006190
70050000006191
70050000006192
70050000006193
70050000006194
70050000006195
70050000006196
70050000006197
70050000006198
70050000006199
70050000006200
70050000006201
70050000006202
70050000006208
70050000006209
70050000006215
70050000006216
70050000006217
70050000006218
70050000006219
70050000006220
70050000006222
70050000006223
70050000006224
70050000006225
70050000006226
70050000006227
70050000006228
70050000006229
70050000006230
70050000006231
70050000006232
70050000006233
70050000006234
70050000006235
70050000006236
70050000006237
70050000006238
70050000006239
70050000006240
70050000006247
70050000006248
70050000006249
70050000006250
70050000006251
70050000006252
70050000006253
70050000006254
70050000006255
70050000006256
70050000006257
70050000006258
70050000006259
70050000006260
70050000006263
70050000006264
70050000006265
70050000006266
70050000006267
70050000006268
70050000006269
70050000006270
70050000006271
70050000006272
70050000006273
70050000006274
70050000006275
70050000006276
70050000006277
70050000006278
70050000006279
70050000006280
70050000006287
70050000006288
70050000006289
70050000006290
70050000006291
70050000006292
70050000006293
70050000006294
70050000006295
70050000006296
70050000006297
70050000006298
70050000006299
70050000006300
70050000006301
70050000006302
70050000006303
70050000006304
70050000006305
70050000006306
70050000006307
70050000006308
70050000006309
70050000006310
70050000006311
70050000006312
70050000006313
70050000006314
70050000006315
70050000006316
70050000006317
70050000006318
70050000006319
70050000006320
70050000006324
70050000006325
70050000006326
70050000006327
70050000006328
70050000006329
70050000006330
70050000006331
70050000006332
70050000006333
70050000006334
70050000006335
70050000006336
70050000006337
70050000006338
70050000006339
70050000006340
70050000006342
70050000006343
70050000006344
70050000006345
70050000006346
70050000006347
70050000006348
70050000006349
70050000006350
70050000006351
70050000006352
70050000006353
70050000006354
70050000006355
70050000006356
70050000006357
70050000006358
70050000006359
70050000006360
70050000006361
70050000006363
70050000006364
70050000006365
70050000006366
70050000006367
70050000006368
70050000006369
70050000006370
70050000006371
70050000006372
70050000006373
70050000006374
70050000006375
70050000006376
70050000006377
70050000006378
70050000006379
70050000006380
70050000006383
70050000006384
70050000006385
70050000006386
70050000006387
70050000006388
70050000006389
70050000006390
70050000006391
70050000006392
70050000006393
70050000006394
70050000006395
70050000006396
70050000006397
70050000006398
70050000006399
70050000006400
70050000006401
70050000006402
70050000006403
70050000006404
70050000006405
70050000006406
70050000006407
70050000006408
70050000006409
70050000006410
70050000006411
70050000006412
70050000006413
70050000006414
70050000006415
70050000006416
70050000006417
70050000006418
70050000006419
70050000006420
70050000006485
70050000006486
70050000006487
70050000006488
70050000006489
70050000006490
70050000006491
70050000006492
70050000006493
70050000006494
70050000006495
70050000006496
70050000006497
70050000006498
70050000006499
70050000006500
70050000006502
70050000006506
70050000006555
70050000006556
70050000006557
70050000006558
70050000006559
70050000006560
70050000006572
70050000006573
70050000006574
70050000006575
70050000006576
70050000006577
70050000006578
70050000006579
70050000006580
70050000006581
70050000006582
70050000006583
70050000006584
70050000006585
70050000006586
70050000006587
70050000006588
70050000006589
70050000006590
70050000006591
70050000006592
70050000006593
70050000006594
70050000006595
70050000006596
70050000006597
70050000006598
70050000006599
70050000006600
70050000006606
70050000006616
70050000006617
70050000006618
70050000006619
70050000006620
70050000006631
70050000006632
70050000006633
70050000006634
70050000006635
70050000006636
70050000006637
70050000006638
70050000006639
70050000006640
70050000006651
70050000006652
70050000006653
70050000006654
70050000006655
70050000006656
70050000006657
70050000006658
70050000006659
70050000006660
70050000006661
70050000006662
70050000006663
70050000006664
70050000006665
70050000006666
70050000006667
70050000006668
70050000006669
70050000006670
70050000006671
70050000006672
70050000006673
70050000006674
70050000006675
70050000006676
70050000006677
70050000006678
70050000006679
70050000006680
70050000006690
70050000006691
70050000006692
70050000006693
70050000006694
70050000006695
70050000006696
70050000006697
70050000006698
70050000006699
70050000006700
70050000006703
70050000006704
70050000006705
70050000006706
70050000006707
70050000006708
70050000006709
70050000006710
70050000006711
70050000006712
70050000006713
70050000006714
70050000006715
70050000006716
70050000006717
70050000006718
70050000006719
70050000006720
70050000006722
70050000006724
70050000006725
70050000006726
70050000006727
70050000006728
70050000006729
70050000006730
70050000006731
70050000006732
70050000006733
70050000006734
70050000006735
70050000006736
70050000006737
70050000006738
70050000006739
70050000006740
70050000006742
70050000006743
70050000006744
70050000006745
70050000006746
70050000006747
70050000006748
70050000006749
70050000006750
70050000006751
70050000006752
70050000006753
70050000006754
70050000006755
70050000006756
70050000006757
70050000006758
70050000006759
70050000006760
70050000006762
70050000006763
70050000006764
70050000006765
70050000006766
70050000006767
70050000006768
70050000006769
70050000006770
70050000006771
70050000006772
70050000006773
70050000006774
70050000006775
70050000006776
70050000006777
70050000006778
70050000006779
70050000006780
70050000006784
70050000006785
70050000006786
70050000006787
70050000006788
70050000006789
70050000006790
70050000006791
70050000006792
70050000006793
70050000006794
70050000006795
70050000006796
70050000006797
70050000006798
70050000006799
70050000006800
70050000006807
70050000006808
70050000006809
70050000006810
70050000006811
70050000006812
70050000006813
70050000006814
70050000006815
70050000006816
70050000006817
70050000006818
70050000006819
70050000006820
70050000006822
70050000006823
70050000006824
70050000006825
70050000006826
70050000006827
70050000006828
70050000006829
70050000006830
70050000006831
70050000006832
70050000006833
70050000006834
70050000006835
70050000006836
70050000006837
70050000006838
70050000006839
70050000006840
70050000006852
70050000006853
70050000006854
70050000006855
70050000006856
70050000006857
70050000006858
70050000006859
70050000006860
70050000006883
70050000006884
70050000006885
70050000006886
70050000006887
70050000006888
70050000006889
70050000006890
70050000006891
70050000006892
70050000006893
70050000006894
70050000006895
70050000006896
70050000006897
70050000006898
70050000006899
70050000006900
70050000006903
70050000006904
70050000006905
70050000006906
70050000006907
70050000006908
70050000006909
70050000006910
70050000006911
70050000006912
70050000006913
70050000006914
70050000006915
70050000006916
70050000006917
70050000006918
70050000006919
70050000006920
70050000006922
70050000006923
70050000006924
70050000006925
70050000006926
70050000006927
70050000006928
70050000006929
70050000006930
70050000006931
70050000006932
70050000006933
70050000006934
70050000006935
70050000006936
70050000006937
70050000006938
70050000006939
70050000006940
70050000006943
70050000006944
70050000006945
70050000006946
70050000006947
70050000006948
70050000006949
70050000006950
70050000006951
70050000006952
70050000006953
70050000006954
70050000006955
70050000006956
70050000006957
70050000006958
70050000006959
70050000006960
70050000006962
70050000006963
70050000006964
70050000006965
70050000006966
70050000006967
70050000006968
70050000006969
70050000006970
70050000006971
70050000006972
70050000006973
70050000006974
70050000006975
70050000006976
70050000006977
70050000006978
70050000006979
70050000006980
70050000006982
70050000006983
70050000006984
70050000006985
70050000006986
70050000006987
70050000006988
70050000006989
70050000006990
70050000006991
70050000006992
70050000006993
70050000006994
70050000006995
70050000006996
70050000006997
70050000006998
70050000006999
70050000007000
70050000007010
70050000007011
70050000007012
70050000007013
70050000007014
70050000007015
70050000007016
70050000007017
70050000007018
70050000007019
70050000007020
70050000007022
70050000007023
70050000007024
70050000007025
70050000007026
70050000007027
70050000007028
70050000007029
70050000007030
70050000007031
70050000007032
70050000007033
70050000007034
70050000007035
70050000007036
70050000007037
70050000007038
70050000007039
70050000007040
70050000007042
70050000007043
70050000007044
70050000007045
70050000007046
70050000007047
70050000007048
70050000007049
70050000007050
70050000007051
70050000007052
70050000007053
70050000007054
70050000007055
70050000007056
70050000007057
70050000007058
70050000007059
70050000007060
70050000007063
70050000007064
70050000007066
70050000007067
70050000007068
70050000007069
70050000007070
70050000007071
70050000007072
70050000007073
70050000007074
70050000007075
70050000007076
70050000007077
70050000007078
70050000007079
70050000007080
70050000007097
70050000007098
70050000007099
70050000007100
70050000007104
70050000007105
70050000007117
70050000007118
70050000007119
70050000007120
70050000007126
70050000007127
70050000007128
70050000007129
70050000007130
70050000007131
70050000007132
70050000007133
70050000007134
70050000007135
70050000007136
70050000007137
70050000007138
70050000007139
70050000007140
70050000007143
70050000007144
70050000007145
70050000007146
70050000007147
70050000007148
70050000007149
70050000007150
70050000007151
70050000007152
70050000007153
70050000007154
70050000007155
70050000007156
70050000007157
70050000007158
70050000007159
70050000007160
70050000007169
70050000007170
70050000007171
70050000007172
70050000007173
70050000007174
70050000007175
70050000007176
70050000007177
70050000007178
70050000007179
70050000007180
70050000007181
70050000007190
70050000007191
70050000007192
70050000007193
70050000007194
70050000007195
70050000007196
70050000007197
70050000007198
70050000007199
70050000007200
70050000007210
70050000007211
70050000007214
70050000007215
70050000007216
70050000007217
70050000007218
70050000007219
70050000007220
70050000007224
70050000007225
70050000007226
70050000007227
70050000007228
70050000007229
70050000007230
70050000007231
70050000007232
70050000007233
70050000007234
70050000007235
70050000007236
70050000007237
70050000007238
70050000007239
70050000007240
70050000007248
70050000007249
70050000007250
70050000007251
70050000007252
70050000007253
70050000007254
70050000007255
70050000007256
70050000007257
70050000007258
70050000007259
70050000007260
70050000007267
70050000007268
70050000007269
70050000007270
70050000007271
70050000007272
70050000007273
70050000007274
70050000007275
70050000007276
70050000007277
70050000007278
70050000007279
70050000007280
70050000007290
70050000007291
70050000007292
70050000007293
70050000007294
70050000007295
70050000007296
70050000007297
70050000007298
70050000007299
70050000007300
70050000007307
70050000007308
70050000007309
70050000007310
70050000007311
70050000007312
70050000007313
70050000007314
70050000007315
70050000007316
70050000007317
70050000007318
70050000007319
70050000007320
70050000007325
70050000007326
70050000007327
70050000007328
70050000007329
70050000007330
70050000007331
70050000007332
70050000007333
70050000007334
70050000007335
70050000007336
70050000007337
70050000007338
70050000007339
70050000007340
70050000007351
70050000007352
70050000007353
70050000007354
70050000007355
70050000007356
70050000007357
70050000007358
70050000007359
70050000007360
70050000007366
70050000007367
70050000007368
70050000007369
70050000007370
70050000007371
70050000007372
70050000007373
70050000007374
70050000007375
70050000007376
70050000007377
70050000007378
70050000007379
70050000007380
70050000007416
70050000007417
70050000007418
70050000007419
70050000007420
70050000007422
70050000007423
70050000007424
70050000007425
70050000007426
70050000007427
70050000007428
70050000007429
70050000007430
70050000007431
70050000007432
70050000007433
70050000007434
70050000007435
70050000007436
70050000007437
70050000007438
70050000007439
70050000007440
70050000007442
70050000007443
70050000007444
70050000007445
70050000007446
70050000007447
70050000007448
70050000007449
70050000007450
70050000007451
70050000007452
70050000007453
70050000007454
70050000007455
70050000007456
70050000007457
70050000007458
70050000007459
70050000007460
70050000007463
70050000007464
70050000007465
70050000007466
70050000007467
70050000007468
70050000007469
70050000007470
70050000007471
70050000007472
70050000007473
70050000007474
70050000007475
70050000007476
70050000007477
70050000007478
70050000007479
70050000007480
70050000007485
70050000007486
70050000007487
70050000007488
70050000007489
70050000007490
70050000007491
70050000007492
70050000007493
70050000007494
70050000007495
70050000007496
70050000007497
70050000007498
70050000007499
70050000007500
70050000007503
70050000007504
70050000007505
70050000007506
70050000007507
70050000007508
70050000007509
70050000007510
70050000007511
70050000007512
70050000007513
70050000007514
70050000007515
70050000007516
70050000007517
70050000007518
70050000007519
70050000007520
70050000007536
70050000007537
70050000007551
70050000007568
70050000007569
70050000007570
70050000007571
70050000007572
70050000007573
70050000007574
70050000007575
70050000007576
70050000007577
70050000007578
70050000007579
70050000007580
70050000007593
70050000007594
70050000007595
70050000007596
70050000007597
70050000007598
70050000007599
70050000007600
70050000007606
70050000007607
70050000007608
70050000007609
70050000007610
70050000007611
70050000007612
70050000007613
70050000007614
70050000007615
70050000007616
70050000007617
70050000007618
70050000007619
70050000007620
70050000007718
70050000007719
70050000007720
70050000007732
70050000007733
70050000007734
70050000007737
70050000007738
70050000007739
70050000007740
70050000007744
70050000007745
70050000007759
70050000007760
70050000007761
70050000007762
70050000007763
70050000007764
70050000007765
70050000007766
70050000007767
70050000007768
70050000007769
70050000007770
70050000007771
70050000007772
70050000007773
70050000007774
70050000007775
70050000007776
70050000007777
70050000007778
70050000007779
70050000007780
70050000007782
70050000007783
70050000007784
70050000007785
70050000007786
70050000007787
70050000007788
70050000007789
70050000007790
70050000007791
70050000007792
70050000007793
70050000007794
70050000007795
70050000007796
70050000007797
70050000007798
70050000007799
70050000007800
70050000007802
70050000007804
70050000007805
70050000007806
70050000007838
70050000007839
70050000007840
70050000007842
70050000007843
70050000007844
70050000007845
70050000007846
70050000007847
70050000007848
70050000007849
70050000007850
70050000007851
70050000007852
70050000007853
70050000007854
70050000007855
70050000007856
70050000007857
70050000007858
70050000007859
70050000007860
70050000007894
70050000007895
70050000007896
70050000007897
70050000007898
70050000007899
70050000007900
70050000007908
70050000007910
70050000007912
70050000007925
70050000007926
70050000007927
70050000007928
70050000007929
70050000007930
70050000007931
70050000007932
70050000007933
70050000007934
70050000007935
70050000007936
70050000007937
70050000007938
70050000007939
70050000007940
70050000007949
70050000007950
70050000007951
70050000007952
70050000007953
70050000007954
70050000007955
70050000007956
70050000007957
70050000007958
70050000007959
70050000007960
70050000007966
70050000007967
70050000007968
70050000007969
70050000007970
70050000007971
70050000007972
70050000007973
70050000007974
70050000007975
70050000007976
70050000007977
70050000007978
70050000007979
70050000007980
70050000007984
70050000007985
70050000007986
70050000007987
70050000007988
70050000007989
70050000007990
70050000007991
70050000007992
70050000007993
70050000007994
70050000007995
70050000007996
70050000007997
70050000007998
70050000007999
70050000008000
70050000008013
70050000008014
70050000008015
70050000008016
70050000008017
70050000008018
70050000008019
70050000008020
70050000008022
70050000008023
70050000008024
70050000008025
70050000008026
70050000008027
70050000008028
70050000008029
70050000008030
70050000008031
70050000008032
70050000008033
70050000008034
70050000008035
70050000008036
70050000008037
70050000008038
70050000008039
70050000008040
70050000008042
70050000008043
70050000008044
70050000008045
70050000008046
70050000008047
70050000008048
70050000008049
70050000008050
70050000008051
70050000008052
70050000008053
70050000008054
70050000008055
70050000008056
70050000008057
70050000008058
70050000008059
70050000008060
70050000008072
70050000008073
70050000008074
70050000008075
70050000008076
70050000008077
70050000008084
70050000008137
70050000008138
70050000008139
70050000008140
70050000008165
70050000008166
70050000008167
70050000008168
70050000008169
70050000008170
70050000008171
70050000008172
70050000008173
70050000008174
70050000008175
70050000008176
70050000008177
70050000008178
70050000008179
70050000008180
70050000008184
70050000008185
70050000008186
70050000008187
70050000008188
70050000008189
70050000008190
70050000008191
70050000008192
70050000008193
70050000008194
70050000008195
70050000008196
70050000008197
70050000008198
70050000008199
70050000008200
70050000008202
70050000008203
70050000008204
70050000008205
70050000008206
70050000008207
70050000008208
70050000008209
70050000008210
70050000008211
70050000008212
70050000008213
70050000008214
70050000008215
70050000008216
70050000008217
70050000008218
70050000008219
70050000008220
70050000008234
70050000008235
70050000008236
70050000008237
70050000008238
70050000008239
70050000008240
70050000008250
70050000008251
70050000008252
70050000008253
70050000008254
70050000008255
70050000008256
70050000008257
70050000008258
70050000008259
70050000008260
70050000008262
70050000008263
70050000008264
70050000008265
70050000008266
70050000008267
70050000008268
70050000008269
70050000008270
70050000008271
70050000008272
70050000008273
70050000008274
70050000008275
70050000008276
70050000008277
70050000008278
70050000008279
70050000008280
70050000008310
70050000008311
70050000008312
70050000008313
70050000008314
70050000008315
70050000008316
70050000008317
70050000008318
70050000008319
70050000008320
70050000008343
70050000008344
70050000008345
70050000008346
70050000008347
70050000008348
70050000008349
70050000008350
70050000008351
70050000008352
70050000008353
70050000008354
70050000008355
70050000008356
70050000008357
70050000008358
70050000008359
70050000008360
70050000008365
70050000008366
70050000008367
70050000008368
70050000008369
70050000008370
70050000008371
70050000008372
70050000008373
70050000008374
70050000008375
70050000008376
70050000008377
70050000008378
70050000008379
70050000008380
70050000008397
70050000008398
70050000008399
70050000008400
70050000008407
70050000008408
70050000008409
70050000008410
70050000008411
70050000008412
70050000008413
70050000008414
70050000008415
70050000008416
70050000008417
70050000008418
70050000008419
70050000008420
70050000008432
70050000008433
70050000008434
70050000008435
70050000008436
70050000008437
70050000008438
70050000008439
70050000008440
70050000008455
70050000008456
70050000008457
70050000008458
70050000008459
70050000008460
70050000008461
70050000008462
70050000008463
70050000008464
70050000008465
70050000008466
70050000008467
70050000008468
70050000008469
70050000008470
70050000008471
70050000008472
70050000008473
70050000008474
70050000008475
70050000008476
70050000008477
70050000008478
70050000008479
70050000008480
70050000008492
70050000008493
70050000008494
70050000008495
70050000008496
70050000008497
70050000008498
70050000008499
70050000008500
70050000008512
70050000008513
70050000008514
70050000008515
70050000008516
70050000008517
70050000008518
70050000008519
70050000008520
70050000008528
70050000008529
70050000008530
70050000008531
70050000008532
70050000008533
70050000008534
70050000008535
70050000008536
70050000008537
70050000008538
70050000008539
70050000008540
70050000008544
70050000008545
70050000008546
70050000008547
70050000008548
70050000008549
70050000008550
70050000008551
70050000008552
70050000008553
70050000008554
70050000008555
70050000008556
70050000008557
70050000008558
70050000008559
70050000008560
70050000008563
70050000008564
70050000008565
70050000008566
70050000008567
70050000008568
70050000008569
70050000008570
70050000008571
70050000008572
70050000008573
70050000008574
70050000008575
70050000008576
70050000008577
70050000008578
70050000008579
70050000008580
70050000008582
70050000008583
70050000008584
70050000008585
70050000008586
70050000008587
70050000008588
70050000008589
70050000008590
70050000008591
70050000008592
70050000008593
70050000008594
70050000008595
70050000008596
70050000008597
70050000008598
70050000008599
70050000008600
70050000008602
70050000008603
70050000008604
70050000008605
70050000008606
70050000008607
70050000008608
70050000008609
70050000008610
70050000008611
70050000008612
70050000008613
70050000008614
70050000008615
70050000008616
70050000008617
70050000008618
70050000008619
70050000008620
70050000008671
70050000008672
70050000008673
70050000008674
70050000008675
70050000008676
70050000008677
70050000008678
70050000008679
70050000008680
70050000008707
70050000008711
70050000008735
70050000008736
70050000008737
70050000008738
70050000008739
70050000008740
70050000008762
70050000008763
70050000008764
70050000008765
70050000008766
70050000008767
70050000008768
70050000008769
70050000008770
70050000008771
70050000008772
70050000008773
70050000008774
70050000008775
70050000008776
70050000008777
70050000008778
70050000008779
70050000008780
70050000008790
70050000008791
70050000008792
70050000008793
70050000008794
70050000008795
70050000008796
70050000008797
70050000008798
70050000008799
70050000008800
70050000008810
70050000008811
70050000008812
70050000008813
70050000008814
70050000008815
70050000008816
70050000008817
70050000008818
70050000008819
70050000008820
70050000008822
70050000008823
70050000008824
70050000008825
70050000008826
70050000008827
70050000008828
70050000008829
70050000008830
70050000008831
70050000008832
70050000008833
70050000008834
70050000008835
70050000008836
70050000008837
70050000008838
70050000008839
70050000008840
70050000008842
70050000008843
70050000008844
70050000008845
70050000008846
70050000008847
70050000008848
70050000008849
70050000008850
70050000008851
70050000008852
70050000008853
70050000008854
70050000008855
70050000008856
70050000008857
70050000008858
70050000008859
70050000008860
70050000008861
70050000008864
70050000008865
70050000008866
70050000008867
70050000008868
70050000008869
70050000008870
70050000008871
70050000008872
70050000008873
70050000008874
70050000008875
70050000008876
70050000008877
70050000008878
70050000008879
70050000008880
70050000008893
70050000008894
70050000008895
70050000008896
70050000008897
70050000008898
70050000008899
70050000008900
70050000008917
70050000008918
70050000008919
70050000008920
70050000008921
70050000008923
70050000008924
70050000008925
70050000008926
70050000008927
70050000008928
70050000008929
70050000008930
70050000008931
70050000008932
70050000008933
70050000008934
70050000008935
70050000008936
70050000008937
70050000008938
70050000008939
70050000008940
70050000008958
70050000008959
70050000008960
70050000008962
70050000008963
70050000008964
70050000008965
70050000008966
70050000008967
70050000008968
70050000008969
70050000008970
70050000008971
70050000008972
70050000008973
70050000008974
70050000008975
70050000008976
70050000008977
70050000008978
70050000008979
70050000008980
70050000008982
70050000008983
70050000008984
70050000008985
70050000008986
70050000008987
70050000008988
70050000008989
70050000008990
70050000008991
70050000008992
70050000008993
70050000008994
70050000008995
70050000008996
70050000008997
70050000008998
70050000008999
70050000009000
70050000009002
70050000009003
70050000009004
70050000009005
70050000009006
70050000009007
70050000009008
70050000009009
70050000009010
70050000009011
70050000009012
70050000009013
70050000009014
70050000009015
70050000009016
70050000009017
70050000009018
70050000009019
70050000009020
70050000009031
70050000009032
70050000009033
70050000009034
70050000009035
70050000009036
70050000009037
70050000009038
70050000009039
70050000009040
70050000009044
70050000009045
70050000009046
70050000009047
70050000009048
70050000009049
70050000009050
70050000009051
70050000009052
70050000009053
70050000009054
70050000009055
70050000009056
70050000009057
70050000009058
70050000009059
70050000009060
70050000009063
70050000009064
70050000009065
70050000009066
70050000009067
70050000009068
70050000009069
70050000009070
70050000009071
70050000009072
70050000009073
70050000009074
70050000009075
70050000009076
70050000009077
70050000009078
70050000009079
70050000009080
70050000009088
70050000009089
70050000009090
70050000009091
70050000009092
70050000009093
70050000009094
70050000009095
70050000009096
70050000009097
70050000009098
70050000009099
70050000009100
70050000009106
70050000009107
70050000009108
70050000009109
70050000009110
70050000009111
70050000009112
70050000009113
70050000009114
70050000009115
70050000009116
70050000009117
70050000009118
70050000009119
70050000009120
70050000009124
70050000009125
70050000009126
70050000009127
70050000009128
70050000009129
70050000009130
70050000009131
70050000009132
70050000009133
70050000009134
70050000009135
70050000009136
70050000009137
70050000009138
70050000009139
70050000009140
70050000009142
70050000009143
70050000009144
70050000009145
70050000009146
70050000009147
70050000009148
70050000009149
70050000009150
70050000009151
70050000009152
70050000009153
70050000009154
70050000009155
70050000009156
70050000009157
70050000009158
70050000009159
70050000009160
70050000009162
70050000009163
70050000009164
70050000009165
70050000009166
70050000009167
70050000009168
70050000009169
70050000009170
70050000009171
70050000009172
70050000009173
70050000009174
70050000009175
70050000009176
70050000009177
70050000009178
70050000009179
70050000009180
70050000009187
70050000009191
70050000009192
70050000009193
70050000009194
70050000009195
70050000009196
70050000009197
70050000009198
70050000009199
70050000009200
70050000009209
70050000009210
70050000009211
70050000009212
70050000009213
70050000009214
70050000009215
70050000009216
70050000009217
70050000009218
70050000009219
70050000009220
70050000009238
70050000009239
70050000009240
70050000009241
70050000009243
70050000009244
70050000009245
70050000009246
70050000009247
70050000009248
70050000009249
70050000009250
70050000009251
70050000009252
70050000009253
70050000009254
70050000009255
70050000009256
70050000009257
70050000009258
70050000009259
70050000009260
70050000009273
70050000009293
70050000009294
70050000009295
70050000009296
70050000009297
70050000009298
70050000009299
70050000009300
70050000009320
70050000009323
70050000009324
70050000009325
70050000009326
70050000009327
70050000009328
70050000009329
70050000009330
70050000009331
70050000009332
70050000009333
70050000009334
70050000009335
70050000009336
70050000009337
70050000009338
70050000009339
70050000009340
70050000009342
70050000009343
70050000009344
70050000009345
70050000009346
70050000009347
70050000009348
70050000009349
70050000009350
70050000009351
70050000009352
70050000009353
70050000009354
70050000009355
70050000009356
70050000009357
70050000009358
70050000009359
70050000009360
70050000009362
70050000009363
70050000009364
70050000009365
70050000009366
70050000009367
70050000009368
70050000009369
70050000009370
70050000009371
70050000009372
70050000009373
70050000009374
70050000009375
70050000009376
70050000009377
70050000009378
70050000009379
70050000009380
70050000009382
70050000009383
70050000009384
70050000009385
70050000009386
70050000009387
70050000009388
70050000009389
70050000009390
70050000009391
70050000009392
70050000009393
70050000009394
70050000009395
70050000009396
70050000009397
70050000009398
70050000009399
70050000009400
70050000009414
70050000009415
70050000009416
70050000009417
70050000009418
70050000009419
70050000009420
70050000009422
70050000009423
70050000009424
70050000009425
70050000009426
70050000009427
70050000009428
70050000009429
70050000009430
70050000009431
70050000009432
70050000009433
70050000009434
70050000009435
70050000009436
70050000009437
70050000009438
70050000009439
70050000009440
70050000009441
70050000009442
70050000009443
70050000009444
70050000009445
70050000009446
70050000009447
70050000009448
70050000009449
70050000009450
70050000009451
70050000009452
70050000009453
70050000009454
70050000009455
70050000009456
70050000009457
70050000009458
70050000009459
70050000009460
70050000009467
70050000009468
70050000009469
70050000009470
70050000009471
70050000009472
70050000009473
70050000009474
70050000009475
70050000009476
70050000009477
70050000009478
70050000009479
70050000009480
70050000009493
70050000009494
70050000009495
70050000009496
70050000009497
70050000009498
70050000009499
70050000009500
70050000009502
70050000009506
70050000009507
70050000009508
70050000009509
70050000009510
70050000009511
70050000009512
70050000009513
70050000009514
70050000009515
70050000009516
70050000009517
70050000009518
70050000009519
70050000009520
70050000009549
70050000009550
70050000009551
70050000009552
70050000009553
70050000009554
70050000009555
70050000009556
70050000009557
70050000009558
70050000009559
70050000009560
70050000009563
70050000009564
70050000009565
70050000009566
70050000009567
70050000009568
70050000009569
70050000009570
70050000009571
70050000009572
70050000009573
70050000009574
70050000009575
70050000009576
70050000009577
70050000009578
70050000009579
70050000009580
70050000009586
70050000009587
70050000009588
70050000009589
70050000009590
70050000009591
70050000009592
70050000009593
70050000009594
70050000009595
70050000009596
70050000009597
70050000009598
70050000009599
70050000009600
70050000009604
70050000009605
70050000009606
70050000009607
70050000009608
70050000009609
70050000009610
70050000009611
70050000009612
70050000009613
70050000009614
70050000009615
70050000009616
70050000009617
70050000009618
70050000009619
70050000009620
70050000009622
70050000009631
70050000009632
70050000009633
70050000009634
70050000009635
70050000009636
70050000009637
70050000009638
70050000009639
70050000009640
70050000009647
70050000009648
70050000009649
70050000009650
70050000009651
70050000009652
70050000009653
70050000009654
70050000009655
70050000009656
70050000009657
70050000009658
70050000009659
70050000009660
70050000009663
70050000009664
70050000009665
70050000009666
70050000009667
70050000009668
70050000009669
70050000009670
70050000009671
70050000009672
70050000009673
70050000009674
70050000009675
70050000009676
70050000009677
70050000009678
70050000009679
70050000009680
70050000009682
70050000009683
70050000009684
70050000009685
70050000009686
70050000009687
70050000009688
70050000009689
70050000009690
70050000009691
70050000009692
70050000009693
70050000009694
70050000009695
70050000009696
70050000009697
70050000009698
70050000009699
70050000009700
70050000009710
70050000009711
70050000009712
70050000009713
70050000009714
70050000009715
70050000009716
70050000009717
70050000009718
70050000009719
70050000009720
70050000009743
70050000009744
70050000009745
70050000009746
70050000009747
70050000009748
70050000009749
70050000009750
70050000009751
70050000009752
70050000009753
70050000009754
70050000009755
70050000009756
70050000009757
70050000009758
70050000009759
70050000009760
70050000009768
70050000009769
70050000009770
70050000009771
70050000009772
70050000009773
70050000009774
70050000009775
70050000009776
70050000009777
70050000009778
70050000009779
70050000009780
70050000009785
70050000009786
70050000009787
70050000009788
70050000009789
70050000009790
70050000009791
70050000009792
70050000009793
70050000009794
70050000009795
70050000009796
70050000009797
70050000009798
70050000009799
70050000009800
70050000009801
70050000009802
70050000009803
70050000009804
70050000009805
70050000009806
70050000009807
70050000009808
70050000009809
70050000009810
70050000009811
70050000009812
70050000009813
70050000009814
70050000009815
70050000009816
70050000009817
70050000009818
70050000009819
70050000009820
70050000009823
70050000009824
70050000009825
70050000009826
70050000009827
70050000009828
70050000009829
70050000009830
70050000009831
70050000009832
70050000009833
70050000009834
70050000009835
70050000009836
70050000009837
70050000009838
70050000009839
70050000009840
70050000009844
70050000009845
70050000009846
70050000009847
70050000009848
70050000009849
70050000009850
70050000009851
70050000009852
70050000009853
70050000009854
70050000009855
70050000009856
70050000009857
70050000009858
70050000009859
70050000009860
70050000009861
70050000009862
70050000009863
70050000009864
70050000009865
70050000009866
70050000009867
70050000009868
70050000009869
70050000009870
70050000009871
70050000009872
70050000009873
70050000009874
70050000009875
70050000009876
70050000009877
70050000009878
70050000009879
70050000009880
70050000009881
70050000009882
70050000009884
70050000009885
70050000009886
70050000009887
70050000009888
70050000009889
70050000009892
70050000009893
70050000009894
70050000009895
70050000009896
70050000009897
70050000009898
70050000009899
70050000009900
70050000009910
70050000009911
70050000009912
70050000009913
70050000009914
70050000009915
70050000009916
70050000009917
70050000009918
70050000009919
70050000009920
70050000009956
70050000009965
70050000009966
70050000009967
70050000009968
70050000009969
70050000009970
70050000009971
70050000009972
70050000009973
70050000009974
70050000009975
70050000009976
70050000009977
70050000009978
70050000009979
70050000009980
70050000009983
70050000009984
70050000009985
70050000009986
70050000009987
70050000009988
70050000009989
70050000009990
70050000009991
70050000009992
70050000009993
70050000009994
70050000009995
70050000009996
70050000009997
70050000009998
70050000009999
70050000010000
70050000010010
70050000010011
70050000010012
70050000010013
70050000010014
70050000010015
70050000010016
70050000010017
70050000010018
70050000010019
70050000010020
70050000010033
70050000010034
70050000010035
70050000010036
70050000010037
70050000010038
70050000010039
70050000010040
70050000010051
70050000010052
70050000010053
70050000010054
70050000010055
70050000010056
70050000010057
70050000010058
70050000010059
70050000010060
70050000010063
70050000010064
70050000010065
70050000010066
70050000010067
70050000010068
70050000010069
70050000010070
70050000010071
70050000010072
70050000010073
70050000010074
70050000010075
70050000010076
70050000010077
70050000010078
70050000010079
70050000010080
70050000010081
70050000010088
70050000010089
70050000010090
70050000010091
70050000010092
70050000010093
70050000010094
70050000010095
70050000010096
70050000010097
70050000010098
70050000010099
70050000010100
70050000010102
70050000010103
70050000010104
70050000010105
70050000010106
70050000010107
70050000010108
70050000010109
70050000010110
70050000010111
70050000010112
70050000010113
70050000010114
70050000010115
70050000010116
70050000010117
70050000010118
70050000010119
70050000010120
70050000010124
70050000010125
70050000010126
70050000010127
70050000010128
70050000010129
70050000010130
70050000010131
70050000010132
70050000010133
70050000010134
70050000010135
70050000010136
70050000010137
70050000010138
70050000010139
70050000010140
70050000010141
70050000010179
70050000010181
70050000010182
70050000010188
70050000010192
70050000010193
70050000010194
70050000010195
70050000010196
70050000010197
70050000010198
70050000010199
70050000010200
70050000010216
70050000010217
70050000010218
70050000010219
70050000010220
70050000010235
70050000010236
70050000010237
70050000010238
70050000010239
70050000010240
70050000010256
70050000010257
70050000010258
70050000010259
70050000010260
70050000010263
70050000010264
70050000010265
70050000010266
70050000010267
70050000010268
70050000010269
70050000010270
70050000010271
70050000010272
70050000010273
70050000010274
70050000010275
70050000010276
70050000010277
70050000010278
70050000010279
70050000010280
70050000010290
70050000010291
70050000010292
70050000010293
70050000010294
70050000010295
70050000010296
70050000010297
70050000010298
70050000010299
70050000010300
70050000010307
70050000010308
70050000010309
70050000010310
70050000010311
70050000010312
70050000010313
70050000010314
70050000010315
70050000010316
70050000010317
70050000010318
70050000010319
70050000010320
70050000010357
70050000010358
70050000010359
70050000010360
70050000010378
70050000010379
70050000010380
70050000010383
70050000010384
70050000010385
70050000010386
70050000010387
70050000010388
70050000010389
70050000010390
70050000010391
70050000010392
70050000010393
70050000010394
70050000010395
70050000010396
70050000010397
70050000010398
70050000010399
70050000010400
70050000010402
70050000010403
70050000010404
70050000010405
70050000010406
70050000010407
70050000010408
70050000010409
70050000010410
70050000010411
70050000010412
70050000010413
70050000010414
70050000010415
70050000010416
70050000010417
70050000010418
70050000010419
70050000010420
70050000010426
70050000010427
70050000010428
70050000010429
70050000010430
70050000010431
70050000010432
70050000010433
70050000010434
70050000010435
70050000010436
70050000010437
70050000010438
70050000010439
70050000010440
70050000010442
70050000010443
70050000010444
70050000010445
70050000010446
70050000010447
70050000010448
70050000010449
70050000010450
70050000010451
70050000010452
70050000010453
70050000010454
70050000010455
70050000010456
70050000010457
70050000010458
70050000010459
70050000010460
70050000010527
70050000010551
70050000010552
70050000010553
70050000010554
70050000010555
70050000010556
70050000010557
70050000010558
70050000010559
70050000010560
70050000010567
70050000010568
70050000010569
70050000010570
70050000010571
70050000010572
70050000010573
70050000010574
70050000010575
70050000010576
70050000010577
70050000010578
70050000010579
70050000010580
70050000010582
70050000010583
70050000010584
70050000010585
70050000010586
70050000010587
70050000010588
70050000010589
70050000010603
70050000010619
70050000010620
70050000010622
70050000010623
70050000010624
70050000010625
70050000010626
70050000010627
70050000010628
70050000010629
70050000010630
70050000010631
70050000010632
70050000010633
70050000010634
70050000010635
70050000010636
70050000010637
70050000010638
70050000010639
70050000010640
70050000010660
70050000010662
70050000010679
70050000010680
70050000010683
70050000010684
70050000010685
70050000010686
70050000010687
70050000010688
70050000010689
70050000010690
70050000010691
70050000010692
70050000010693
70050000010694
70050000010695
70050000010696
70050000010697
70050000010698
70050000010699
70050000010700
70050000010702
70050000010703
70050000010704
70050000010705
70050000010706
70050000010707
70050000010708
70050000010709
70050000010710
70050000010711
70050000010712
70050000010713
70050000010714
70050000010715
70050000010716
70050000010717
70050000010718
70050000010719
70050000010720
70050000010734
70050000010735
70050000010736
70050000010737
70050000010738
70050000010739
70050000010740
70050000010753
70050000010754
70050000010755
70050000010756
70050000010757
70050000010758
70050000010759
70050000010760
70050000010767
70050000010768
70050000010769
70050000010770
70050000010771
70050000010772
70050000010773
70050000010774
70050000010775
70050000010776
70050000010777
70050000010778
70050000010779
70050000010780
70050000010782
70050000010783
70050000010784
70050000010785
70050000010786
70050000010787
70050000010788
70050000010789
70050000010790
70050000010791
70050000010792
70050000010793
70050000010794
70050000010795
70050000010796
70050000010797
70050000010798
70050000010799
70050000010800
70050000010814
70050000010815
70050000010816
70050000010817
70050000010818
70050000010819
70050000010820
70050000010823
70050000010824
70050000010825
70050000010826
70050000010827
70050000010828
70050000010829
70050000010830
70050000010831
70050000010832
70050000010833
70050000010834
70050000010835
70050000010836
70050000010837
70050000010838
70050000010839
70050000010840
70050000010846
70050000010847
70050000010848
70050000010849
70050000010850
70050000010851
70050000010852
70050000010853
70050000010854
70050000010855
70050000010856
70050000010857
70050000010858
70050000010859
70050000010860
70050000010873
70050000010874
70050000010875
70050000010876
70050000010877
70050000010878
70050000010879
70050000010880
70050000010884
70050000010885
70050000010886
70050000010887
70050000010888
70050000010889
70050000010890
70050000010891
70050000010892
70050000010893
70050000010894
70050000010895
70050000010896
70050000010897
70050000010898
70050000010899
70050000010900
70050000010919
70050000010920
70050000010922
70050000010923
70050000010924
70050000010925
70050000010926
70050000010927
70050000010928
70050000010929
70050000010930
70050000010931
70050000010932
70050000010933
70050000010934
70050000010935
70050000010936
70050000010937
70050000010938
70050000010939
70050000010940
70050000010942
70050000010943
70050000010944
70050000010945
70050000010946
70050000010947
70050000010948
70050000010949
70050000010950
70050000010951
70050000010952
70050000010953
70050000010954
70050000010955
70050000010956
70050000010957
70050000010958
70050000010959
70050000010960
70050000010961
70050000010985
70050000010986
70050000010987
70050000010988
70050000010989
70050000010990
70050000010991
70050000010992
70050000010993
70050000010994
70050000010995
70050000010996
70050000010997
70050000010998
70050000010999
70050000011000
70050000011003
70050000011026
70050000011027
70050000011028
70050000011029
70050000011030
70050000011031
70050000011032
70050000011033
70050000011034
70050000011035
70050000011036
70050000011037
70050000011038
70050000011039
70050000011040
70050000011045
70050000011047
70050000011057
70050000011058
70050000011059
70050000011060
70050000011067
70050000011068
70050000011069
70050000011070
70050000011071
70050000011072
70050000011073
70050000011074
70050000011075
70050000011076
70050000011077
70050000011078
70050000011079
70050000011080
70050000011082
70050000011083
70050000011084
70050000011085
70050000011086
70050000011087
70050000011088
70050000011089
70050000011090
70050000011091
70050000011092
70050000011093
70050000011094
70050000011095
70050000011096
70050000011097
70050000011098
70050000011099
70050000011100
70050000011106
70050000011107
70050000011108
70050000011109
70050000011140
70050000011181
70050000011182
70050000011190
70050000011191
70050000011192
70050000011193
70050000011194
70050000011195
70050000011196
70050000011197
70050000011209
70050000011210
70050000011211
70050000011212
70050000011213
70050000011214
70050000011215
70050000011216
70050000011217
70050000011218
70050000011219
70050000011220
70050000011289
70050000011290
70050000011291
70050000011292
70050000011293
70050000011294
70050000011295
70050000011296
70050000011297
70050000011298
70050000011299
70050000011300
70050000011332
70050000011333
70050000011334
70050000011335
70050000011336
70050000011337
70050000011338
70050000011339
70050000011340
70050000011376
70050000011415
70050000011432
70050000011433
70050000011434
70050000011435
70050000011436
70050000011437
70050000011438
70050000011439
70050000011440
70050000011455
70050000011458
70050000011482
70050000011483
70050000011484
70050000011485
70050000011486
70050000011487
70050000011488
70050000011489
70050000011490
70050000011491
70050000011492
70050000011493
70050000011494
70050000011495
70050000011496
70050000011497
70050000011498
70050000011499
70050000011500
70050000011516
70050000011517
70050000011518
70050000011519
70050000011520
70050000011532
70050000011533
70050000011534
70050000011535
70050000011536
70050000011537
70050000011538
70050000011539
70050000011540
70050000011548
70050000011549
70050000011550
70050000011551
70050000011552
70050000011553
70050000011554
70050000011555
70050000011556
70050000011557
70050000011558
70050000011559
70050000011560
70050000011563
70050000011639
70050000011640
70050000011670
70050000011685
70050000011689
70050000011691
70050000011692
70050000011693
70050000011694
70050000011695
70050000011696
70050000011697
70050000011698
70050000011699
70050000011700
70050000011703
70050000011705
70050000011706
70050000011708
70050000011712
70050000011713
70050000011719
70050000011721
70050000011722
70050000011723
70050000011724
70050000011727
70050000011742
70050000011743
70050000011744
70050000011745
70050000011746
70050000011747
70050000011748
70050000011749
70050000011750
70050000011751
70050000011752
70050000011753
70050000011754
70050000011755
70050000011756
70050000011757
70050000011758
70050000011759
70050000011760
70050000011767
70050000011768
70050000011769
70050000011770
70050000011771
70050000011772
70050000011773
70050000011774
70050000011775
70050000011776
70050000011777
70050000011778
70050000011779
70050000011780
70050000011802
70050000011803
70050000011804
70050000011805
70050000011806
70050000011807
70050000011808
70050000011809
70050000011810
70050000011811
70050000011812
70050000011813
70050000011814
70050000011815
70050000011816
70050000011817
70050000011818
70050000011819
70050000011820
70050000011856
70050000011857
70050000011858
70050000011859
70050000011860
70050000011919
70050000011920
70050000011921
70050000011922
70050000011923
70050000011924
70050000011925
70050000011926
70050000011927
70050000011928
70050000011929
70050000011930
70050000011931
70050000011932
70050000011933
70050000011934
70050000011935
70050000011936
70050000011937
70050000011938
70050000011939
70050000011940
70050000011942
70050000012024
70050000012025
70050000012026
70050000012027
70050000012028
70050000012029
70050000012030
70050000012031
70050000012032
70050000012033
70050000012034
70050000012035
70050000012036
70050000012037
70050000012038
70050000012039
70050000012040
70050000012043
70050000012044
70050000012045
70050000012046
70050000012047
70050000012048
70050000012049
70050000012050
70050000012051
70050000012052
70050000012053
70050000012054
70050000012055
70050000012056
70050000012057
70050000012058
70050000012059
70050000012060
70050000012073
70050000012074
70050000012075
70050000012076
70050000012077
70050000012078
70050000012079
70050000012080
70050000012082
70050000012083
70050000012084
70050000012085
70050000012086
70050000012087
70050000012088
70050000012089
70050000012090
70050000012091
70050000012092
70050000012093
70050000012094
70050000012095
70050000012096
70050000012097
70050000012098
70050000012099
70050000012100
70050000012106
70050000012107
70050000012130
70050000012131
70050000012132
70050000012133
70050000012134
70050000012135
70050000012136
70050000012137
70050000012138
70050000012139
70050000012140
70050000012165
70050000012166
70050000012167
70050000012168
70050000012169
70050000012170
70050000012171
70050000012172
70050000012173
70050000012174
70050000012175
70050000012176
70050000012177
70050000012178
70050000012179
70050000012180
70050000012187
70050000012188
70050000012189
70050000012190
70050000012191
70050000012192
70050000012193
70050000012194
70050000012195
70050000012196
70050000012197
70050000012198
70050000012199
70050000012200
70050000012201
70050000012206
70050000012207
70050000012208
70050000012209
70050000012210
70050000012211
70050000012212
70050000012213
70050000012214
70050000012215
70050000012216
70050000012217
70050000012218
70050000012219
70050000012220
70050000012223
70050000012224
70050000012225
70050000012226
70050000012227
70050000012228
70050000012229
70050000012230
70050000012231
70050000012232
70050000012233
70050000012234
70050000012235
70050000012236
70050000012237
70050000012238
70050000012239
70050000012240
70050000012262
70050000012263
70050000012264
70050000012265
70050000012266
70050000012267
70050000012268
70050000012269
70050000012270
70050000012271
70050000012272
70050000012273
70050000012274
70050000012275
70050000012276
70050000012277
70050000012278
70050000012279
70050000012280
70050000012281
70050000012282
70050000012283
70050000012284
70050000012285
70050000012286
70050000012287
70050000012288
70050000012289
70050000012290
70050000012291
70050000012292
70050000012293
70050000012294
70050000012295
70050000012296
70050000012297
70050000012298
70050000012299
70050000012300
70050000012328
70050000012329
70050000012330
70050000012331
70050000012332
70050000012333
70050000012334
70050000012335
70050000012336
70050000012337
70050000012338
70050000012339
70050000012340
70050000012369
70050000012370
70050000012371
70050000012372
70050000012373
70050000012374
70050000012375
70050000012376
70050000012377
70050000012378
70050000012379
70050000012380
70050000012396
70050000012397
70050000012398
70050000012399
70050000012400
70050000012402
70050000012403
70050000012404
70050000012405
70050000012406
70050000012407
70050000012408
70050000012409
70050000012410
70050000012411
70050000012412
70050000012413
70050000012414
70050000012415
70050000012416
70050000012417
70050000012418
70050000012419
70050000012420
70050000012430
70050000012456
70050000012457
70050000012458
70050000012459
70050000012460
70050000012491
70050000012492
70050000012493
70050000012494
70050000012495
70050000012496
70050000012497
70050000012498
70050000012499
70050000012500
70050000012516
70050000012517
70050000012518
70050000012519
70050000012520
70050000012531
70050000012532
70050000012533
70050000012534
70050000012535
70050000012536
70050000012537
70050000012538
70050000012539
70050000012540
70050000012562
70050000012563
70050000012564
70050000012579
70050000012583
70050000012584
70050000012585
70050000012586
70050000012587
70050000012588
70050000012589
70050000012590
70050000012591
70050000012592
70050000012593
70050000012594
70050000012595
70050000012596
70050000012597
70050000012598
70050000012599
70050000012600
70050000012606
70050000012607
70050000012608
70050000012627
70050000012628
70050000012629
70050000012630
70050000012631
70050000012632
70050000012633
70050000012634
70050000012635
70050000012636
70050000012637
70050000012638
70050000012639
70050000012640
70050000012663
70050000012671
70050000012672
70050000012673
70050000012674
70050000012675
70050000012676
70050000012677
70050000012678
70050000012679
70050000012680
70050000012695
70050000012696
70050000012697
70050000012698
70050000012699
70050000012700
70050000012711
70050000012712
70050000012713
70050000012714
70050000012715
70050000012716
70050000012717
70050000012718
70050000012719
70050000012720
70050000012722
70050000012723
70050000012724
70050000012725
70050000012726
70050000012727
70050000012728
70050000012729
70050000012730
70050000012731
70050000012732
70050000012733
70050000012734
70050000012735
70050000012736
70050000012737
70050000012738
70050000012739
70050000012740
70050000012771
70050000012774
70050000012775
70050000012776
70050000012777
70050000012778
70050000012779
70050000012780
70050000012783
70050000012798
70050000012799
70050000012800
70050000012814
70050000012859
70050000012860
70050000012861
70050000012862
70050000012863
70050000012864
70050000012865
70050000012866
70050000012883
70050000012887
70050000012888
70050000012889
70050000012890
70050000012891
70050000012892
70050000012893
70050000012894
70050000012895
70050000012896
70050000012897
70050000012898
70050000012899
70050000012900
70050000012902
70050000012903
70050000012904
70050000012905
70050000012906
70050000012907
70050000012908
70050000012909
70050000012910
70050000012911
70050000012912
70050000012913
70050000012914
70050000012915
70050000012916
70050000012917
70050000012918
70050000012919
70050000012920
70050000012923
70050000012924
70050000012925
70050000012926
70050000012927
70050000012928
70050000012929
70050000012930
70050000012931
70050000012932
70050000012933
70050000012934
70050000012935
70050000012936
70050000012937
70050000012938
70050000012939
70050000012940
70050000012941
70050000012942
70050000012943
70050000012948
70050000012949
70050000012950
70050000012951
70050000012952
70050000012953
70050000012954
70050000012955
70050000012956
70050000012957
70050000012958
70050000012959
70050000012960
70050000012964
70050000012965
70050000012966
70050000012967
70050000012968
70050000012969
70050000012970
70050000012971
70050000012972
70050000012973
70050000012974
70050000012975
70050000012976
70050000012977
70050000012978
70050000012979
70050000012980
70050000012987
70050000012988
70050000012989
70050000012990
70050000012991
70050000012992
70050000012993
70050000012994
70050000012995
70050000012996
70050000012997
70050000012998
70050000012999
70050000013000
70050000013002
70050000013010
70050000013011
70050000013012
70050000013013
70050000013014
70050000013015
70050000013016
70050000013017
70050000013018
70050000013019
70050000013020
70050000013035
70050000013036
70050000013037
70050000013038
70050000013039
70050000013040
70050000013042
70050000013043
70050000013044
70050000013045
70050000013046
70050000013047
70050000013048
70050000013049
70050000013050
70050000013051
70050000013052
70050000013053
70050000013054
70050000013055
70050000013056
70050000013057
70050000013058
70050000013059
70050000013060
70050000013071
70050000013088
70050000013089
70050000013090
70050000013091
70050000013092
70050000013093
70050000013094
70050000013095
70050000013096
70050000013097
70050000013098
70050000013099
70050000013100
70050000013110
70050000013111
70050000013112
70050000013113
70050000013114
70050000013115
70050000013116
70050000013117
70050000013118
70050000013119
70050000013120
70050000013123
70050000013124
70050000013125
70050000013126
70050000013127
70050000013128
70050000013129
70050000013130
70050000013131
70050000013132
70050000013133
70050000013134
70050000013135
70050000013136
70050000013137
70050000013138
70050000013139
70050000013140
70050000013143
70050000013144
70050000013145
70050000013146
70050000013147
70050000013148
70050000013149
70050000013150
70050000013151
70050000013152
70050000013153
70050000013154
70050000013155
70050000013156
70050000013157
70050000013158
70050000013159
70050000013160
70050000013168
70050000013173
70050000013174
70050000013175
70050000013176
70050000013177
70050000013178
70050000013179
70050000013180
70050000013194
70050000013195
70050000013196
70050000013197
70050000013198
70050000013199
70050000013200
70050000013203
70050000013205
70050000013206
70050000013207
70050000013208
70050000013209
70050000013210
70050000013211
70050000013212
70050000013213
70050000013214
70050000013215
70050000013216
70050000013217
70050000013218
70050000013219
70050000013220
70050000013222
70050000013223
70050000013224
70050000013225
70050000013226
70050000013227
70050000013228
70050000013229
70050000013230
70050000013231
70050000013232
70050000013233
70050000013234
70050000013235
70050000013236
70050000013237
70050000013238
70050000013239
70050000013240
70050000013296
70050000013321
70050000013322
70050000013323
70050000013324
70050000013325
70050000013326
70050000013327
70050000013328
70050000013329
70050000013330
70050000013331
70050000013332
70050000013333
70050000013334
70050000013335
70050000013336
70050000013337
70050000013338
70050000013339
70050000013340
70050000013342
70050000013356
70050000013368
70050000013369
70050000013370
70050000013371
70050000013372
70050000013373
70050000013374
70050000013375
70050000013376
70050000013377
70050000013378
70050000013379
70050000013380
70050000013394
70050000013395
70050000013396
70050000013397
70050000013398
70050000013399
70050000013400
70050000013525
70050000013526
70050000013527
70050000013528
70050000013529
70050000013530
70050000013531
70050000013532
70050000013533
70050000013534
70050000013535
70050000013536
70050000013537
70050000013538
70050000013539
70050000013540
70050000013584
70050000013585
70050000013586
70050000013587
70050000013588
70050000013589
70050000013590
70050000013591
70050000013592
70050000013593
70050000013594
70050000013595
70050000013596
70050000013597
70050000013598
70050000013599
70050000013600
70050000013602
70050000013603
70050000013604
70050000013605
70050000013606
70050000013607
70050000013608
70050000013609
70050000013610
70050000013611
70050000013612
70050000013613
70050000013614
70050000013615
70050000013616
70050000013617
70050000013618
70050000013619
70050000013620
70050000013625
70050000013626
70050000013627
70050000013628
70050000013629
70050000013630
70050000013631
70050000013632
70050000013633
70050000013634
70050000013635
70050000013636
70050000013637
70050000013638
70050000013639
70050000013640
70050000013659
70050000013660
70050000013665
70050000013666
70050000013667
70050000013668
70050000013669
70050000013670
70050000013671
70050000013672
70050000013673
70050000013674
70050000013675
70050000013676
70050000013677
70050000013678
70050000013679
70050000013680
70050000013684
70050000013729
70050000013730
70050000013731
70050000013732
70050000013733
70050000013734
70050000013735
70050000013736
70050000013737
70050000013738
70050000013739
70050000013740
70050000013748
70050000013749
70050000013750
70050000013751
70050000013752
70050000013753
70050000013754
70050000013755
70050000013756
70050000013757
70050000013758
70050000013759
70050000013760
70050000013764
70050000013765
70050000013766
70050000013767
70050000013768
70050000013769
70050000013770
70050000013771
70050000013772
70050000013773
70050000013774
70050000013775
70050000013776
70050000013777
70050000013778
70050000013779
70050000013780
70050000013782
70050000013784
70050000013788
70050000013789
70050000013790
70050000013791
70050000013792
70050000013793
70050000013794
70050000013795
70050000013796
70050000013797
70050000013798
70050000013799
70050000013800
70050000013827
70050000013828
70050000013829
70050000013830
70050000013831
70050000013832
70050000013833
70050000013834
70050000013835
70050000013836
70050000013837
70050000013838
70050000013839
70050000013840
70050000013897
70050000013901
70050000013930
70050000013931
70050000013932
70050000013933
70050000013934
70050000013935
70050000013936
70050000013937
70050000013938
70050000013939
70050000013940
70050000013942
70050000013943
70050000013944
70050000013945
70050000013947
70050000013948
70050000013949
70050000013950
70050000013951
70050000013952
70050000013953
70050000013954
70050000013955
70050000013956
70050000013957
70050000013958
70050000013959
70050000013960
70050000013962
70050000013963
70050000013964
70050000013965
70050000013966
70050000013967
70050000013968
70050000013969
70050000013974
70050000013975
70050000013976
70050000013977
70050000013978
70050000013979
70050000013980
70050000013983
70050000013984
70050000013985
70050000013986
70050000013987
70050000013988
70050000013989
70050000013990
70050000013991
70050000013992
70050000013993
70050000013994
70050000013995
70050000013996
70050000013997
70050000013998
70050000013999
70050000014000
70050000014009
70050000014010
70050000014011
70050000014012
70050000014013
70050000014014
70050000014015
70050000014016
70050000014017
70050000014018
70050000014019
70050000014020
70050000014059
70050000014060
70050000014064
70050000014065
70050000014066
70050000014067
70050000014068
70050000014069
70050000014070
70050000014071
70050000014072
70050000014073
70050000014074
70050000014075
70050000014076
70050000014077
70050000014078
70050000014079
70050000014080
70050000014087
70050000014089
70050000014090
70050000014091
70050000014092
70050000014093
70050000014094
70050000014095
70050000014096
70050000014097
70050000014098
70050000014099
70050000014100
70050000014107
70050000014109
70050000014110
70050000014111
70050000014112
70050000014113
70050000014114
70050000014115
70050000014116
70050000014117
70050000014118
70050000014119
70050000014120
70050000014130
70050000014132
70050000014142
70050000014143
70050000014144
70050000014145
70050000014146
70050000014147
70050000014148
70050000014149
70050000014150
70050000014151
70050000014152
70050000014153
70050000014154
70050000014155
70050000014156
70050000014157
70050000014158
70050000014159
70050000014160
70050000014164
70050000014165
70050000014166
70050000014167
70050000014168
70050000014169
70050000014170
70050000014171
70050000014172
70050000014173
70050000014174
70050000014175
70050000014176
70050000014177
70050000014178
70050000014179
70050000014180
70050000014196
70050000014197
70050000014198
70050000014199
70050000014200
70050000014202
70050000014203
70050000014204
70050000014205
70050000014206
70050000014207
70050000014208
70050000014209
70050000014210
70050000014211
70050000014212
70050000014213
70050000014214
70050000014215
70050000014216
70050000014217
70050000014218
70050000014219
70050000014220
70050000014222
70050000014223
70050000014224
70050000014225
70050000014226
70050000014227
70050000014228
70050000014229
70050000014230
70050000014231
70050000014232
70050000014233
70050000014234
70050000014235
70050000014236
70050000014237
70050000014238
70050000014239
70050000014240
70050000014244
70050000014245
70050000014246
70050000014247
70050000014248
70050000014249
70050000014250
70050000014251
70050000014252
70050000014253
70050000014254
70050000014255
70050000014256
70050000014257
70050000014258
70050000014259
70050000014260
70050000014265
70050000014266
70050000014267
70050000014268
70050000014269
70050000014270
70050000014271
70050000014272
70050000014273
70050000014274
70050000014275
70050000014276
70050000014277
70050000014278
70050000014279
70050000014280
70050000014286
70050000014287
70050000014288
70050000014289
70050000014290
70050000014291
70050000014292
70050000014293
70050000014294
70050000014295
70050000014296
70050000014297
70050000014298
70050000014299
70050000014300
70050000014305
70050000014306
70050000014307
70050000014308
70050000014309
70050000014310
70050000014311
70050000014312
70050000014313
70050000014314
70050000014315
70050000014316
70050000014317
70050000014318
70050000014319
70050000014320
70050000014327
70050000014328
70050000014329
70050000014330
70050000014331
70050000014332
70050000014333
70050000014334
70050000014335
70050000014336
70050000014337
70050000014338
70050000014339
70050000014340
70050000014343
70050000014344
70050000014345
70050000014346
70050000014347
70050000014348
70050000014349
70050000014350
70050000014351
70050000014352
70050000014353
70050000014354
70050000014355
70050000014356
70050000014357
70050000014358
70050000014359
70050000014360
70050000014380
70050000014384
70050000014385
70050000014386
70050000014387
70050000014388
70050000014389
70050000014390
70050000014391
70050000014392
70050000014393
70050000014394
70050000014395
70050000014396
70050000014397
70050000014398
70050000014399
70050000014400
70050000014407
70050000014408
70050000014409
70050000014410
70050000014411
70050000014412
70050000014413
70050000014414
70050000014415
70050000014416
70050000014417
70050000014418
70050000014419
70050000014420
70050000014436
70050000014437
70050000014438
70050000014439
70050000014440
70050000014442
70050000014443
70050000014444
70050000014445
70050000014446
70050000014447
70050000014448
70050000014449
70050000014450
70050000014451
70050000014452
70050000014453
70050000014454
70050000014455
70050000014456
70050000014457
70050000014458
70050000014459
70050000014460
70050000014462
70050000014463
70050000014464
70050000014465
70050000014466
70050000014467
70050000014468
70050000014469
70050000014470
70050000014471
70050000014472
70050000014473
70050000014474
70050000014475
70050000014476
70050000014477
70050000014478
70050000014479
70050000014480
70050000014481
70050000014490
70050000014492
70050000014493
70050000014494
70050000014495
70050000014496
70050000014497
70050000014498
70050000014499
70050000014500
70050000014507
70050000014508
70050000014509
70050000014510
70050000014511
70050000014512
70050000014513
70050000014514
70050000014515
70050000014516
70050000014517
70050000014518
70050000014519
70050000014520
70050000014545
70050000014546
70050000014547
70050000014548
70050000014549
70050000014550
70050000014551
70050000014552
70050000014553
70050000014554
70050000014555
70050000014556
70050000014557
70050000014558
70050000014559
70050000014560
70050000014562
70050000014563
70050000014564
70050000014565
70050000014566
70050000014567
70050000014568
70050000014569
70050000014570
70050000014571
70050000014572
70050000014573
70050000014574
70050000014575
70050000014576
70050000014577
70050000014578
70050000014579
70050000014580
70050000014582
70050000014583
70050000014584
70050000014585
70050000014586
70050000014587
70050000014588
70050000014589
70050000014590
70050000014591
70050000014592
70050000014593
70050000014594
70050000014595
70050000014596
70050000014597
70050000014598
70050000014599
70050000014600
70050000014624
70050000014625
70050000014626
70050000014627
70050000014628
70050000014629
70050000014630
70050000014631
70050000014632
70050000014633
70050000014634
70050000014635
70050000014636
70050000014637
70050000014638
70050000014639
70050000014640
70050000014642
70050000014643
70050000014644
70050000014645
70050000014646
70050000014647
70050000014648
70050000014649
70050000014650
70050000014651
70050000014652
70050000014653
70050000014654
70050000014655
70050000014656
70050000014657
70050000014658
70050000014659
70050000014660
70050000014664
70050000014665
70050000014666
70050000014667
70050000014668
70050000014669
70050000014670
70050000014671
70050000014672
70050000014673
70050000014674
70050000014675
70050000014676
70050000014677
70050000014678
70050000014679
70050000014680
70050000014683
70050000014684
70050000014685
70050000014686
70050000014687
70050000014688
70050000014689
70050000014690
70050000014691
70050000014692
70050000014693
70050000014694
70050000014695
70050000014696
70050000014697
70050000014698
70050000014699
70050000014700
70050000014708
70050000014709
70050000014710
70050000014711
70050000014712
70050000014713
70050000014714
70050000014715
70050000014716
70050000014717
70050000014718
70050000014719
70050000014720
70050000014725
70050000014726
70050000014727
70050000014728
70050000014729
70050000014730
70050000014731
70050000014732
70050000014733
70050000014734
70050000014735
70050000014736
70050000014737
70050000014738
70050000014739
70050000014740
70050000014746
70050000014747
70050000014748
70050000014749
70050000014750
70050000014751
70050000014752
70050000014753
70050000014754
70050000014755
70050000014756
70050000014757
70050000014758
70050000014759
70050000014760
70050000014764
70050000014765
70050000014766
70050000014767
70050000014768
70050000014769
70050000014770
70050000014771
70050000014772
70050000014773
70050000014774
70050000014775
70050000014776
70050000014777
70050000014778
70050000014779
70050000014780
70050000014782
70050000014783
70050000014784
70050000014785
70050000014786
70050000014787
70050000014788
70050000014789
70050000014790
70050000014791
70050000014792
70050000014793
70050000014794
70050000014795
70050000014796
70050000014797
70050000014798
70050000014799
70050000014800
70050000014804
70050000014809
70050000014810
70050000014811
70050000014812
70050000014813
70050000014814
70050000014815
70050000014816
70050000014817
70050000014818
70050000014819
70050000014820
70050000014845
70050000014846
70050000014847
70050000014848
70050000014849
70050000014850
70050000014851
70050000014852
70050000014853
70050000014854
70050000014855
70050000014856
70050000014857
70050000014858
70050000014859
70050000014860
70050000014866
70050000014867
70050000014868
70050000014869
70050000014870
70050000014871
70050000014872
70050000014873
70050000014874
70050000014875
70050000014876
70050000014877
70050000014878
70050000014879
70050000014880
70050000014886
70050000014887
70050000014888
70050000014889
70050000014890
70050000014891
70050000014892
70050000014893
70050000014894
70050000014895
70050000014896
70050000014897
70050000014898
70050000014899
70050000014900
70050000014911
70050000014912
70050000014913
70050000014914
70050000014915
70050000014916
70050000014917
70050000014918
70050000014919
70050000014920
70050000014922
70050000014923
70050000014924
70050000014925
70050000014926
70050000014927
70050000014928
70050000014929
70050000014930
70050000014931
70050000014932
70050000014933
70050000014934
70050000014935
70050000014936
70050000014937
70050000014938
70050000014939
70050000014940
70050000014947
70050000014948
70050000014949
70050000014950
70050000014951
70050000014952
70050000014953
70050000014954
70050000014955
70050000014956
70050000014957
70050000014958
70050000014959
70050000014960
70050000014964
70050000014965
70050000014966
70050000014967
70050000014968
70050000014969
70050000014970
70050000014971
70050000014972
70050000014973
70050000014974
70050000014975
70050000014976
70050000014977
70050000014978
70050000014979
70050000014980
70050000014982
70050000014983
70050000014984
70050000014985
70050000014986
70050000014987
70050000014988
70050000014989
70050000014990
70050000014991
70050000014992
70050000014993
70050000014994
70050000014995
70050000014996
70050000014997
70050000014998
70050000014999
70050000015000
70050000015003
70050000015004
70050000015005
70050000015006
70050000015007
70050000015008
70050000015009
70050000015010
70050000015011
70050000015012
70050000015013
70050000015014
70050000015015
70050000015016
70050000015017
70050000015018
70050000015019
70050000015020
70050000015022
70050000015023
70050000015024
70050000015025
70050000015026
70050000015027
70050000015028
70050000015029
70050000015030
70050000015031
70050000015032
70050000015033
70050000015034
70050000015035
70050000015036
70050000015037
70050000015038
70050000015039
70050000015040
70050000015041
70050000015042
70050000015043
70050000015044
70050000015045
70050000015046
70050000015047
70050000015048
70050000015049
70050000015050
70050000015051
70050000015052
70050000015053
70050000015054
70050000015055
70050000015056
70050000015057
70050000015058
70050000015059
70050000015060
70050000015061
70050000015063
70050000015064
70050000015065
70050000015066
70050000015067
70050000015068
70050000015069
70050000015070
70050000015071
70050000015072
70050000015073
70050000015074
70050000015075
70050000015076
70050000015077
70050000015078
70050000015079
70050000015080
70050000015083
70050000015084
70050000015085
70050000015086
70050000015087
70050000015088
70050000015089
70050000015090
70050000015091
70050000015092
70050000015093
70050000015094
70050000015095
70050000015096
70050000015097
70050000015098
70050000015099
70050000015100
70050000015101
70050000015102
70050000015103
70050000015104
70050000015105
70050000015106
70050000015107
70050000015108
70050000015109
70050000015110
70050000015111
70050000015112
70050000015113
70050000015114
70050000015115
70050000015116
70050000015117
70050000015118
70050000015119
70050000015120
70050000015131
70050000015132
70050000015133
70050000015134
70050000015135
70050000015136
70050000015137
70050000015138
70050000015139
70050000015140
70050000015142
70050000015144
70050000015146
70050000015147
70050000015149
70050000015151
70050000015152
70050000015154
70050000015155
70050000015175
70050000015176
70050000015177
70050000015178
70050000015179
70050000015180
70050000015181
70050000015182
70050000015183
70050000015184
70050000015185
70050000015186
70050000015187
70050000015188
70050000015189
70050000015190
70050000015191
70050000015192
70050000015193
70050000015194
70050000015195
70050000015196
70050000015197
70050000015198
70050000015199
70050000015200
70050000015202
70050000015203
70050000015204
70050000015205
70050000015206
70050000015207
70050000015208
70050000015209
70050000015210
70050000015211
70050000015212
70050000015213
70050000015214
70050000015215
70050000015216
70050000015217
70050000015218
70050000015219
70050000015220
70050000015222
70050000015223
70050000015224
70050000015225
70050000015226
70050000015227
70050000015228
70050000015229
70050000015230
70050000015231
70050000015232
70050000015233
70050000015234
70050000015235
70050000015236
70050000015237
70050000015238
70050000015239
70050000015240
70050000015242
70050000015243
70050000015244
70050000015245
70050000015246
70050000015247
70050000015248
70050000015249
70050000015250
70050000015251
70050000015252
70050000015253
70050000015254
70050000015255
70050000015256
70050000015257
70050000015258
70050000015259
70050000015260
70050000015263
70050000015264
70050000015265
70050000015266
70050000015267
70050000015268
70050000015269
70050000015270
70050000015271
70050000015272
70050000015273
70050000015274
70050000015275
70050000015276
70050000015277
70050000015278
70050000015279
70050000015280
70050000015287
70050000015290
70050000015291
70050000015292
70050000015293
70050000015294
70050000015295
70050000015296
70050000015297
70050000015298
70050000015299
70050000015300
70050000015306
70050000015313
70050000015314
70050000015315
70050000015316
70050000015317
70050000015318
70050000015319
70050000015320
70050000015322
70050000015323
70050000015324
70050000015325
70050000015326
70050000015327
70050000015328
70050000015329
70050000015330
70050000015331
70050000015332
70050000015333
70050000015334
70050000015335
70050000015336
70050000015337
70050000015338
70050000015339
70050000015340
70050000015342
70050000015343
70050000015344
70050000015345
70050000015346
70050000015347
70050000015348
70050000015349
70050000015350
70050000015351
70050000015352
70050000015353
70050000015354
70050000015355
70050000015356
70050000015357
70050000015358
70050000015359
70050000015360
70050000015367
70050000015368
70050000015369
70050000015370
70050000015371
70050000015372
70050000015373
70050000015374
70050000015375
70050000015376
70050000015377
70050000015378
70050000015379
70050000015380
70050000015381
70050000015382
70050000015383
70050000015384
70050000015385
70050000015386
70050000015387
70050000015388
70050000015389
70050000015390
70050000015392
70050000015394
70050000015396
70050000015399
70050000015402
70050000015405
70050000015407
70050000015408
70050000015409
70050000015410
70050000015411
70050000015412
70050000015413
70050000015414
70050000015415
70050000015416
70050000015417
70050000015418
70050000015419
70050000015420
70050000015421
70050000015431
70050000015432
70050000015433
70050000015434
70050000015435
70050000015436
70050000015437
70050000015438
70050000015439
70050000015440
70050000015444
70050000015445
70050000015446
70050000015447
70050000015448
70050000015449
70050000015450
70050000015451
70050000015452
70050000015453
70050000015454
70050000015455
70050000015456
70050000015457
70050000015458
70050000015459
70050000015460
70050000015491
70050000015492
70050000015493
70050000015494
70050000015495
70050000015496
70050000015497
70050000015498
70050000015499
70050000015500
70050000015506
70050000015507
70050000015508
70050000015509
70050000015510
70050000015511
70050000015512
70050000015513
70050000015514
70050000015515
70050000015516
70050000015517
70050000015518
70050000015519
70050000015520
70050000015525
70050000015526
70050000015527
70050000015528
70050000015529
70050000015530
70050000015531
70050000015532
70050000015533
70050000015534
70050000015535
70050000015536
70050000015537
70050000015538
70050000015539
70050000015540
70050000015556
70050000015557
70050000015558
70050000015559
70050000015560
70050000015561
70050000015562
70050000015563
70050000015564
70050000015565
70050000015566
70050000015567
70050000015568
70050000015569
70050000015570
70050000015571
70050000015572
70050000015573
70050000015574
70050000015575
70050000015576
70050000015577
70050000015578
70050000015579
70050000015580
70050000015586
70050000015587
70050000015588
70050000015589
70050000015590
70050000015591
70050000015592
70050000015593
70050000015594
70050000015595
70050000015596
70050000015597
70050000015598
70050000015599
70050000015600
70050000015614
70050000015615
70050000015616
70050000015617
70050000015618
70050000015619
70050000015620
70050000015623
70050000015624
70050000015625
70050000015626
70050000015627
70050000015628
70050000015629
70050000015630
70050000015631
70050000015632
70050000015633
70050000015634
70050000015635
70050000015636
70050000015637
70050000015638
70050000015639
70050000015640
70050000015667
70050000015668
70050000015669
70050000015670
70050000015671
70050000015672
70050000015673
70050000015674
70050000015675
70050000015676
70050000015677
70050000015678
70050000015679
70050000015680
70050000015682
70050000015683
70050000015684
70050000015685
70050000015686
70050000015687
70050000015688
70050000015689
70050000015690
70050000015691
70050000015692
70050000015693
70050000015694
70050000015695
70050000015696
70050000015697
70050000015698
70050000015699
70050000015700
70050000015705
70050000015706
70050000015707
70050000015708
70050000015709
70050000015710
70050000015711
70050000015712
70050000015713
70050000015714
70050000015715
70050000015716
70050000015717
70050000015718
70050000015719
70050000015720
70050000015731
70050000015732
70050000015733
70050000015734
70050000015735
70050000015736
70050000015737
70050000015738
70050000015739
70050000015740
70050000015790
70050000015791
70050000015792
70050000015793
70050000015794
70050000015795
70050000015796
70050000015797
70050000015798
70050000015799
70050000015800
70050000015802
70050000015803
70050000015804
70050000015805
70050000015806
70050000015807
70050000015808
70050000015809
70050000015810
70050000015811
70050000015812
70050000015813
70050000015814
70050000015815
70050000015816
70050000015817
70050000015818
70050000015819
70050000015820
70050000015823
70050000015824
70050000015825
70050000015826
70050000015827
70050000015828
70050000015829
70050000015830
70050000015831
70050000015832
70050000015833
70050000015834
70050000015835
70050000015836
70050000015837
70050000015838
70050000015839
70050000015840
70050000015852
70050000015853
70050000015854
70050000015855
70050000015856
70050000015857
70050000015858
70050000015859
70050000015860
70050000015862
70050000015863
70050000015864
70050000015865
70050000015866
70050000015867
70050000015868
70050000015869
70050000015870
70050000015871
70050000015872
70050000015873
70050000015874
70050000015875
70050000015876
70050000015877
70050000015878
70050000015879
70050000015880
70050000015885
70050000015886
70050000015887
70050000015888
70050000015889
70050000015890
70050000015891
70050000015892
70050000015893
70050000015894
70050000015895
70050000015896
70050000015897
70050000015898
70050000015899
70050000015900
70050000015917
70050000015918
70050000015919
70050000015920
70050000015922
70050000015923
70050000015924
70050000015925
70050000015926
70050000015927
70050000015928
70050000015929
70050000015930
70050000015931
70050000015932
70050000015933
70050000015934
70050000015935
70050000015936
70050000015937
70050000015938
70050000015939
70050000015940
70050000015949
70050000015950
70050000015951
70050000015952
70050000015953
70050000015954
70050000015955
70050000015956
70050000015957
70050000015958
70050000015959
70050000015960
70050000015962
70050000015963
70050000015964
70050000015965
70050000015966
70050000015967
70050000015968
70050000015969
70050000015970
70050000015971
70050000015972
70050000015973
70050000015974
70050000015975
70050000015976
70050000015977
70050000015978
70050000015979
70050000015980
70050000015981
70050000015983
70050000015984
70050000015985
70050000015986
70050000015987
70050000015988
70050000015989
70050000015990
70050000015991
70050000015992
70050000015993
70050000015994
70050000015995
70050000015996
70050000015997
70050000015998
70050000015999
70050000016000
70050000016008
70050000016009
70050000016010
70050000016011
70050000016012
70050000016013
70050000016014
70050000016015
70050000016016
70050000016017
70050000016018
70050000016019
70050000016020
70050000016032
70050000016033
70050000016034
70050000016035
70050000016036
70050000016037
70050000016038
70050000016039
70050000016040
70050000016070
70050000016071
70050000016072
70050000016073
70050000016074
70050000016075
70050000016076
70050000016077
70050000016078
70050000016079
70050000016080
70050000016087
70050000016088
70050000016089
70050000016090
70050000016091
70050000016092
70050000016093
70050000016094
70050000016095
70050000016096
70050000016097
70050000016098
70050000016099
70050000016100
70050000016101
70050000016102
70050000016103
70050000016104
70050000016105
70050000016106
70050000016107
70050000016108
70050000016109
70050000016110
70050000016111
70050000016112
70050000016113
70050000016114
70050000016115
70050000016116
70050000016117
70050000016118
70050000016119
70050000016120
70050000016130
70050000016131
70050000016132
70050000016133
70050000016134
70050000016135
70050000016136
70050000016137
70050000016138
70050000016139
70050000016140
70050000016170
70050000016171
70050000016172
70050000016173
70050000016174
70050000016175
70050000016176
70050000016177
70050000016178
70050000016179
70050000016180
70050000016181
70050000016182
70050000016183
70050000016184
70050000016185
70050000016186
70050000016187
70050000016188
70050000016189
70050000016289
70050000016290
70050000016291
70050000016292
70050000016293
70050000016294
70050000016295
70050000016296
70050000016297
70050000016298
70050000016299
70050000016300
70050000016304
70050000016305
70050000016306
70050000016307
70050000016308
70050000016309
70050000016310
70050000016311
70050000016312
70050000016313
70050000016314
70050000016315
70050000016316
70050000016317
70050000016318
70050000016319
70050000016320
70050000016322
70050000016323
70050000016324
70050000016325
70050000016326
70050000016327
70050000016328
70050000016329
70050000016330
70050000016331
70050000016332
70050000016333
70050000016334
70050000016335
70050000016336
70050000016337
70050000016338
70050000016339
70050000016340
70050000016342
70050000016343
70050000016344
70050000016345
70050000016346
70050000016347
70050000016348
70050000016349
70050000016350
70050000016351
70050000016352
70050000016353
70050000016354
70050000016355
70050000016356
70050000016357
70050000016358
70050000016359
70050000016360
70050000016362
70050000016363
70050000016364
70050000016365
70050000016366
70050000016367
70050000016368
70050000016369
70050000016370
70050000016371
70050000016372
70050000016373
70050000016374
70050000016375
70050000016376
70050000016377
70050000016378
70050000016379
70050000016380
70050000016383
70050000016384
70050000016385
70050000016386
70050000016387
70050000016388
70050000016389
70050000016390
70050000016391
70050000016392
70050000016393
70050000016394
70050000016395
70050000016396
70050000016397
70050000016398
70050000016399
70050000016400
70050000016403
70050000016422
70050000016423
70050000016424
70050000016425
70050000016426
70050000016427
70050000016428
70050000016429
70050000016430
70050000016431
70050000016432
70050000016433
70050000016434
70050000016435
70050000016436
70050000016437
70050000016438
70050000016439
70050000016440
70050000016445
70050000016446
70050000016447
70050000016448
70050000016449
70050000016450
70050000016451
70050000016452
70050000016453
70050000016454
70050000016455
70050000016456
70050000016457
70050000016458
70050000016459
70050000016460
70050000016463
70050000016464
70050000016465
70050000016466
70050000016467
70050000016468
70050000016469
70050000016470
70050000016471
70050000016472
70050000016473
70050000016474
70050000016475
70050000016476
70050000016477
70050000016478
70050000016479
70050000016480
70050000016490
70050000016491
70050000016492
70050000016493
70050000016494
70050000016495
70050000016496
70050000016497
70050000016498
70050000016499
70050000016500
70050000016518
70050000016519
70050000016520
70050000016538
70050000016539
70050000016540
70050000016558
70050000016559
70050000016560
70050000016564
70050000016565
70050000016566
70050000016567
70050000016568
70050000016569
70050000016570
70050000016571
70050000016572
70050000016573
70050000016574
70050000016575
70050000016576
70050000016577
70050000016578
70050000016579
70050000016580
70050000016585
70050000016586
70050000016587
70050000016588
70050000016589
70050000016590
70050000016591
70050000016592
70050000016593
70050000016594
70050000016595
70050000016596
70050000016597
70050000016598
70050000016599
70050000016600
70050000016605
70050000016619
70050000016620
70050000016621
70050000016624
70050000016625
70050000016626
70050000016627
70050000016628
70050000016629
70050000016630
70050000016631
70050000016632
70050000016633
70050000016634
70050000016635
70050000016636
70050000016637
70050000016638
70050000016639
70050000016640
70050000016646
70050000016647
70050000016648
70050000016649
70050000016650
70050000016651
70050000016652
70050000016653
70050000016654
70050000016655
70050000016656
70050000016657
70050000016658
70050000016659
70050000016660
70050000016668
70050000016671
70050000016688
70050000016689
70050000016690
70050000016691
70050000016692
70050000016693
70050000016694
70050000016695
70050000016696
70050000016697
70050000016698
70050000016699
70050000016700
70050000016704
70050000016705
70050000016706
70050000016707
70050000016708
70050000016709
70050000016710
70050000016711
70050000016712
70050000016713
70050000016714
70050000016715
70050000016716
70050000016717
70050000016718
70050000016719
70050000016720
70050000016755
70050000016756
70050000016757
70050000016758
70050000016759
70050000016760
70050000016761
70050000016762
70050000016763
70050000016764
70050000016765
70050000016766
70050000016767
70050000016768
70050000016769
70050000016770
70050000016771
70050000016772
70050000016773
70050000016774
70050000016775
70050000016776
70050000016777
70050000016778
70050000016779
70050000016780
70050000016783
70050000016784
70050000016785
70050000016786
70050000016787
70050000016788
70050000016789
70050000016790
70050000016791
70050000016792
70050000016793
70050000016794
70050000016795
70050000016796
70050000016797
70050000016798
70050000016799
70050000016800
70050000016809
70050000016810
70050000016811
70050000016812
70050000016813
70050000016814
70050000016815
70050000016816
70050000016817
70050000016818
70050000016819
70050000016820
70050000016823
70050000016824
70050000016825
70050000016826
70050000016827
70050000016828
70050000016829
70050000016830
70050000016831
70050000016832
70050000016833
70050000016834
70050000016835
70050000016836
70050000016837
70050000016838
70050000016839
70050000016840
70050000016842
70050000016843
70050000016844
70050000016845
70050000016846
70050000016847
70050000016848
70050000016849
70050000016850
70050000016851
70050000016852
70050000016853
70050000016854
70050000016855
70050000016856
70050000016857
70050000016858
70050000016859
70050000016860
70050000016863
70050000016864
70050000016865
70050000016866
70050000016867
70050000016868
70050000016869
70050000016870
70050000016871
70050000016872
70050000016873
70050000016874
70050000016875
70050000016876
70050000016877
70050000016878
70050000016879
70050000016880
70050000016883
70050000016884
70050000016885
70050000016886
70050000016887
70050000016888
70050000016889
70050000016890
70050000016891
70050000016892
70050000016893
70050000016894
70050000016895
70050000016896
70050000016897
70050000016898
70050000016899
70050000016900
70050000016916
70050000016917
70050000016918
70050000016919
70050000016920
70050000016922
70050000016923
70050000016924
70050000016925
70050000016926
70050000016927
70050000016928
70050000016929
70050000016930
70050000016931
70050000016932
70050000016933
70050000016934
70050000016935
70050000016936
70050000016937
70050000016938
70050000016939
70050000016940
70050000016942
70050000016943
70050000016944
70050000016945
70050000016946
70050000016947
70050000016948
70050000016949
70050000016950
70050000016951
70050000016952
70050000016953
70050000016954
70050000016955
70050000016956
70050000016957
70050000016958
70050000016959
70050000016960
70050000016962
70050000016963
70050000016964
70050000016965
70050000016966
70050000016967
70050000016968
70050000016969
70050000016970
70050000016971
70050000016972
70050000016973
70050000016974
70050000016975
70050000016976
70050000016977
70050000016978
70050000016979
70050000016980
70050000016988
70050000016989
70050000016990
70050000016991
70050000016992
70050000016993
70050000016994
70050000016995
70050000016996
70050000016997
70050000016998
70050000016999
70050000017000
70050000017002
70050000017003
70050000017004
70050000017005
70050000017006
70050000017007
70050000017008
70050000017009
70050000017010
70050000017011
70050000017012
70050000017013
70050000017014
70050000017015
70050000017016
70050000017017
70050000017018
70050000017019
70050000017020
70050000017022
70050000017023
70050000017024
70050000017025
70050000017026
70050000017027
70050000017028
70050000017029
70050000017030
70050000017031
70050000017032
70050000017033
70050000017034
70050000017035
70050000017036
70050000017037
70050000017038
70050000017039
70050000017040
70050000017065
70050000017066
70050000017067
70050000017068
70050000017069
70050000017070
70050000017071
70050000017072
70050000017073
70050000017074
70050000017075
70050000017076
70050000017077
70050000017078
70050000017079
70050000017080
70050000017087
70050000017088
70050000017089
70050000017090
70050000017091
70050000017092
70050000017093
70050000017094
70050000017095
70050000017096
70050000017097
70050000017098
70050000017099
70050000017100
70050000017126
70050000017136
70050000017137
70050000017138
70050000017139
70050000017140
70050000017146
70050000017147
70050000017148
70050000017149
70050000017150
70050000017151
70050000017152
70050000017153
70050000017154
70050000017155
70050000017156
70050000017157
70050000017158
70050000017159
70050000017160
70050000017161
70050000017162
70050000017163
70050000017164
70050000017165
70050000017166
70050000017167
70050000017168
70050000017169
70050000017170
70050000017171
70050000017172
70050000017173
70050000017174
70050000017175
70050000017176
70050000017177
70050000017178
70050000017179
70050000017180
70050000017182
70050000017183
70050000017184
70050000017185
70050000017186
70050000017187
70050000017188
70050000017189
70050000017190
70050000017191
70050000017192
70050000017193
70050000017194
70050000017195
70050000017196
70050000017197
70050000017198
70050000017199
70050000017200
70050000017206
70050000017207
70050000017208
70050000017209
70050000017210
70050000017211
70050000017212
70050000017213
70050000017214
70050000017215
70050000017216
70050000017217
70050000017218
70050000017219
70050000017220
70050000017222
70050000017223
70050000017224
70050000017225
70050000017226
70050000017227
70050000017228
70050000017229
70050000017230
70050000017231
70050000017232
70050000017233
70050000017234
70050000017235
70050000017236
70050000017237
70050000017238
70050000017239
70050000017240
70050000017242
70050000017243
70050000017244
70050000017245
70050000017246
70050000017247
70050000017248
70050000017249
70050000017250
70050000017251
70050000017252
70050000017253
70050000017254
70050000017255
70050000017256
70050000017257
70050000017258
70050000017259
70050000017260
70050000017263
70050000017264
70050000017265
70050000017266
70050000017267
70050000017268
70050000017269
70050000017270
70050000017271
70050000017272
70050000017273
70050000017274
70050000017275
70050000017276
70050000017277
70050000017278
70050000017279
70050000017280
70050000017281
70050000017282
70050000017283
70050000017284
70050000017285
70050000017286
70050000017287
70050000017288
70050000017289
70050000017290
70050000017291
70050000017292
70050000017293
70050000017294
70050000017295
70050000017296
70050000017297
70050000017298
70050000017299
70050000017300
70050000017304
70050000017305
70050000017306
70050000017307
70050000017308
70050000017309
70050000017310
70050000017311
70050000017312
70050000017313
70050000017314
70050000017315
70050000017316
70050000017317
70050000017318
70050000017319
70050000017320
70050000017321
70050000017327
70050000017328
70050000017329
70050000017330
70050000017331
70050000017332
70050000017333
70050000017334
70050000017335
70050000017336
70050000017337
70050000017338
70050000017339
70050000017340
70050000017342
70050000017343
70050000017344
70050000017345
70050000017346
70050000017347
70050000017348
70050000017349
70050000017350
70050000017351
70050000017352
70050000017353
70050000017354
70050000017355
70050000017356
70050000017357
70050000017358
70050000017359
70050000017360
70050000017362
70050000017363
70050000017364
70050000017365
70050000017366
70050000017367
70050000017368
70050000017369
70050000017370
70050000017371
70050000017372
70050000017373
70050000017374
70050000017375
70050000017376
70050000017377
70050000017378
70050000017379
70050000017380
70050000017382
70050000017383
70050000017384
70050000017385
70050000017386
70050000017387
70050000017388
70050000017389
70050000017390
70050000017391
70050000017392
70050000017393
70050000017394
70050000017395
70050000017396
70050000017397
70050000017398
70050000017399
70050000017400
70050000017409
70050000017410
70050000017411
70050000017412
70050000017413
70050000017414
70050000017415
70050000017416
70050000017417
70050000017418
70050000017419
70050000017420
70050000017421
70050000017435
70050000017436
70050000017437
70050000017438
70050000017439
70050000017440
70050000017444
70050000017445
70050000017446
70050000017447
70050000017448
70050000017449
70050000017450
70050000017451
70050000017452
70050000017453
70050000017454
70050000017455
70050000017456
70050000017457
70050000017458
70050000017459
70050000017460
70050000017470
70050000017472
70050000017473
70050000017474
70050000017475
70050000017476
70050000017477
70050000017478
70050000017479
70050000017480
70050000017482
70050000017483
70050000017484
70050000017485
70050000017486
70050000017487
70050000017488
70050000017489
70050000017490
70050000017491
70050000017492
70050000017493
70050000017494
70050000017495
70050000017496
70050000017497
70050000017498
70050000017499
70050000017500
70050000017502
70050000017503
70050000017504
70050000017505
70050000017506
70050000017507
70050000017508
70050000017509
70050000017510
70050000017511
70050000017512
70050000017513
70050000017514
70050000017515
70050000017516
70050000017517
70050000017518
70050000017519
70050000017520
70050000017524
70050000017526
70050000017527
70050000017528
70050000017529
70050000017530
70050000017531
70050000017532
70050000017533
70050000017534
70050000017535
70050000017536
70050000017537
70050000017538
70050000017539
70050000017540
70050000017553
70050000017554
70050000017555
70050000017556
70050000017557
70050000017558
70050000017559
70050000017560
70050000017561
70050000017562
70050000017563
70050000017564
70050000017565
70050000017566
70050000017567
70050000017568
70050000017569
70050000017570
70050000017571
70050000017572
70050000017573
70050000017574
70050000017575
70050000017576
70050000017577
70050000017578
70050000017579
70050000017580
70050000017622
70050000017623
70050000017624
70050000017625
70050000017626
70050000017627
70050000017628
70050000017629
70050000017630
70050000017631
70050000017632
70050000017633
70050000017634
70050000017635
70050000017636
70050000017637
70050000017638
70050000017639
70050000017640
70050000017664
70050000017665
70050000017666
70050000017667
70050000017668
70050000017669
70050000017670
70050000017671
70050000017672
70050000017673
70050000017674
70050000017675
70050000017676
70050000017677
70050000017678
70050000017679
70050000017680
70050000017684
70050000017685
70050000017686
70050000017687
70050000017688
70050000017689
70050000017690
70050000017691
70050000017692
70050000017693
70050000017694
70050000017695
70050000017696
70050000017697
70050000017698
70050000017699
70050000017700
70050000017702
70050000017703
70050000017704
70050000017705
70050000017706
70050000017707
70050000017708
70050000017709
70050000017710
70050000017711
70050000017712
70050000017713
70050000017714
70050000017715
70050000017716
70050000017717
70050000017718
70050000017719
70050000017720
70050000017722
70050000017723
70050000017724
70050000017725
70050000017726
70050000017727
70050000017728
70050000017729
70050000017730
70050000017731
70050000017732
70050000017733
70050000017734
70050000017735
70050000017736
70050000017737
70050000017738
70050000017739
70050000017740
70050000017784
70050000017785
70050000017786
70050000017787
70050000017788
70050000017789
70050000017790
70050000017791
70050000017792
70050000017793
70050000017794
70050000017795
70050000017796
70050000017797
70050000017798
70050000017799
70050000017800
70050000017802
70050000017803
70050000017804
70050000017805
70050000017806
70050000017807
70050000017808
70050000017809
70050000017810
70050000017811
70050000017812
70050000017813
70050000017814
70050000017815
70050000017816
70050000017817
70050000017818
70050000017819
70050000017820
70050000017821
70050000017822
70050000017823
70050000017824
70050000017825
70050000017826
70050000017827
70050000017828
70050000017829
70050000017830
70050000017831
70050000017832
70050000017833
70050000017834
70050000017835
70050000017836
70050000017837
70050000017838
70050000017839
70050000017840
70050000017841
70050000017842
70050000017843
70050000017844
70050000017845
70050000017846
70050000017847
70050000017848
70050000017849
70050000017850
70050000017851
70050000017852
70050000017853
70050000017854
70050000017855
70050000017856
70050000017857
70050000017858
70050000017859
70050000017860
70050000017865
70050000017866
70050000017867
70050000017868
70050000017869
70050000017870
70050000017871
70050000017872
70050000017873
70050000017874
70050000017875
70050000017876
70050000017877
70050000017878
70050000017879
70050000017880
70050000017883
70050000017884
70050000017885
70050000017886
70050000017887
70050000017888
70050000017889
70050000017890
70050000017908
70050000017909
70050000017910
70050000017911
70050000017912
70050000017913
70050000017914
70050000017915
70050000017916
70050000017917
70050000017918
70050000017919
70050000017920
70050000017922
70050000017923
70050000017924
70050000017925
70050000017926
70050000017927
70050000017928
70050000017929
70050000017930
70050000017931
70050000017932
70050000017933
70050000017934
70050000017935
70050000017936
70050000017937
70050000017938
70050000017939
70050000017940
70050000017942
70050000017943
70050000017944
70050000017945
70050000017946
70050000017947
70050000017948
70050000017949
70050000017950
70050000017951
70050000017952
70050000017953
70050000017954
70050000017955
70050000017956
70050000017957
70050000017958
70050000017959
70050000017960
70050000017961
70050000017962
70050000017963
70050000017964
70050000017965
70050000017966
70050000017967
70050000017968
70050000017969
70050000017970
70050000017971
70050000017972
70050000017973
70050000017974
70050000017975
70050000017976
70050000017977
70050000017978
70050000017979
70050000017980
70050000017986
70050000017987
70050000017988
70050000017989
70050000017991
70050000017992
70050000017993
70050000017994
70050000017995
70050000017996
70050000017997
70050000017998
70050000017999
70050000018000
70050000018002
70050000018003
70050000018004
70050000018005
70050000018006
70050000018007
70050000018008
70050000018009
70050000018010
70050000018011
70050000018012
70050000018013
70050000018014
70050000018015
70050000018016
70050000018017
70050000018018
70050000018019
70050000018020
70050000018022
70050000018023
70050000018024
70050000018025
70050000018026
70050000018027
70050000018028
70050000018029
70050000018030
70050000018031
70050000018032
70050000018033
70050000018034
70050000018035
70050000018036
70050000018037
70050000018038
70050000018039
70050000018040
70050000018044
70050000018045
70050000018046
70050000018047
70050000018048
70050000018049
70050000018050
70050000018051
70050000018052
70050000018053
70050000018054
70050000018055
70050000018056
70050000018057
70050000018058
70050000018059
70050000018060
70050000018066
70050000018067
70050000018068
70050000018069
70050000018070
70050000018071
70050000018072
70050000018073
70050000018074
70050000018075
70050000018076
70050000018077
70050000018078
70050000018079
70050000018080
70050000018092
70050000018130
70050000018131
70050000018132
70050000018268
70050000018272
70050000018273
70050000018274
70050000018275
70050000018276
70050000018277
70050000018278
70050000018279
70050000018280
70050000018284
70050000018286
70050000018290
70050000018349
70050000018397
70050000018399
70050000018433
70050000018434
70050000018435
70050000018436
70050000018437
70050000018438
70050000018439
70050000018440
70050000018441
70050000018442
70050000018443
70050000018444
70050000018458
70050000018459
70050000018460
70050000018480
70050000018499
70050000018521
70050000018553
70050000018590
70050000018591
70050000018592
70050000018593
70050000018594
70050000018595
70050000018596
70050000018597
70050000018598
70050000018599
70050000018600
70050000018605
70050000018660
70050000018661
70050000018686
70050000018692
70050000018693
70050000018694
70050000018695
70050000018696
70050000018697
70050000018698
70050000018699
70050000018700
70050000018708
70050000018709
70050000018710
70050000018711
70050000018712
70050000018713
70050000018714
70050000018715
70050000018716
70050000018717
70050000018718
70050000018719
70050000018720
70050000018731
70050000018732
70050000018734
70050000018735
70050000018736
70050000018737
70050000018738
70050000018739
70050000018740
70050000018741
70050000018742
70050000018743
70050000018744
70050000018745
70050000018746
70050000018747
70050000018748
70050000018749
70050000018750
70050000018751
70050000018752
70050000018753
70050000018754
70050000018755
70050000018756
70050000018757
70050000018758
70050000018759
70050000018760
70050000018761
70050000018774
70050000018775
70050000018776
70050000018777
70050000018778
70050000018779
70050000018780
70050000018782
70050000018783
70050000018784
70050000018785
70050000018786
70050000018787
70050000018788
70050000018789
70050000018790
70050000018791
70050000018792
70050000018793
70050000018794
70050000018795
70050000018796
70050000018797
70050000018798
70050000018799
70050000018800
70050000018823
70050000018824
70050000018838
70050000018839
70050000018840
70050000018841
70050000018842
70050000018843
70050000018844
70050000018845
70050000018846
70050000018847
70050000018848
70050000018849
70050000018850
70050000018851
70050000018852
70050000018853
70050000018854
70050000018855
70050000018856
70050000018857
70050000018858
70050000018859
70050000018860
70050000018906
70050000018907
70050000018908
70050000018909
70050000018910
70050000018911
70050000018912
70050000018913
70050000018914
70050000018915
70050000018916
70050000018917
70050000018918
70050000018919
70050000018920
70050000018934
70050000018987
70050000018988
70050000018989
70050000018990
70050000018991
70050000018992
70050000018993
70050000018994
70050000018995
70050000018996
70050000018997
70050000018998
70050000018999
70050000019000
70050000019002
70050000019003
70050000019004
70050000019005
70050000019006
70050000019007
70050000019008
70050000019009
70050000019010
70050000019011
70050000019012
70050000019013
70050000019014
70050000019015
70050000019016
70050000019017
70050000019018
70050000019019
70050000019020
70050000019022
70050000019023
70050000019024
70050000019025
70050000019026
70050000019027
70050000019028
70050000019029
70050000019030
70050000019031
70050000019032
70050000019033
70050000019034
70050000019035
70050000019036
70050000019037
70050000019038
70050000019039
70050000019040
70050000019042
70050000019123
70050000019164
70050000019165
70050000019166
70050000019167
70050000019168
70050000019169
70050000019170
70050000019171
70050000019172
70050000019173
70050000019174
70050000019175
70050000019176
70050000019177
70050000019178
70050000019179
70050000019180
70050000019182
70050000019191
70050000019196
70050000019197
70050000019198
70050000019199
70050000019200
70050000019242
70050000019249
70050000019252
70050000019275
70050000019280
70050000019288
70050000019291
70050000019292
70050000019293
70050000019309
70050000019314
70050000019323
70050000019333
70050000019334
70050000019335
70050000019336
70050000019337
70050000019338
70050000019339
70050000019340
70050000019370
70050000019371
70050000019372
70050000019442
70050000019443
70050000019444
70050000019445
70050000019446
70050000019447
70050000019448
70050000019449
70050000019450
70050000019451
70050000019452
70050000019453
70050000019454
70050000019455
70050000019456
70050000019457
70050000019458
70050000019459
70050000019460
70050000019494
70050000019495
70050000019496
70050000019497
70050000019498
70050000019499
70050000019500
70050000019601
70050000019639
70050000019640
70050000019642
70050000019649
70050000019650
70050000019651
70050000019667
70050000019677
70050000019680
70050000019681
70050000019749
70050000019772
70050000019773
70050000019774
70050000019775
70050000019776
70050000019777
70050000019778
70050000019779
70050000019780
70050000019783
70050000019805
70050000019807
70050000019832
70050000019891
70050000019892
70050000019893
70050000019894
70050000019895
70050000019896
70050000019897
70050000019898
70050000019899
70050000019900
70050000019902
70050000019903
70050000019904
70050000019905
70050000019906
70050000019907
70050000019908
70050000019909
70050000019910
70050000019911
70050000019912
70050000019913
70050000019914
70050000019915
70050000019916
70050000019917
70050000019918
70050000019919
70050000019920
70050000019922
70050000019923
70050000019924
70050000019925
70050000019926
70050000019927
70050000019928
70050000019929
70050000019930
70050000019931
70050000019932
70050000019933
70050000019934
70050000019935
70050000019936
70050000019937
70050000019938
70050000019939
70050000019940
70050000019963
70050000019964
70050000019965
70050000019966
70050000019967
70050000019968
70050000019969
70050000019970
70050000019971
70050000019972
70050000019973
70050000019974
70050000019975
70050000019976
70050000019977
70050000019978
70050000019979
70050000019980
70050000019987
70050000019989
70050000019991
70050000019992
70050000019997
70050000019998
70050000019999
70050000020000
70050000020001
70050000020004
70050000020005
70050000020006
70050000020007
70050000020008
70050000020009
70050000020010
70050000020011
70050000020012
70050000020013
70050000020014
70050000020015
70050000020016
70050000020017
70050000020018
70050000020019
70050000020020
70050000020033
70050000020034
70050000020035
70050000020036
70050000020037
70050000020038
70050000020039
70050000020040
70050000020054
70050000020055
70050000020056
70050000020057
70050000020058
70050000020059
70050000020060
70050000020061
70050000020065
70050000020066
70050000020067
70050000020068
70050000020069
70050000020070
70050000020071
70050000020072
70050000020073
70050000020074
70050000020075
70050000020076
70050000020077
70050000020078
70050000020079
70050000020080
70050000020102
70050000020103
70050000020104
70050000020105
70050000020106
70050000020107
70050000020108
70050000020109
70050000020110
70050000020111
70050000020112
70050000020113
70050000020114
70050000020115
70050000020116
70050000020117
70050000020118
70050000020119
70050000020120
70050000020123
70050000020124
70050000020125
70050000020126
70050000020127
70050000020128
70050000020129
70050000020130
70050000020131
70050000020132
70050000020133
70050000020134
70050000020135
70050000020136
70050000020137
70050000020138
70050000020139
70050000020140
70050000020146
70050000020147
70050000020148
70050000020149
70050000020150
70050000020151
70050000020152
70050000020153
70050000020154
70050000020155
70050000020156
70050000020157
70050000020158
70050000020159
70050000020160
70050000020167
70050000020168
70050000020169
70050000020170
70050000020171
70050000020172
70050000020173
70050000020174
70050000020175
70050000020176
70050000020177
70050000020178
70050000020179
70050000020180
70050000020183
70050000020185
70050000020186
70050000020187
70050000020188
70050000020189
70050000020190
70050000020191
70050000020192
70050000020193
70050000020194
70050000020195
70050000020196
70050000020197
70050000020198
70050000020199
70050000020200
70050000020203
70050000020204
70050000020205
70050000020206
70050000020207
70050000020208
70050000020209
70050000020210
70050000020211
70050000020212
70050000020213
70050000020214
70050000020215
70050000020216
70050000020217
70050000020218
70050000020219
70050000020220
70050000020222
70050000020223
70050000020224
70050000020225
70050000020226
70050000020227
70050000020228
70050000020229
70050000020230
70050000020231
70050000020232
70050000020233
70050000020234
70050000020235
70050000020236
70050000020237
70050000020238
70050000020239
70050000020240
70050000020242
70050000020257
70050000020258
70050000020259
70050000020260
70050000020261
70050000020265
70050000020266
70050000020267
70050000020271
70050000020272
70050000020273
70050000020274
70050000020275
70050000020277
70050000020278
70050000020279
70050000020280
70050000020281
70050000020282
70050000020283
70050000020284
70050000020285
70050000020286
70050000020287
70050000020288
70050000020289
70050000020290
70050000020291
70050000020292
70050000020293
70050000020305
70050000020306
70050000020307
70050000020308
70050000020309
70050000020310
70050000020311
70050000020312
70050000020313
70050000020314
70050000020315
70050000020316
70050000020317
70050000020318
70050000020319
70050000020320
70050000020322
70050000020323
70050000020324
70050000020325
70050000020326
70050000020327
70050000020328
70050000020329
70050000020330
70050000020331
70050000020332
70050000020333
70050000020334
70050000020335
70050000020336
70050000020337
70050000020338
70050000020339
70050000020340
70050000020352
70050000020353
70050000020354
70050000020355
70050000020356
70050000020357
70050000020358
70050000020359
70050000020360
70050000020370
70050000020429
70050000020430
70050000020431
70050000020432
70050000020433
70050000020434
70050000020435
70050000020436
70050000020437
70050000020438
70050000020439
70050000020440
70050000020442
70050000020443
70050000020444
70050000020445
70050000020446
70050000020447
70050000020448
70050000020449
70050000020450
70050000020451
70050000020452
70050000020453
70050000020454
70050000020455
70050000020456
70050000020457
70050000020458
70050000020459
70050000020460
70050000020465
70050000020475
70050000020480
70050000020482
70050000020483
70050000020484
70050000020485
70050000020486
70050000020487
70050000020488
70050000020489
70050000020490
70050000020491
70050000020492
70050000020493
70050000020494
70050000020495
70050000020496
70050000020497
70050000020498
70050000020499
70050000020500
70050000020508
70050000020509
70050000020510
70050000020511
70050000020512
70050000020513
70050000020514
70050000020515
70050000020516
70050000020517
70050000020518
70050000020519
70050000020520
70050000020531
70050000020532
70050000020533
70050000020534
70050000020535
70050000020536
70050000020537
70050000020538
70050000020539
70050000020540
70050000020545
70050000020546
70050000020547
70050000020548
70050000020549
70050000020550
70050000020551
70050000020552
70050000020553
70050000020554
70050000020555
70050000020556
70050000020557
70050000020558
70050000020559
70050000020560
70050000020569
70050000020570
70050000020571
70050000020572
70050000020573
70050000020574
70050000020575
70050000020576
70050000020577
70050000020578
70050000020579
70050000020580
70050000020582
70050000020583
70050000020584
70050000020585
70050000020586
70050000020587
70050000020588
70050000020589
70050000020590
70050000020591
70050000020592
70050000020593
70050000020594
70050000020595
70050000020596
70050000020597
70050000020598
70050000020599
70050000020600
70050000020602
70050000020603
70050000020604
70050000020605
70050000020606
70050000020607
70050000020608
70050000020609
70050000020610
70050000020611
70050000020612
70050000020613
70050000020614
70050000020615
70050000020616
70050000020617
70050000020618
70050000020619
70050000020620
70050000020626
70050000020630
70050000020631
70050000020632
70050000020633
70050000020634
70050000020635
70050000020636
70050000020637
70050000020638
70050000020639
70050000020640
70050000020642
70050000020643
70050000020644
70050000020645
70050000020646
70050000020647
70050000020648
70050000020649
70050000020650
70050000020651
70050000020652
70050000020653
70050000020654
70050000020655
70050000020656
70050000020657
70050000020658
70050000020659
70050000020660
70050000020670
70050000020671
70050000020672
70050000020673
70050000020674
70050000020675
70050000020676
70050000020677
70050000020678
70050000020679
70050000020680
70050000020684
70050000020686
70050000020687
70050000020688
70050000020689
70050000020690
70050000020691
70050000020692
70050000020693
70050000020694
70050000020695
70050000020696
70050000020697
70050000020698
70050000020699
70050000020700
70050000020707
70050000020708
70050000020709
70050000020710
70050000020711
70050000020712
70050000020713
70050000020714
70050000020715
70050000020716
70050000020717
70050000020718
70050000020719
70050000020720
70050000020725
70050000020726
70050000020727
70050000020728
70050000020729
70050000020730
70050000020731
70050000020732
70050000020733
70050000020734
70050000020735
70050000020736
70050000020737
70050000020738
70050000020739
70050000020740
70050000020741
70050000020742
70050000020743
70050000020744
70050000020745
70050000020746
70050000020747
70050000020748
70050000020749
70050000020750
70050000020751
70050000020752
70050000020753
70050000020754
70050000020755
70050000020756
70050000020757
70050000020758
70050000020759
70050000020760
70050000020767
70050000020768
70050000020769
70050000020770
70050000020771
70050000020772
70050000020773
70050000020774
70050000020775
70050000020776
70050000020777
70050000020778
70050000020779
70050000020780
70050000020834
70050000020835
70050000020836
70050000020837
70050000020838
70050000020839
70050000020840
70050000020842
70050000020843
70050000020844
70050000020845
70050000020846
70050000020847
70050000020848
70050000020849
70050000020850
70050000020851
70050000020852
70050000020853
70050000020854
70050000020855
70050000020856
70050000020857
70050000020858
70050000020859
70050000020860
70050000020863
70050000020864
70050000020865
70050000020866
70050000020867
70050000020868
70050000020869
70050000020870
70050000020871
70050000020872
70050000020873
70050000020874
70050000020875
70050000020876
70050000020877
70050000020878
70050000020879
70050000020880
70050000020883
70050000020888
70050000020892
70050000020893
70050000020894
70050000020895
70050000020896
70050000020897
70050000020898
70050000020899
70050000020900
70050000020907
70050000020908
70050000020927
70050000020940
70050000020968
70050000020969
70050000020974
70050000020975
70050000020976
70050000020977
70050000020978
70050000020979
70050000020980
70050000020983
70050000020984
70050000020985
70050000020986
70050000020987
70050000020988
70050000020989
70050000020990
70050000020991
70050000020992
70050000020993
70050000020994
70050000020995
70050000020996
70050000020997
70050000020998
70050000020999
70050000021000
70050000021002
70050000021003
70050000021004
70050000021067
70050000021068
70050000021070
70050000021071
70050000021072
70050000021073
70050000021074
70050000021110
70050000021136
70050000021165
70050000021167
70050000021274
70050000021337
70050000021402
70050000021439
70050000021441
70050000021474
70050000021499
70050000021500
70050000021501
70050000021507
70050000021508
70050000021509
70050000021510
70050000021511
70050000021512
70050000021513
70050000021514
70050000021515
70050000021516
70050000021517
70050000021518
70050000021519
70050000021521
70050000021522
70050000021539
70050000021575
70050000021576
70050000021577
70050000021578
70050000021579
70050000021584
70050000021586
70050000021624
70050000021625
70050000021626
70050000021627
70050000021628
70050000021629
70050000021630
70050000021631
70050000021632
70050000021633
70050000021634
70050000021635
70050000021636
70050000021637
70050000021638
70050000021639
70050000021699
70050000021700
70050000021704
70050000021705
70050000021708
70050000021710
70050000021728
70050000021729
70050000021740
70050000021741
70050000021742
70050000021743
70050000021745
70050000021746
70050000021747
70050000021748
70050000021753
70050000021767
70050000021768
70050000021769
70050000021842
70050000021843
70050000021844
70050000021845
70050000021846
70050000021847
70050000021848
70050000021849
70050000021850
70050000021851
70050000021852
70050000021853
70050000021854
70050000021855
70050000021856
70050000021857
70050000021858
70050000021859
70050000021986
70050000021987
70050000021988
70050000021991
70050000021992
70050000021993
70050000022177
70050000022196
70050000022232
70050000022233
70050000022234
70050000022235
70050000022236
70050000022237
70050000022238
70050000022239
70050000022261
70050000022264
70050000022265
70050000022267
70050000022268
70050000022269
70050000022356
70050000022372
70050000022373
70050000022374
70050000022375
70050000022376
70050000022377
70050000022388
70050000022402
70050000022443
70050000022446
70050000022447
70050000022448
70050000022449
70050000022450
70050000022451
70050000022452
70050000022453
70050000022454
70050000022455
70050000022456
70050000022457
70050000022458
70050000022459
70050000022500
70050000022507
70050000022508
70050000022509
70050000022536
70050000022537
70050000022538
70050000022539
70050000022540
70050000022541
70050000022542
70050000022543
70050000022544
70050000022545
70050000022546
70050000022547
70050000022548
70050000022595
70050000022596
70050000022597
70050000022598
70050000022599
70050000022673
70050000022674
70050000022679
70050000022710
70050000022711
70050000022715
70050000022716
70050000022717
70050000022729
70050000022730
70050000022759
70050000022760
70050000022761
70050000022762
70050000022763
70050000022764
70050000022765
70050000022766
70050000022769
70050000022770
70050000022771
70050000022772
70050000022773
70050000022774
70050000022775
70050000022776
70050000022777
70050000022778
70050000022781
70050000022797
70050000022798
70050000022799
70050000022800
70050000022801
70050000022803
70050000022804
70050000022805
70050000022814
70050000022818
70050000022819
70050000022820
70050000022821
70050000022822
70050000022823
70050000022824
70050000022825
70050000022826
70050000022827
70050000022828
70050000022829
70050000022830
70050000022831
70050000022832
70050000022833
70050000022834
70050000022835
70050000022836
70050000022837
70050000022838
70050000022839
70050000022840
70050000022841
70050000022842
70050000022884
70050000022885
70050000022907
70050000022908
70050000022909
70050000022910
70050000022911
70050000022912
70050000022913
70050000022914
70050000022915
70050000022916
70050000022917
70050000022918
70050000022919
70050000022920
70050000022921
70050000022922
70050000022923
70050000022924
70050000022925
70050000022926
70050000022927
70050000022928
70050000022929
70050000022930
70050000022931
70050000022932
70050000022933
70050000022934
70050000022936
70050000022937
70050000022938
70050000022939
70050000022940
70050000022941
70050000022942
70050000022943
70050000022944
70050000022945
70050000022946
70050000022947
70050000022948
70050000022949
70050000022950
70050000022951
70050000022952
70050000022953
70050000022954
70050000022955
70050000022956
70050000022957
70050000022958
70050000022959
70050000022960
70050000022961
70050000022962
70050000022963
70050000022964
70050000022965
70050000022966
70050000022967
70050000022968
70050000022969
70050000022970
70050000022971
70050000022972
70050000022973
70050000022974
70050000022975
70050000022976
70050000022977
70050000022978
70050000022979
70050000022980
70050000022981
70050000022982
70050000022983
70050000022984
70050000022985
70050000022986
70050000022987
70050000022988
70050000022989
70050000022996
70050000022997
70050000023034
70050000023047
70050000023048
70050000023049
70050000023052
70050000023053
70050000023054
70050000023078
70050000023129
70050000023194
70050000023195
70050000023196
70050000023199
70050000023217
70050000023228
70050000023229
70050000023230
70050000023231
70050000023232
70050000023262
70050000023263
70050000023264
70050000023265
70050000023266
70050000023267
70050000023268
70050000023269
70050000023270
70050000023271
70050000023272
70050000023273
70050000023274
70050000023275
70050000023276
70050000023277
70050000023278
70050000023279
70050000023280
70050000023281
70050000023282
70050000023305
70050000023306
70050000023319
70050000023335
70050000023398
70050000023409
70050000023410
70050000023420
70050000023443
70050000023506
70050000023514
70050000023515
70050000023516
70050000023517
70050000023518
70050000023519
70050000023593
70050000023655
70050000023665
70050000023787
70050000023788
70050000023789
70050000023803
70050000023891
70050000023947
70050000024009
70050000024010
70050000024197
70050000024232
70050000024233
70050000024234
70050000024235
70050000024236
70050000024237
70050000024238
70050000024239
70050000024240
70050000024296
70050000024302
70050000024303
70050000024304
70050000024305
70050000024306
70050000024394
70050000024395
70050000024501
70050000024505
70050000024506
70050000024507
70050000024508
70050000024509
70050000024510
70050000024511
70050000024512
70050000024513
70050000024514
70050000024515
70050000024516
70050000024517
70050000024518
70050000024519
70050000024520
70050000024546
70050000024557
70050000024558
70050000024561
70050000024562
70050000024578
70050000024579
70050000024580
70050000024581
70050000024582
70050000024583
70050000024584
70050000024585
70050000024586
70050000024587
70050000024588
70050000024589
70050000024590
70050000024591
70050000024592
70050000024593
70050000024594
70050000024595
70050000024605
70050000024606
70050000024607
70050000024608
70050000024609
70050000024610
70050000024611
70050000024612
70050000024613
70050000024614
70050000024615
70050000024616
70050000024617
70050000024618
70050000024619
70050000024620
70050000024684
70050000024685
70050000024686
70050000024687
70050000024688
70050000024689
70050000024690
70050000024691
70050000024692
70050000024693
70050000024694
70050000024695
70050000024696
70050000024697
70050000024698
70050000024699
70050000024700
70050000024739
70050000024756
70050000024758
70050000024759
70050000024760
70050000024776
70050000024777
70050000024778
70050000024779
70050000024780
70050000024782
70050000024870
70050000024871
70050000024872
70050000024873
70050000024874
70050000024875
70050000024876
70050000024877
70050000024878
70050000024879
70050000024880
70050000024890
70050000024893
70050000024904
70050000024908
70050000024917
70050000024923
70050000024927
70050000024936
70050000024947
70050000024948
70050000024949
70050000024950
70050000024958
70050000024969
70050000024974
70050000025022
70050000025029
70050000025030
70050000025031
70050000025032
70050000025033
70050000025034
70050000025035
70050000025036
70050000025037
70050000025038
70050000025039
70050000025040
70050000025043
70050000025044
70050000025045
70050000025046
70050000025047
70050000025048
70050000025049
70050000025050
70050000025051
70050000025052
70050000025053
70050000025054
70050000025055
70050000025056
70050000025057
70050000025058
70050000025059
70050000025060
70050000025225
70050000025233
70050000025269
70050000025270
70050000025271
70050000025273
70050000025293
70050000025294
70050000025295
70050000025296
70050000025297
70050000025298
70050000025299
70050000025300
70050000025319
70050000025320
70050000025321
70050000025322
70050000025323
70050000025324
70050000025325
70050000025326
70050000025345
70050000025346
70050000025347
70050000025348
70050000025349
70050000025350
70050000025351
70050000025352
70050000025383
70050000025405
70050000025406
70050000025407
70050000025408
70050000025409
70050000025410
70050000025411
70050000025412
70050000025413
70050000025414
70050000025415
70050000025416
70050000025417
70050000025418
70050000025419
70050000025420
70050000025437
70050000025512
70050000025513
70050000025514
70050000025515
70050000025516
70050000025517
70050000025518
70050000025519
70050000025520
70050000025553
70050000025554
70050000025555
70050000025556
70050000025581
70050000025583
70050000025584
70050000025587
70050000025588
70050000025589
70050000025590
70050000025591
70050000025592
70050000025593
70050000025594
70050000025595
70050000025596
70050000025597
70050000025598
70050000025599
70050000025600
70050000025605
70050000025607
70050000025646
70050000025655
70050000025717
70050000025718
70050000025719
70050000025720
70050000025741
70050000025742
70050000025757
70050000025760
70050000025849
70050000025863
70050000025873
70050000025957
70050000025958
70050000025959
70050000025960
70050000025995
70050000026024
70050000026025
70050000026026
70050000026027
70050000026028
70050000026029
70050000026030
70050000026031
70050000026032
70050000026033
70050000026034
70050000026035
70050000026036
70050000026037
70050000026038
70050000026039
70050000026040
70050000026072
70050000026077
70050000026126
70050000026127
70050000026128
70050000026129
70050000026130
70050000026131
70050000026132
70050000026133
70050000026134
70050000026135
70050000026136
70050000026137
70050000026138
70050000026139
70050000026140
70050000026209
70050000026261
70050000026265
70050000026266
70050000026267
70050000026268
70050000026269
70050000026270
70050000026271
70050000026272
70050000026273
70050000026274
70050000026275
70050000026276
70050000026277
70050000026278
70050000026279
70050000026280
70050000026303
70050000026319
70050000026332
70050000026355
70050000026357
70050000026358
70050000026359
70050000026360
70050000026365
70050000026378
70050000026419
70050000026422
70050000026423
70050000026424
70050000026425
70050000026426
70050000026427
70050000026428
70050000026429
70050000026430
70050000026431
70050000026432
70050000026433
70050000026434
70050000026435
70050000026436
70050000026437
70050000026438
70050000026439
70050000026440
70050000026457
70050000026458
70050000026459
70050000026460
70050000026461
70050000026462
70050000026463
70050000026638
70050000026639
70050000026640
70050000026649
70050000026650
70050000026651
70050000026652
70050000026653
70050000026654
70050000026655
70050000026656
70050000026657
70050000026658
70050000026659
70050000026660
70050000026678
70050000026683
70050000026702
70050000026703
70050000026704
70050000026705
70050000026706
70050000026707
70050000026708
70050000026709
70050000026710
70050000026711
70050000026712
70050000026713
70050000026714
70050000026715
70050000026716
70050000026717
70050000026718
70050000026719
70050000026720
70050000026790
70050000026791
70050000026792
70050000026793
70050000026794
70050000026795
70050000026796
70050000026797
70050000026798
70050000026799
70050000026800
70050000026806
70050000026807
70050000026808
70050000026809
70050000026859
70050000026922
70050000026923
70050000026924
70050000026925
70050000026926
70050000026927
70050000026928
70050000026929
70050000026930
70050000026931
70050000026932
70050000026933
70050000026934
70050000026935
70050000026936
70050000026937
70050000026938
70050000026939
70050000026940
70050000026990
70050000027007
70050000027009
70050000027011
70050000027013
70050000027019
70050000027062
70050000027074
70050000027086
70050000027095
70050000027096
70050000027097
70050000027098
70050000027099
70050000027100
70050000027128
70050000027129
70050000027130
70050000027131
70050000027163
70050000027169
70050000027185
70050000027186
70050000027187
70050000027188
70050000027189
70050000027190
70050000027191
70050000027192
70050000027193
70050000027194
70050000027195
70050000027196
70050000027197
70050000027198
70050000027199
70050000027200
70050000027204
70050000027220
70050000027288
70050000027309
70050000027310
70050000027311
70050000027312
70050000027313
70050000027314
70050000027315
70050000027316
70050000027317
70050000027318
70050000027319
70050000027320
70050000027328
70050000027415
70050000027416
70050000027432
70050000027433
70050000027435
70050000027436
70050000027437
70050000027438
70050000027439
70050000027440
70050000027441
70050000027442
70050000027628
70050000027629
70050000027630
70050000027632
70050000027633
70050000027634
70050000027635
70050000027636
70050000027637
70050000027638
70050000027639
70050000027640
70050000027641
70050000027642
70050000027643
70050000027644
70050000027645
70050000027646
70050000027647
70050000027648
70050000027649
70050000027650
70050000027686
70050000027687
70050000027689
70050000027690
70050000027712
70050000027713
70050000027715
70050000027716
70050000027760
70050000027761
70050000027763
70050000027764
70050000027776
70050000027777
70050000027778
70050000027779
70050000027780
70050000027781
70050000027814
70050000027838
70050000027839
70050000027840
70050000027855
70050000027869
70050000027949
70050000028162
70050000028176
70050000028180
70050000028241
70050000028359
70050000028369
70050000028371
70050000028435
70050000028454
70050000028491
70050000028528
70050000028534
70050000028535
70050000028536
70050000028537
70050000028538
70050000028539
70050000028540
70050000028608
70050000028609
70050000028610
70050000028611
70050000028637
70050000028638
70050000028641
70050000028646
70050000028647
70050000028667
70050000028698
70050000028739
70050000028740
70050000028757
70050000028763
70050000028819
70050000028820
70050000028909
70050000028924
70050000028926
70050000028929
70050000028931
70050000028938
70050000028939
70050000028940
70050000028998
70050000028999
70050000029000
70050000029001
70050000029002
70050000029004
70050000029005
70050000029039
70050000029040
70050000029041
70050000029042
70050000029043
70050000029044
70050000029045
70050000029046
70050000029047
70050000029048
70050000029049
70050000029050
70050000029051
70050000029052
70050000029053
70050000029054
70050000029094
70050000029095
70050000029106
70050000029110
70050000029111
70050000029116
70050000029117
70050000029118
70050000029119
70050000029120
70050000029220
70050000029254
70050000029255
70050000029256
70050000029257
70050000029258
70050000029259
70050000029260
70050000029261
70050000029262
70050000029266
70050000029270
70050000029271
70050000029272
70050000029273
70050000029274
70050000029275
70050000029276
70050000029277
70050000029278
70050000029279
70050000029280
70050000029281
70050000029282
70050000029283
70050000029284
70050000029285
70050000029286
70050000029287
70050000029288
70050000029289
70050000029290
70050000029291
70050000029292
70050000029293
70050000029294
70050000029295
70050000029296
70050000029297
70050000029298
70050000029299
70050000029300
70050000029304
70050000029310
70050000029392
70050000029393
70050000029394
70050000029395
70050000029396
70050000029397
70050000029398
70050000029399
70050000029400
70050000029449
70050000029452
70050000029456
70050000029457
70050000029459
70050000029460
70050000029463
70050000029464
70050000029466
70050000029467
70050000029468
70050000029469
70050000029470
70050000029471
70050000029472
70050000029473
70050000029474
70050000029475
70050000029476
70050000029477
70050000029478
70050000029479
70050000029480
70050000029519
70050000029544
70050000029554
70050000029559
70050000029595
70050000029596
70050000029597
70050000029598
70050000029599
70050000029600
70050000029647
70050000029648
70050000029694
70050000029695
70050000029696
70050000029697
70050000029698
70050000029699
70050000029700
70050000029714
70050000029755
70050000029759
70050000029760
70050000029770
70050000029773
70050000029774
70050000029775
70050000029777
70050000029784
70050000029786
70050000029788
70050000029790
70050000029791
70050000029792
70050000029793
70050000029794
70050000029813
70050000029814
70050000029841
70050000029868
70050000029874
70050000029875
70050000029876
70050000029877
70050000029878
70050000029879
70050000029880
70050000029911
70050000029923
70050000029936
70050000029937
70050000029938
70050000029941
70050000030014
70050000030015
70050000030030
70050000030031
70050000030032
70050000030033
70050000030034
70050000030035
70050000030036
70050000030037
70050000030038
70050000030039
70050000030040
70050000030065
70050000030180
70050000030196
70050000030200
70050000030208
70050000030212
70050000030213
70050000030214
70050000030216
70050000030221
70050000030225
70050000030226
70050000030246
70050000030247
70050000030248
70050000030249
70050000030250
70050000030251
70050000030252
70050000030253
70050000030254
70050000030255
70050000030256
70050000030257
70050000030258
70050000030259
70050000030260
70050000030296
70050000030297
70050000030339
70050000030340
70050000030349
70050000030381
70050000030398
70050000030399
70050000030501
70050000030502
70050000030503
70050000030509
70050000030510
70050000030511
70050000030512
70050000030513
70050000030514
70050000030515
70050000030516
70050000030517
70050000030518
70050000030519
70050000030520
70050000030532
70050000030533
70050000030534
70050000030535
70050000030536
70050000030537
70050000030538
70050000030539
70050000030540
70050000030541
70050000030560
70050000030569
70050000030585
70050000030589
70050000030593
70050000030596
70050000030597
70050000030620
70050000030624
70050000030626
70050000030645
70050000030646
70050000030656
70050000030659
70050000030660
70050000030664
70050000030685
70050000030686
70050000030687
70050000030688
70050000030689
70050000030690
70050000030691
70050000030692
70050000030693
70050000030694
70050000030695
70050000030696
70050000030697
70050000030698
70050000030699
70050000030700
70050000030753
70050000030777
70050000030784
70050000030785
70050000030786
70050000030787
70050000030788
70050000030789
70050000030790
70050000030791
70050000030792
70050000030793
70050000030794
70050000030795
70050000030796
70050000030797
70050000030798
70050000030799
70050000030800
70050000030847
70050000030948
70050000030959
70050000030960
70050000030965
70050000031045
70050000031047
70050000031048
70050000031142
70050000031262
70050000031263
70050000031264
70050000031265
70050000031274
70050000031347
70050000031348
70050000031361
70050000031364
70050000031365
70050000031410
70050000031416
70050000031464
70050000031468
70050000031471
70050000031632
70050000031633
70050000031634
70050000031635
70050000031636
70050000031637
70050000031638
70050000031639
70050000031640
70050000031668
70050000031678
70050000031681
70050000031683
70050000031687
70050000031689
70050000031691
70050000031692
70050000031693
70050000031694
70050000031773
70050000031788
70050000031794
70050000031795
70050000031796
70050000031797
70050000031798
70050000031799
70050000031800
70050000031809
70050000031810
70050000031811
70050000031812
70050000031813
70050000031814
70050000031815
70050000031816
70050000031817
70050000031818
70050000031819
70050000031820
70050000031821
70050000031840
70050000031855
70050000031856
70050000031857
70050000031858
70050000031886
70050000031887
70050000031888
70050000031889
70050000031907
70050000031908
70050000031909
70050000031910
70050000031911
70050000031912
70050000031913
70050000031914
70050000031915
70050000031916
70050000031917
70050000031918
70050000031919
70050000031920
70050000031921
70050000031974
70050000031975
70050000031976
70050000031977
70050000031978
70050000031979
70050000031980
70050000032003
70050000032004
70050000032005
70050000032006
70050000032007
70050000032008
70050000032009
70050000032010
70050000032011
70050000032012
70050000032013
70050000032065
70050000032066
70050000032067
70050000032068
70050000032117
70050000032118
70050000032119
70050000032120
70050000032151
70050000032152
70050000032276
70050000032277
70050000032278
70050000032279
70050000032280
70050000032284
70050000032285
70050000032286
70050000032287
70050000032288
70050000032289
70050000032290
70050000032291
70050000032292
70050000032293
70050000032294
70050000032295
70050000032296
70050000032297
70050000032298
70050000032299
70050000032300
70050000032315
70050000032318
70050000032319
70050000032320
70050000032348
70050000032388
70050000032397
70050000032398
70050000032399
70050000032400
70050000032461
70050000032470
70050000032476
70050000032493
70050000032494
70050000032562
70050000032563
70050000032564
70050000032565
70050000032566
70050000032567
70050000032568
70050000032569
70050000032570
70050000032571
70050000032572
70050000032573
70050000032574
70050000032575
70050000032576
70050000032577
70050000032578
70050000032579
70050000032580
70050000032581
70050000032617
70050000032618
70050000032622
70050000032642
70050000032643
70050000032644
70050000032645
70050000032646
70050000032647
70050000032648
70050000032649
70050000032650
70050000032651
70050000032652
70050000032653
70050000032654
70050000032655
70050000032656
70050000032657
70050000032658
70050000032659
70050000032660
70050000032663
70050000032665
70050000032673
70050000032674
70050000032677
70050000032722
70050000032742
70050000032743
70050000032744
70050000032745
70050000032746
70050000032747
70050000032748
70050000032749
70050000032750
70050000032751
70050000032752
70050000032753
70050000032754
70050000032755
70050000032756
70050000032757
70050000032758
70050000032759
70050000032760
70050000032786
70050000032787
70050000032803
70050000032804
70050000032805
70050000032806
70050000032840
70050000032920
70050000032921
70050000032922
70050000032923
70050000032925
70050000032937
70050000033228
70050000033269
70050000033285
70050000033293
70050000033298
70050000033350
70050000033351
70050000033352
70050000033353
70050000033354
70050000033355
70050000033356
70050000033357
70050000033358
70050000033359
70050000033360
70050000033368
70050000033369
70050000033370
70050000033371
70050000033372
70050000033375
70050000033448
70050000033500
70050000033505
70050000033531
70050000033532
70050000033533
70050000033534
70050000033535
70050000033536
70050000033537
70050000033538
70050000033539
70050000033540
70050000033608
70050000033726
70050000033796
70050000033804
70050000033805
70050000033807
70050000033874
70050000033879
70050000033880
70050000033881
70050000033882
70050000033883
70050000033897
70050000033898
70050000033899
70050000033900
70050000033953
70050000033965
70050000034002
70050000034111
70050000034117
70050000034118
70050000034119
70050000034120
70050000034156
70050000034252
70050000034253
70050000034254
70050000034255
70050000034256
70050000034257
70050000034258
70050000034259
70050000034260
70050000034373
70050000034374
70050000034375
70050000034376
70050000034377
70050000034378
70050000034379
70050000034380
70050000034395
70050000034422
70050000034429
70050000034443
70050000034444
70050000034446
70050000034447
70050000034448
70050000034449
70050000034450
70050000034451
70050000034452
70050000034453
70050000034454
70050000034455
70050000034456
70050000034457
70050000034458
70050000034459
70050000034460
70050000034637
70050000034638
70050000034639
70050000034640
70050000034654
70050000034684
70050000034695
70050000034696
70050000034697
70050000034698
70050000034699
70050000034700
70050000034747
70050000034748
70050000034749
70050000034750
70050000034751
70050000034752
70050000034753
70050000034754
70050000034755
70050000034756
70050000034757
70050000034758
70050000034759
70050000034760
70050000034761
70050000034763
70050000034764
70050000034765
70050000034766
70050000034770
70050000034774
70050000034778
70050000034779
70050000034781
70050000034782
70050000034783
70050000034784
70050000034785
70050000034786
70050000034787
70050000034788
70050000034789
70050000034790
70050000034791
70050000034792
70050000034793
70050000034794
70050000034795
70050000034796
70050000034797
70050000034798
70050000034799
70050000034800
70050000034812
70050000034831
70050000034832
70050000034833
70050000034834
70050000034835
70050000034836
70050000034837
70050000034838
70050000034839
70050000034840
70050000034857
70050000034859
70050000034860
70050000034917
70050000034922
70050000034923
70050000034924
70050000034925
70050000034926
70050000034927
70050000034928
70050000034929
70050000034930
70050000034931
70050000034932
70050000034933
70050000034934
70050000034935
70050000034936
70050000034937
70050000034938
70050000034939
70050000034940
70050000034961
70050000034965
70050000034968
70050000034975
70050000034977
70050000034978
70050000034979
70050000034980
70050000034981
70050000034982
70050000034983
70050000034984
70050000035040
70050000035041
70050000035046
70050000035047
70050000035048
70050000035049
70050000035050
70050000035051
70050000035052
70050000035053
70050000035054
70050000035055
70050000035056
70050000035057
70050000035058
70050000035059
70050000035060
70050000035076
70050000035079
70050000035126
70050000035127
70050000035128
70050000035129
70050000035156
70050000035168
70050000035174
70050000035175
70050000035176
70050000035177
70050000035178
70050000035179
70050000035180
70050000035186
70050000035197
70050000035203
70050000035204
70050000035205
70050000035206
70050000035207
70050000035208
70050000035209
70050000035210
70050000035211
70050000035212
70050000035213
70050000035214
70050000035215
70050000035216
70050000035217
70050000035218
70050000035219
70050000035220
70050000035243
70050000035246
70050000035247
70050000035248
70050000035249
70050000035250
70050000035251
70050000035252
70050000035253
70050000035254
70050000035255
70050000035256
70050000035257
70050000035258
70050000035259
70050000035260
70050000035301
70050000035302
70050000035303
70050000035310
70050000035373
70050000035374
70050000035375
70050000035376
70050000035377
70050000035378
70050000035392
70050000035409
70050000035421
70050000035470
70050000035475
70050000035488
70050000035489
70050000035502
70050000035503
70050000035504
70050000035505
70050000035506
70050000035507
70050000035508
70050000035509
70050000035510
70050000035511
70050000035512
70050000035513
70050000035549
70050000035553
70050000035554
70050000035555
70050000035556
70050000035557
70050000035558
70050000035559
70050000035560
70050000035684
70050000035690
70050000035692
70050000035703
70050000035706
70050000035724
70050000035754
70050000035788
70050000035791
70050000035807
70050000035835
70050000035910
70050000035911
70050000035912
70050000035913
70050000035914
70050000035915
70050000035940
70050000035941
70050000035943
70050000035960
70050000035976
70050000035983
70050000035984
70050000035985
70050000035986
70050000035991
70050000036015
70050000036090
70050000036110
70050000036111
70050000036112
70050000036113
70050000036114
70050000036151
70050000036152
70050000036170
70050000036171
70050000036172
70050000036173
70050000036174
70050000036175
70050000036176
70050000036177
70050000036178
70050000036179
70050000036180
70050000036210
70050000036211
70050000036253
70050000036259
70050000036263
70050000036296
70050000036297
70050000036298
70050000036317
70050000036341
70050000036357
70050000036358
70050000036363
70050000036364
70050000036374
70050000036375
70050000036376
70050000036377
70050000036378
70050000036379
70050000036380
70050000036382
70050000036385
70050000036386
70050000036387
70050000036390
70050000036391
70050000036392
70050000036393
70050000036394
70050000036395
70050000036396
70050000036397
70050000036398
70050000036399
70050000036400
70050000036453
70050000036467
70050000036469
70050000036502
70050000036506
70050000036559
70050000036560
70050000036564
70050000036565
70050000036618
70050000036682
70050000036684
70050000036687
70050000036689
70050000036690
70050000036691
70050000036692
70050000036693
70050000036694
70050000036695
70050000036696
70050000036697
70050000036698
70050000036699
70050000036700
70050000036711
70050000036719
70050000036728
70050000036757
70050000036759
70050000036879
70050000036880
70050000036887
70050000036889
70050000036890
70050000036891
70050000036892
70050000036893
70050000036894
70050000036895
70050000036896
70050000036897
70050000036898
70050000036899
70050000036900
70050000036901
70050000036921
70050000036960
70050000036961
70050000036963
70050000036978
70050000036980
70050000036997
70050000037079
70050000037093
70050000037102
70050000037103
70050000037104
70050000037105
70050000037106
70050000037107
70050000037108
70050000037109
70050000037110
70050000037111
70050000037112
70050000037113
70050000037114
70050000037115
70050000037116
70050000037117
70050000037118
70050000037119
70050000037120
70050000037149
70050000037150
70050000037151
70050000037232
70050000037234
70050000037302
70050000037308
70050000037331
70050000037336
70050000037385
70050000037407
70050000037408
70050000037409
70050000037410
70050000037411
70050000037412
70050000037413
70050000037414
70050000037415
70050000037416
70050000037417
70050000037418
70050000037419
70050000037420
70050000037453
70050000037477
70050000037478
70050000037496
70050000037505
70050000037542
70050000037543
70050000037544
70050000037545
70050000037546
70050000037596
70050000037617
70050000037618
70050000037619
70050000037620
70050000037626
70050000037628
70050000037629
70050000037630
70050000037631
70050000037632
70050000037633
70050000037672
70050000037684
70050000037689
70050000037698
70050000037713
70050000037714
70050000037715
70050000037716
70050000037717
70050000037718
70050000037719
70050000037724
70050000037726
70050000037727
70050000037733
70050000037739
70050000037743
70050000037823
70050000037824
70050000037842
70050000037854
70050000037871
70050000037909
70050000037917
70050000037919
70050000037931
70050000037933
70050000037934
70050000037935
70050000037974
70050000037975
70050000037976
70050000037977
70050000037978
70050000037979
70050000037980
70050000038005
70050000038071
70050000038118
70050000038181
70050000038220
70050000038243
70050000038244
70050000038255
70050000038257
70050000038262
70050000038263
70050000038264
70050000038271
70050000038274
70050000038276
70050000038277
70050000038280
70050000038281
70050000038284
70050000038286
70050000038290
70050000038291
70050000038294
70050000038298
70050000038300
70050000038303
70050000038308
70050000038430
70050000038431
70050000038432
70050000038441
70050000038472
70050000038473
70050000038474
70050000038475
70050000038476
70050000038477
70050000038478
70050000038479
70050000038480
70050000038554
70050000038555
70050000038556
70050000038557
70050000038558
70050000038559
70050000038560
70050000038561
70050000038562
70050000038565
70050000038566
70050000038567
70050000038575
70050000038624
70050000038697
70050000038727
70050000038733
70050000038762
70050000038763
70050000038786
70050000038787
70050000038790
70050000038796
70050000038797
70050000038798
70050000038799
70050000038800
70050000038859
70050000038860
70050000038876
70050000038891
70050000038892
70050000038893
70050000038894
70050000038895
70050000038896
70050000038911
70050000038946
70050000038947
70050000038948
70050000038949
70050000038950
70050000038951
70050000038952
70050000038953
70050000038954
70050000038955
70050000038956
70050000038957
70050000038958
70050000038959
70050000038960
70050000038991
70050000038994
70050000039012
70050000039013
70050000039067
70050000039071
70050000039097
70050000039098
70050000039099
70050000039100
70050000039102
70050000039152
70050000039153
70050000039163
70050000039170
70050000039189
70050000039190
70050000039191
70050000039192
70050000039193
70050000039194
70050000039195
70050000039196
70050000039197
70050000039198
70050000039199
70050000039200
70050000039222
70050000039226
70050000039231
70050000039243
70050000039244
70050000039245
70050000039248
70050000039258
70050000039265
70050000039269
70050000039270
70050000039271
70050000039272
70050000039273
70050000039274
70050000039275
70050000039276
70050000039277
70050000039278
70050000039279
70050000039280
70050000039283
70050000039284
70050000039285
70050000039286
70050000039287
70050000039288
70050000039289
70050000039290
70050000039291
70050000039292
70050000039293
70050000039294
70050000039295
70050000039296
70050000039297
70050000039298
70050000039299
70050000039300
70050000039307
70050000039308
70050000039309
70050000039310
70050000039311
70050000039312
70050000039313
70050000039314
70050000039315
70050000039316
70050000039317
70050000039318
70050000039319
70050000039320
70050000039327
70050000039328
70050000039329
70050000039330
70050000039331
70050000039332
70050000039333
70050000039334
70050000039335
70050000039336
70050000039337
70050000039338
70050000039339
70050000039340
70050000039342
70050000039348
70050000039349
70050000039351
70050000039352
70050000039353
70050000039354
70050000039355
70050000039356
70050000039357
70050000039358
70050000039359
70050000039360
70050000039398
70050000039399
70050000039400
70050000039480
70050000039514
70050000039516
70050000039517
70050000039518
70050000039519
70050000039520
70050000039521
70050000039523
70050000039524
70050000039525
70050000039526
70050000039527
70050000039528
70050000039529
70050000039530
70050000039531
70050000039532
70050000039533
70050000039534
70050000039535
70050000039536
70050000039537
70050000039538
70050000039539
70050000039540
70050000039542
70050000039543
70050000039544
70050000039545
70050000039546
70050000039547
70050000039548
70050000039549
70050000039550
70050000039551
70050000039552
70050000039553
70050000039554
70050000039555
70050000039556
70050000039557
70050000039558
70050000039559
70050000039560
70050000039591
70050000039592
70050000039593
70050000039594
70050000039595
70050000039596
70050000039601
70050000039602
70050000039603
70050000039604
70050000039605
70050000039606
70050000039607
70050000039608
70050000039609
70050000039610
70050000039611
70050000039612
70050000039613
70050000039614
70050000039615
70050000039616
70050000039617
70050000039618
70050000039619
70050000039620
70050000039622
70050000039623
70050000039624
70050000039625
70050000039626
70050000039627
70050000039628
70050000039629
70050000039630
70050000039631
70050000039632
70050000039633
70050000039634
70050000039635
70050000039636
70050000039637
70050000039638
70050000039639
70050000039640
70050000039642
70050000039643
70050000039644
70050000039645
70050000039646
70050000039647
70050000039648
70050000039649
70050000039650
70050000039651
70050000039652
70050000039653
70050000039654
70050000039655
70050000039656
70050000039657
70050000039658
70050000039659
70050000039660
70050000039677
70050000039678
70050000039679
70050000039680
70050000039728
70050000039729
70050000039730
70050000039731
70050000039732
70050000039733
70050000039734
70050000039735
70050000039736
70050000039737
70050000039738
70050000039739
70050000039740
70050000039775
70050000039859
70050000039860
70050000039864
70050000039865
70050000039866
70050000039867
70050000039868
70050000039869
70050000039870
70050000039871
70050000039872
70050000039873
70050000039874
70050000039875
70050000039876
70050000039877
70050000039878
70050000039879
70050000039880
70050000039918
70050000039946
70050000039947
70050000039949
70050000039951
70050000039967
70050000040075
70050000040091
70050000040092
70050000040093
70050000040094
70050000040095
70050000040096
70050000040097
70050000040098
70050000040099
70050000040100
70050000040138
70050000040153
70050000040154
70050000040155
70050000040176
70050000040185
70050000040186
70050000040187
70050000040188
70050000040189
70050000040190
70050000040191
70050000040192
70050000040193
70050000040194
70050000040195
70050000040196
70050000040197
70050000040198
70050000040199
70050000040200
70050000040204
70050000040205
70050000040211
70050000040272
70050000040273
70050000040284
70050000040289
70050000040290
70050000040291
70050000040292
70050000040293
70050000040294
70050000040295
70050000040296
70050000040297
70050000040298
70050000040299
70050000040300
70050000040345
70050000040346
70050000040350
70050000040355
70050000040358
70050000040361
70050000040374
70050000040375
70050000040376
70050000040382
70050000040426
70050000040427
70050000040428
70050000040429
70050000040430
70050000040431
70050000040432
70050000040433
70050000040434
70050000040435
70050000040436
70050000040437
70050000040438
70050000040439
70050000040440
70050000040516
70050000040521
70050000040522
70050000040525
70050000040526
70050000040528
70050000040529
70050000040551
70050000040565
70050000040712
70050000040750
70050000040752
70050000040753
70050000040754
70050000040755
70050000040756
70050000040757
70050000040758
70050000040759
70050000040760
70050000040761
70050000040762
70050000040763
70050000040764
70050000040765
70050000040766
70050000040767
70050000040768
70050000040769
70050000040770
70050000040771
70050000040772
70050000040773
70050000040774
70050000040775
70050000040776
70050000040777
70050000040779
70050000040800
70050000040801
70050000040817
70050000040849
70050000040865
70050000040928
70050000040963
70050000041077
70050000041078
70050000041079
70050000041080
70050000041081
70050000041083
70050000041084
70050000041085
70050000041132
70050000041133
70050000041134
70050000041137
70050000041138
70050000041139
70050000041140
70050000041141
70050000041144
70050000041145
70050000041146
70050000041147
70050000041148
70050000041149
70050000041150
70050000041169
70050000041170
70050000041190
70050000041213
70050000041222
70050000041286
70050000041306
70050000041323
70050000041326
70050000041343
70050000041350
70050000041352
70050000041354
70050000041355
70050000041479
70050000041480
70050000041520
70050000041521
70050000041522
70050000041523
70050000041524
70050000041525
70050000041526
70050000041527
70050000041528
70050000041529
70050000041530
70050000041531
70050000041577
70050000041628
70050000041629
70050000041630
70050000041631
70050000041632
70050000041633
70050000041635
70050000041636
70050000041686
70050000041697
70050000041722
70050000041739
70050000041741
70050000041742
70050000041744
70050000041746
70050000041749
70050000041750
70050000041751
70050000041756
70050000041757
70050000041758
70050000041759
70050000041760
70050000041761
70050000041762
70050000041766
70050000041775
70050000041792
70050000041804
70050000041809
70050000041855
70050000041903
70050000041904
70050000041905
70050000041906
70050000041990
70050000042052
70050000042057
70050000042058
70050000042060
70050000042063
70050000042064
70050000042107
70050000042108
70050000042116
70050000042169
70050000042174
70050000042184
70050000042185
70050000042186
70050000042187
70050000042232
70050000042267
70050000042268
70050000042269
70050000042270
70050000042272
70050000042273
70050000042274
70050000042275
70050000042311
70050000042312
70050000042323
70050000042325
70050000042326
70050000042327
70050000042328
70050000042329
70050000042333
70050000042340
70050000042362
70050000042365
70050000042368
70050000042395
70050000042396
70050000042397
70050000042406
70050000042407
70050000042408
70050000042457
70050000042458
70050000042459
70050000042460
70050000042466
70050000042467
70050000042468
70050000042469
70050000042470
70050000042471
70050000042472
70050000042473
70050000042474
70050000042475
70050000042476
70050000042477
70050000042478
70050000042479
70050000042480
70050000042481
70050000042482
70050000042483
70050000042484
70050000042485
70050000042486
70050000042487
70050000042488
70050000042489
70050000042490
70050000042491
70050000042492
70050000042493
70050000042494
70050000042495
70050000042496
70050000042497
70050000042498
70050000042499
70050000042500
70050000042501
70050000042502
70050000042503
70050000042504
70050000042505
70050000042506
70050000042507
70050000042508
70050000042509
70050000042510
70050000042511
70050000042512
70050000042513
70050000042514
70050000042515
70050000042516
70050000042527
70050000042528
70050000042529
70050000042534
70050000042535
70050000042536
70050000042537
70050000042538
70050000042539
70050000042540
70050000042541
70050000042542
70050000042543
70050000042544
70050000042545
70050000042550
70050000042565
70050000042566
70050000042567
70050000042570
70050000042571
70050000042610
70050000042613
70050000042614
70050000042615
70050000042617
70050000042618
70050000042619
70050000042620
70050000042624
70050000042628
70050000042632
70050000042685
70050000042689
70050000042692
70050000042765
70050000042766
70050000042789
70050000042790
70050000042794
70050000042795
70050000042804
70050000042805
70050000042827
70050000042850
70050000042887
70050000042893
70050000042912
70050000042914
70050000042915
70050000042916
70050000042935
70050000042968
70050000042969
70050000042971
70050000042976
70050000042977
70050000042986
70050000042997
70050000042999
70050000043008
70050000043029
70050000043031
70050000043078
70050000043079
70050000043081
70050000043082
70050000043083
70050000043084
70050000043085
70050000043086
70050000043088
70050000043089
70050000043090
70050000043091
70050000043092
70050000043093
70050000043094
70050000043095
70050000043096
70050000043097
70050000043102
70050000043135
70050000043138
70050000043162
70050000043165
70050000043214
70050000043236
70050000043239
70050000043240
70050000043299
70050000043344
70050000043358
70050000043361
70050000043444
70050000043445
70050000043446
70050000043447
70050000043448
70050000043449
70050000043450
70050000043452
70050000043453
70050000043454
70050000043455
70050000043456
70050000043457
70050000043506
70050000043519
70050000043528
70050000043608
70050000043609
70050000043610
70050000043611
70050000043612
70050000043613
70050000043620
70050000043632
70050000043635
70050000043648
70050000043649
70050000043650
70050000043658
70050000043659
70050000043660
70050000043661
70050000043662
70050000043663
70050000043665
70050000043666
70050000043693
70050000043694
70050000043786
70050000043793
70050000043952
70050000044019
70050000044025
70050000044037
70050000044077
70050000044080
70050000044119
70050000044121
70050000044131
70050000044133
70050000044152
70050000044201
70050000044202
70050000044206
70050000044207
70050000044210
70050000044294
70050000044295
70050000044296
70050000044297
70050000044298
70050000044299
70050000044300
70050000044301
70050000044302
70050000044305
70050000044306
70050000044341
70050000044375
70050000044376
70050000044377
70050000044378
70050000044398
70050000044437
70050000044438
70050000044439
70050000044440
70050000044441
70050000044442
70050000044443
70050000044444
70050000044445
70050000044446
70050000044447
70050000044448
70050000044449
70050000044450
70050000044483
70050000044553
70050000044554
70050000044559
70050000044563
70050000044577
70050000044600
70050000044602
70050000044614
70050000044645
70050000044650
70050000044659
70050000044685
70050000044686
70050000044687
70050000044688
70050000044691
70050000044755
70050000044756
70050000044757
70050000044758
70050000044759
70050000044760
70050000044761
70050000044762
70050000044763
70050000044764
70050000044778
70050000044830
70050000044848
70050000044852
70050000044853
70050000044854
70050000044887
70050000044938
70050000044985
70050000044994
70050000045006
70050000045007
70050000045008
70050000045009
70050000045010
70050000045011
70050000045012
70050000045013
70050000045022
70050000045032
70050000045033
70050000045034
70050000045035
70050000045037
70050000045066
70050000045075
70050000045076
70050000045077
70050000045189
70050000045200
70050000045234
70050000045286
70050000045289
70050000045292
70050000045348
70050000045351
70050000045352
70050000045353
70050000045393
70050000045396
70050000045397
70050000045398
70050000045399
70050000045438
70050000045447
70050000045450
70050000045451
70050000045508
70050000045523
70050000045565
70050000045567
70050000045569
70050000045573
70050000045575
70050000045582
70050000045637
70050000045674
70050000045675
70050000045676
70050000045677
70050000045678
70050000045698
70050000045699
70050000045700
70050000045701
70050000045702
70050000045703
70050000045704
70050000045705
70050000045706
70050000045707
70050000045708
70050000045709
70050000045710
70050000045711
70050000045712
70050000045713
70050000045714
70050000045715
70050000045716
70050000045717
70050000045718
70050000045719
70050000045720
70050000045721
70050000045722
70050000045723
70050000045724
70050000045729
70050000045806
70050000045807
70050000045817
70050000045911
70050000045954
70050000045955
70050000045956
70050000046015
70050000046016
70050000046017
70050000046061
70050000046066
70050000046122
70050000046180
70050000046181
70050000046182
70050000046183
70050000046184
70050000046185
70050000046186
70050000046187
70050000046188
70050000046189
70050000046190
70050000046200
70050000046233
70050000046245
70050000046246
70050000046249
70050000046279
70050000046296
70050000046327
70050000046328
70050000046350
70050000046383
70050000046384
70050000046385
70050000046393
70050000046394
70050000046395
70050000046396
70050000046397
70050000046398
70050000046399
70050000046400
70050000046401
70050000046402
70050000046403
70050000046404
70050000046405
70050000046406
70050000046407
70050000046408
70050000046409
70050000046410
70050000046427
70050000046430
70050000046431
70050000046432
70050000046433
70050000046434
70050000046435
70050000046436
70050000046438
70050000046458
70050000046459
70050000046462
70050000046474
70050000046475
70050000046476
70050000046477
70050000046478
70050000046479
70050000046480
70050000046481
70050000046482
70050000046502
70050000046503
70050000046504
70050000046505
70050000046506
70050000046507
70050000046508
70050000046509
70050000046510
70050000046546
70050000046547
70050000046566
70050000046567
70050000046568
70050000046569
70050000046570
70050000046571
70050000046572
70050000046582
70050000046589
70050000046599
70050000046655
70050000046656
70050000046657
70050000046668
70050000046669
70050000046671
70050000046672
70050000046714
70050000046715
70050000046716
70050000046717
70050000046718
70050000046719
70050000046720
70050000046721
70050000046722
70050000046723
70050000046724
70050000046725
70050000046726
70050000046727
70050000046728
70050000046729
70050000046730
70050000046757
70050000046781
70050000046782
70050000046788
70050000046824
70050000046827
70050000046854
70050000046863
70050000046869
70050000046872
70050000046890
70050000046919
70050000046920
70050000046921
70050000046922
70050000046923
70050000046924
70050000046925
70050000046926
70050000046971
70050000047008
70050000047009
70050000047010
70050000047034
70050000047080
70050000047253
70050000047266
70050000047267
70050000047277
70050000047278
70050000047293
70050000047294
70050000047304
70050000047305
70050000047310
70050000047312
70050000047315
70050000047316
70050000047317
70050000047318
70050000047319
70050000047320
70050000047321
70050000047322
70050000047323
70050000047324
70050000047325
70050000047326
70050000047327
70050000047328
70050000047329
70050000047330
70050000047418
70050000047596
70050000047601
70050000047602
70050000047603
70050000047604
70050000047605
70050000047606
70050000047607
70050000047608
70050000047609
70050000047610
70050000047761
70050000047762
70050000047763
70050000047764
70050000047765
70050000047766
70050000047767
70050000047768
70050000047769
70050000047770
70050000047811
70050000047812
70050000047813
70050000047814
70050000047815
70050000047816
70050000047817
70050000047818
70050000047819
70050000047820
70050000047821
70050000047822
70050000047823
70050000047824
70050000047832
70050000047833
70050000047852
70050000047857
70050000047858
70050000047859
70050000047860
70050000047861
70050000047862
70050000047863
70050000047864
70050000047865
70050000047866
70050000047867
70050000047868
70050000047869
70050000047870
70050000047995
70050000048136
70050000048142
70050000048151
70050000048152
70050000048154
70050000048155
70050000048166
70050000048214
70050000048215
70050000048216
70050000048244
70050000048264
70050000048268
70050000048270
70050000048360
70050000048361
70050000048362
70050000048363
70050000048364
70050000048365
70050000048366
70050000048367
70050000048368
70050000048369
70050000048370
70050000048402
70050000048404
70050000048405
70050000048406
70050000048407
70050000048408
70050000048409
70050000048410
70050000048411
70050000048412
70050000048457
70050000048458
70050000048459
70050000048460
70050000048463
70050000048473
70050000048474
70050000048475
70050000048476
70050000048479
70050000048480
70050000048481
70050000048482
70050000048485
70050000048486
70050000048487
70050000048488
70050000048491
70050000048492
70050000048493
70050000048494
70050000048507
70050000048508
70050000048509
70050000048603
70050000048608
70050000048609
70050000048610
70050000048611
70050000048698
70050000048699
70050000048700
70050000048701
70050000048702
70050000048703
70050000048704
70050000048705
70050000048706
70050000048707
70050000048708
70050000048709
70050000048710
70050000048725
70050000048774
70050000048775
70050000048782
70050000048788
70050000048789
70050000048790
70050000048791
70050000048792
70050000048793
70050000048794
70050000048795
70050000048808
70050000048868
70050000048869
70050000048870
70050000048970
70050000048971
70050000048972
70050000048980
70050000049064
70050000049088
70050000049105
70050000049106
70050000049107
70050000049108
70050000049109
70050000049110
70050000049179
70050000049382
70050000049383
70050000049384
70050000049385
70050000049386
70050000049387
70050000049388
70050000049389
70050000049390
70050000049391
70050000049410
70050000049423
70050000049424
70050000049425
70050000049426
70050000049427
70050000049428
70050000049594
70050000049595
70050000049596
70050000049597
70050000049598
70050000049599
70050000049600
70050000049601
70050000049602
70050000049603
70050000049604
70050000049605
70050000049606
70050000049607
70050000049608
70050000049609
70050000049610
70050000049619
70050000049620
70050000049731
70050000049738
70050000049739
70050000049740
70050000049741
70050000049742
70050000049743
70050000049744
70050000049745
70050000049746
70050000049747
70050000049748
70050000049749
70050000049750
70050000049752
70050000049759
70050000049760
70050000049761
70050000049762
70050000049763
70050000049764
70050000049766
70050000049767
70050000049768
70050000049769
70050000049770
70050000049788
70050000049795
70050000049813
70050000049816
70050000049817
70050000049818
70050000049833
70050000049853
70050000049939
70050000050004
70050000050005
70050000050006
70050000050007
70050000050008
70050000050009
70050000050010
70050000050186
70050000050218
70050000050219
70050000050220
70050000050221
70050000050222
70050000050223
70050000050224
70050000050225
70050000050226
70050000050227
70050000050228
70050000050229
70050000050230
70050000050231
70050000050232
70050000050233
70050000050234
70050000050235
70050000050236
70050000050237
70050000050264
70050000050265
70050000050266
70050000050267
70050000050268
70050000050269
70050000050270
70050000050319
70050000050408
70050000050409
70050000050410
70050000050479
70050000050510
70050000050535
70050000050536
70050000050548
70050000050549
70050000050550
70050000050556
70050000050619
70050000050670
70050000050688
70050000050690
70050000050691
70050000050692
70050000050693
70050000050737
70050000050738
70050000050739
70050000050741
70050000050795
70050000050999
70050000051010
70050000051026
70050000051075
70050000051080
70050000051211
70050000051212
70050000051225
70050000051226
70050000051227
70050000051230
70050000051231
70050000051232
70050000051233
70050000051234
70050000051285
70050000051290
70050000051322
70050000051323
70050000051324
70050000051325
70050000051327
70050000051328
70050000051329
70050000051330
70050000051331
70050000051332
70050000051333
70050000051334
70050000051335
70050000051336
70050000051337
70050000051338
70050000051339
70050000051340
70050000051341
70050000051342
70050000051343
70050000051344
70050000051345
70050000051346
70050000051347
70050000051348
70050000051395
70050000051397
70050000051398
70050000051399
70050000051401
70050000051402
70050000051403
70050000051404
70050000051405
70050000051406
70050000051407
70050000051408
70050000051409
70050000051410
70050000051411
70050000051412
70050000051413
70050000051414
70050000051415
70050000051416
70050000051417
70050000051418
70050000051419
70050000051420
70050000051421
70050000051422
70050000051423
70050000051424
70050000051425
70050000051426
70050000051427
70050000051429
70050000051430
70050000051432
70050000051433
70050000051434
70050000051435
70050000051436
70050000051437
70050000051438
70050000051439
70050000051440
70050000051441
70050000051442
70050000051443
70050000051444
70050000051445
70050000051446
70050000051447
70050000051448
70050000051449
70050000051450
70050000051451
70050000051452
70050000051453
70050000051454
70050000051455
70050000051456
70050000051457
70050000051458
70050000051459
70050000051460
70050000051461
70050000051462
70050000051463
70050000051464
70050000051465
70050000051466
70050000051467
70050000051470
70050000051475
70050000051476
70050000051477
70050000051480
70050000051481
70050000051482
70050000051483
70050000051486
70050000051487
70050000051489
70050000051490
70050000051491
70050000051492
70050000051493
70050000051495
70050000051496
70050000051497
70050000051499
70050000051501
70050000051502
70050000051503
70050000051504
70050000051505
70050000051512
70050000051513
70050000051532
70050000051562
70050000051603
70050000051607
70050000051608
70050000051609
70050000051610
70050000051627
70050000051785
70050000051786
70050000051812
70050000051878
70050000051879
70050000051903
70050000051904
70050000051922
70050000051923
70050000051924
70050000051925
70050000051926
70050000051927
70050000051928
70050000051929
70050000051930
70050000051981
70050000051982
70050000052009
70050000052010
70050000052011
70050000052012
70050000052039
70050000052040
70050000052041
70050000052042
70050000052043
70050000052044
70050000052045
70050000052046
70050000052047
70050000052048
70050000052049
70050000052050
70050000052129
70050000052130
70050000052156
70050000052180
70050000052181
70050000052182
70050000052183
70050000052184
70050000052185
70050000052186
70050000052187
70050000052188
70050000052189
70050000052190
70050000052311
70050000052314
70050000052315
70050000052316
70050000052317
70050000052318
70050000052322
70050000052323
70050000052324
70050000052325
70050000052329
70050000052330
70050000052343
70050000052369
70050000052370
70050000052371
70050000052380
70050000052385
70050000052386
70050000052387
70050000052388
70050000052389
70050000052390
70050000052436
70050000052487
70050000052491
70050000052492
70050000052493
70050000052495
70050000052496
70050000052505
70050000052506
70050000052508
70050000052509
70050000052510
70050000052519
70050000052520
70050000052521
70050000052522
70050000052523
70050000052524
70050000052525
70050000052526
70050000052527
70050000052528
70050000052529
70050000052530
70050000052598
70050000052599
70050000052600
70050000052601
70050000052608
70050000052609
70050000052610
70050000052611
70050000052612
70050000052613
70050000052614
70050000052615
70050000052616
70050000052633
70050000052634
70050000052635
70050000052636
70050000052676
70050000052873
70050000052874
70050000052875
70050000052876
70050000052877
70050000052878
70050000052879
70050000052880
70050000052881
70050000052882
70050000052883
70050000052884
70050000052885
70050000052886
70050000052887
70050000052888
70050000052889
70050000052890
70050000052959
70050000052960
70050000052961
70050000052963
70050000052964
70050000053043
70050000053044
70050000053045
70050000053046
70050000053047
70050000053048
70050000053049
70050000053050
70050000053051
70050000053076
70050000053126
70050000053127
70050000053133
70050000053134
70050000053135
70050000053136
70050000053137
70050000053141
70050000053143
70050000053144
70050000053145
70050000053146
70050000053147
70050000053148
70050000053149
70050000053150
70050000053278
70050000053279
70050000053280
70050000053285
70050000053291
70050000053292
70050000053293
70050000053294
70050000053295
70050000053296
70050000053297
70050000053298
70050000053299
70050000053300
70050000053301
70050000053302
70050000053303
70050000053304
70050000053305
70050000053306
70050000053307
70050000053308
70050000053309
70050000053310
70050000053315
70050000053328
70050000053420
70050000053426
70050000053453
70050000053455
70050000053456
70050000053457
70050000053458
70050000053459
70050000053460
70050000053461
70050000053462
70050000053463
70050000053464
70050000053465
70050000053466
70050000053467
70050000053468
70050000053469
70050000053470
70050000053477
70050000053479
70050000053486
70050000053503
70050000053528
70050000053529
70050000053530
70050000053588
70050000053617
70050000053620
70050000053657
70050000053727
70050000053740
70050000053789
70050000053791
70050000053792
70050000053793
70050000053794
70050000053795
70050000053796
70050000053797
70050000053798
70050000053799
70050000053800
70050000053801
70050000053802
70050000053803
70050000053804
70050000053805
70050000053806
70050000053807
70050000053808
70050000053809
70050000053810
70050000053816
70050000053855
70050000053879
70050000053885
70050000053890
70050000053891
70050000053926
70050000053932
70050000053946
70050000053975
70050000053976
70050000053977
70050000053978
70050000053979
70050000053980
70050000053981
70050000053982
70050000053983
70050000053984
70050000053985
70050000053986
70050000053987
70050000053988
70050000053989
70050000053990
70050000054052
70050000054064
70050000054076
70050000054135
70050000054136
70050000054137
70050000054138
70050000054139
70050000054140
70050000054141
70050000054142
70050000054143
70050000054144
70050000054145
70050000054146
70050000054147
70050000054148
70050000054149
70050000054150
70050000054151
70050000054153
70050000054230
70050000054310
70050000054315
70050000054316
70050000054317
70050000054318
70050000054319
70050000054320
70050000054321
70050000054322
70050000054323
70050000054324
70050000054325
70050000054326
70050000054327
70050000054328
70050000054329
70050000054330
70050000054495
70050000054496
70050000054572
70050000054573
70050000054574
70050000054575
70050000054576
70050000054577
70050000054578
70050000054579
70050000054580
70050000054581
70050000054582
70050000054583
70050000054584
70050000054585
70050000054586
70050000054587
70050000054588
70050000054589
70050000054590
70050000054593
70050000054746
70050000054747
70050000054748
70050000054749
70050000054750
70050000054754
70050000054755
70050000054756
70050000054757
70050000054758
70050000054759
70050000054760
70050000054761
70050000054762
70050000054763
70050000054764
70050000054765
70050000054766
70050000054767
70050000054768
70050000054769
70050000054770
70050000054771
70050000054813
70050000054814
70050000054815
70050000054816
70050000054817
70050000054818
70050000054819
70050000054820
70050000054821
70050000054822
70050000054823
70050000054824
70050000054825
70050000054826
70050000054827
70050000054828
70050000054829
70050000054830
70050000054835
70050000054836
70050000054837
70050000054838
70050000054839
70050000054840
70050000054841
70050000054842
70050000054843
70050000054844
70050000054845
70050000054846
70050000054847
70050000054848
70050000054849
70050000054850
70050000054857
70050000054858
70050000054861
70050000054862
70050000054863
70050000054864
70050000054865
70050000054866
70050000054867
70050000054868
70050000054869
70050000054870
70050000054908
70050000054909
70050000054910
70050000054913
70050000054914
70050000054915
70050000054938
70050000054939
70050000054940
70050000054943
70050000054944
70050000054945
70050000054948
70050000054949
70050000054950
70050000054953
70050000054954
70050000054955
70050000054958
70050000054959
70050000054960
70050000054963
70050000054964
70050000054965
70050000054968
70050000054969
70050000054976
70050000054977
70050000054978
70050000054979
70050000054980
70050000054981
70050000054982
70050000054983
70050000054984
70050000054985
70050000054986
70050000054987
70050000054988
70050000054989
70050000054990
70050000055016
70050000055017
70050000055018
70050000055019
70050000055020
70050000055021
70050000055022
70050000055023
70050000055024
70050000055025
70050000055026
70050000055027
70050000055028
70050000055029
70050000055030
70050000055129
70050000055130
70050000055203
70050000055210
70050000055211
70050000055235
70050000055237
70050000055238
70050000055244
70050000055369
70050000055370
70050000055378
70050000055379
70050000055380
70050000055381
70050000055382
70050000055383
70050000055384
70050000055385
70050000055386
70050000055387
70050000055388
70050000055389
70050000055390
70050000055420
70050000055454
70050000055491
70050000055511
70050000055542
70050000055543
70050000055544
70050000055545
70050000055546
70050000055547
70050000055548
70050000055549
70050000055550
70050000055657
70050000055674
70050000055784
70050000055785
70050000055786
70050000055787
70050000055788
70050000055789
70050000055790
70050000055796
70050000055797
70050000055798
70050000055808
70050000055891
70050000055894
70050000055896
70050000055897
70050000055900
70050000055904
70050000055906
70050000055948
70050000055951
70050000055956
70050000055966
70050000055967
70050000055968
70050000055969
70050000055970
70050000055990
70050000056039
70050000056078
70050000056079
70050000056080
70050000056081
70050000056082
70050000056083
70050000056084
70050000056085
70050000056086
70050000056087
70050000056088
70050000056089
70050000056090
70050000056188
70050000056221
70050000056222
70050000056223
70050000056224
70050000056225
70050000056226
70050000056227
70050000056228
70050000056229
70050000056230
70050000056237
70050000056238
70050000056239
70050000056240
70050000056241
70050000056242
70050000056243
70050000056244
70050000056245
70050000056246
70050000056247
70050000056248
70050000056249
70050000056250
70050000056251
70050000056262
70050000056300
70050000056313
70050000056330
70050000056344
70050000056345
70050000056346
70050000056347
70050000056348
70050000056349
70050000056350
70050000056351
70050000056352
70050000056353
70050000056354
70050000056355
70050000056356
70050000056357
70050000056358
70050000056359
70050000056360
70050000056361
70050000056362
70050000056363
70050000056364
70050000056365
70050000056366
70050000056367
70050000056368
70050000056369
70050000056370
70050000056371
70050000056372
70050000056373
70050000056374
70050000056375
70050000056376
70050000056377
70050000056378
70050000056379
70050000056380
70050000056381
70050000056382
70050000056383
70050000056384
70050000056385
70050000056386
70050000056387
70050000056388
70050000056389
70050000056390
70050000056391
70050000056392
70050000056393
70050000056394
70050000056395
70050000056396
70050000056397
70050000056398
70050000056399
70050000056400
70050000056401
70050000056402
70050000056403
70050000056505
70050000056506
70050000056507
70050000056508
70050000056509
70050000056510
70050000056517
70050000056524
70050000056555
70050000056565
70050000056566
70050000056572
70050000056573
70050000056574
70050000056575
70050000056576
70050000056577
70050000056578
70050000056579
70050000056580
70050000056581
70050000056582
70050000056583
70050000056584
70050000056585
70050000056586
70050000056587
70050000056588
70050000056589
70050000056590
70050000056591
70050000056592
70050000056640
70050000056698
70050000056699
70050000056700
70050000056701
70050000056702
70050000056703
70050000056704
70050000056705
70050000056706
70050000056707
70050000056708
70050000056709
70050000056710
70050000056711
70050000056745
70050000056748
70050000056759
70050000056770
70050000056771
70050000056846
70050000056853
70050000056854
70050000056855
70050000056861
70050000056862
70050000056863
70050000056873
70050000056874
70050000056875
70050000056876
70050000056877
70050000056880
70050000056894
70050000056895
70050000056896
70050000056897
70050000056898
70050000056899
70050000056900
70050000056901
70050000056902
70050000056903
70050000056904
70050000056905
70050000056906
70050000056907
70050000056908
70050000056909
70050000056910
70050000056946
70050000056947
70050000056948
70050000056949
70050000056950
70050000056951
70050000056952
70050000056953
70050000056954
70050000056955
70050000056956
70050000056957
70050000057005
70050000057017
70050000057018
70050000057019
70050000057020
70050000057032
70050000057033
70050000057054
70050000057057
70050000057058
70050000057082
70050000057083
70050000057087
70050000057104
70050000057106
70050000057108
70050000057109
70050000057112
70050000057113
70050000057126
70050000057136
70050000057137
70050000057165
70050000057190
70050000057191
70050000057192
70050000057194
70050000057203
70050000057204
70050000057212
70050000057219
70050000057220
70050000057227
70050000057228
70050000057229
70050000057267
70050000057268
70050000057270
70050000057271
70050000057277
70050000057278
70050000057279
70050000057280
70050000057281
70050000057282
70050000057283
70050000057284
70050000057285
70050000057286
70050000057287
70050000057288
70050000057289
70050000057290
70050000057291
70050000057309
70050000057365
70050000057366
70050000057373
70050000057374
70050000057375
70050000057376
70050000057377
70050000057378
70050000057379
70050000057380
70050000057381
70050000057382
70050000057383
70050000057384
70050000057385
70050000057386
70050000057387
70050000057388
70050000057389
70050000057390
70050000057397
70050000057456
70050000057492
70050000057494
70050000057503
70050000057508
70050000057513
70050000057518
70050000057519
70050000057520
70050000057521
70050000057522
70050000057523
70050000057524
70050000057525
70050000057526
70050000057527
70050000057528
70050000057529
70050000057530
70050000057533
70050000057552
70050000057553
70050000057555
70050000057556
70050000057558
70050000057559
70050000057560
70050000057564
70050000057583
70050000057678
70050000057679
70050000057680
70050000057681
70050000057682
70050000057683
70050000057684
70050000057685
70050000057686
70050000057687
70050000057688
70050000057689
70050000057690
70050000057774
70050000057777
70050000057778
70050000057779
70050000057780
70050000057781
70050000057782
70050000057783
70050000057784
70050000057785
70050000057786
70050000057787
70050000057788
70050000057789
70050000057790
70050000057801
70050000057806
70050000057809
70050000057810
70050000057819
70050000057821
70050000057823
70050000057824
70050000057893
70050000057894
70050000057902
70050000057940
70050000057941
70050000057942
70050000057952
70050000057953
70050000057954
70050000057955
70050000057956
70050000057957
70050000057958
70050000057959
70050000057960
70050000057961
70050000057962
70050000057963
70050000057964
70050000057965
70050000057966
70050000057967
70050000057968
70050000057969
70050000057970
70050000058021
70050000058022
70050000058023
70050000058024
70050000058044
70050000058046
70050000058047
70050000058048
70050000058049
70050000058050
70050000058051
70050000058052
70050000058068
70050000058091
70050000058092
70050000058093
70050000058094
70050000058095
70050000058096
70050000058097
70050000058098
70050000058099
70050000058100
70050000058101
70050000058102
70050000058103
70050000058107
70050000058117
70050000058120
70050000058121
70050000058122
70050000058123
70050000058125
70050000058126
70050000058130
70050000058131
70050000058132
70050000058133
70050000058134
70050000058135
70050000058153
70050000058157
70050000058158
70050000058159
70050000058160
70050000058161
70050000058162
70050000058163
70050000058164
70050000058165
70050000058166
70050000058167
70050000058168
70050000058169
70050000058170
70050000058172
70050000058173
70050000058174
70050000058175
70050000058176
70050000058177
70050000058178
70050000058179
70050000058180
70050000058181
70050000058182
70050000058183
70050000058184
70050000058185
70050000058186
70050000058187
70050000058188
70050000058203
70050000058209
70050000058210
70050000058211
70050000058221
70050000058233
70050000058238
70050000058239
70050000058240
70050000058249
70050000058298
70050000058299
70050000058300
70050000058301
70050000058302
70050000058303
70050000058322
70050000058323
70050000058346
70050000058365
70050000058366
70050000058367
70050000058428
70050000058429
70050000058458
70050000058459
70050000058460
70050000058461
70050000058463
70050000058464
70050000058465
70050000058466
70050000058468
70050000058469
70050000058470
70050000058471
70050000058473
70050000058474
70050000058475
70050000058476
70050000058478
70050000058479
70050000058480
70050000058481
70050000058483
70050000058484
70050000058485
70050000058486
70050000058488
70050000058489
70050000058490
70050000058491
70050000058493
70050000058494
70050000058495
70050000058496
70050000058497
70050000058498
70050000058499
70050000058500
70050000058501
70050000058502
70050000058503
70050000058504
70050000058505
70050000058506
70050000058507
70050000058508
70050000058509
70050000058510
70050000058511
70050000058512
70050000058513
70050000058514
70050000058515
70050000058516
70050000058517
70050000058518
70050000058519
70050000058520
70050000058521
70050000058522
70050000058523
70050000058524
70050000058525
70050000058526
70050000058527
70050000058528
70050000058529
70050000058530
70050000058537
70050000058538
70050000058539
70050000058540
70050000058541
70050000058542
70050000058543
70050000058544
70050000058545
70050000058546
70050000058547
70050000058548
70050000058549
70050000058590
70050000058591
70050000058592
70050000058593
70050000058633
70050000058706
70050000058708
70050000058724
70050000058726
70050000058733
70050000058767
70050000058768
70050000058769
70050000058770
70050000058771
70050000058772
70050000058773
70050000058774
70050000058775
70050000058776
70050000058777
70050000058778
70050000058779
70050000058780
70050000058781
70050000058784
70050000058786
70050000058788
70050000058790
70050000058836
70050000058843
70050000058844
70050000058845
70050000058846
70050000058847
70050000058848
70050000058849
70050000058850
70050000058851
70050000058852
70050000058853
70050000058854
70050000058855
70050000058871
70050000058873
70050000058874
70050000058875
70050000058876
70050000058877
70050000058910
70050000058911
70050000058912
70050000058914
70050000058981
70050000058991
70050000058992
70050000058993
70050000058994
70050000058995
70050000059003
70050000059004
70050000059005
70050000059006
70050000059015
70050000059016
70050000059017
70050000059018
70050000059019
70050000059041
70050000059045
70050000059071
70050000059072
70050000059073
70050000059074
70050000059077
70050000059082
70050000059083
70050000059084
70050000059089
70050000059099
70050000059124
70050000059125
70050000059136
70050000059145
70050000059148
70050000059152
70050000059171
70050000059172
70050000059173
70050000059174
70050000059175
70050000059178
70050000059179
70050000059180
70050000059181
70050000059182
70050000059183
70050000059184
70050000059194
70050000059196
70050000059205
70050000059210
70050000059211
70050000059217
70050000059219
70050000059220
70050000059221
70050000059222
70050000059223
70050000059224
70050000059225
70050000059227
70050000059228
70050000059233
70050000059236
70050000059237
70050000059238
70050000059242
70050000059249
70050000059251
70050000059256
70050000059260
70050000059261
70050000059262
70050000059263
70050000059264
70050000059265
70050000059266
70050000059267
70050000059268
70050000059269
70050000059271
70050000059272
70050000059273
70050000059274
70050000059275
70050000059276
70050000059277
70050000059278
70050000059279
70050000059280
70050000059281
70050000059282
70050000059283
70050000059284
70050000059286
70050000059287
70050000059289
70050000059290
70050000059291
70050000059292
70050000059293
70050000059295
70050000059296
70050000059297
70050000059298
70050000059299
70050000059300
70050000059301
70050000059302
70050000059303
70050000059307
70050000059308
70050000059309
70050000059310
70050000059311
70050000059312
70050000059313
70050000059314
70050000059315
70050000059316
70050000059317
70050000059318
70050000059319
70050000059320
70050000059321
70050000059322
70050000059323
70050000059324
70050000059325
70050000059326
70050000059327
70050000059328
70050000059329
70050000059330
70050000059331
70050000059332
70050000059333
70050000059334
70050000059335
70050000059336
70050000059337
70050000059338
70050000059339
70050000059340
70050000059341
70050000059342
70050000059360
70050000059361
70050000059362
70050000059363
70050000059364
70050000059365
70050000059367
70050000059368
70050000059369
70050000059370
70050000059371
70050000059372
70050000059389
70050000059390
70050000059391
70050000059392
70050000059393
70050000059394
70050000059395
70050000059396
70050000059397
70050000059398
70050000059399
70050000059400
70050000059401
70050000059402
70050000059403
70050000059404
70050000059405
70050000059406
70050000059407
70050000059408
70050000059410
70050000059411
70050000059412
70050000059413
70050000059414
70050000059415
70050000059416
70050000059417
70050000059418
70050000059419
70050000059420
70050000059421
70050000059422
70050000059423
70050000059424
70050000059425
70050000059426
70050000059427
70050000059434
70050000059437
70050000059444
70050000059446
70050000059447
70050000059448
70050000059449
70050000059450
70050000059451
70050000059452
70050000059453
70050000059454
70050000059455
70050000059456
70050000059457
70050000059458
70050000059459
70050000059460
70050000059462
70050000059463
70050000059464
70050000059465
70050000059466
70050000059467
70050000059468
70050000059469
70050000059470
70050000059471
70050000059472
70050000059473
70050000059474
70050000059475
70050000059476
70050000059477
70050000059478
70050000059479
70050000059480
70050000059481
70050000059494
70050000059500
70050000059505
70050000059507
70050000059517
70050000059519
70050000059522
70050000059523
70050000059524
70050000059525
70050000059526
70050000059527
70050000059538
70050000059539
70050000059540
70050000059541
70050000059542
70050000059543
70050000059544
70050000059545
70050000059546
70050000059547
70050000059548
70050000059549
70050000059550
70050000059551
70050000059552
70050000059553
70050000059554
70050000059555
70050000059556
70050000059557
70050000059558
70050000059559
70050000059560
70050000059561
70050000059562
70050000059563
70050000059564
70050000059565
70050000059566
70050000059567
70050000059568
70050000059569
70050000059570
70050000059571
70050000059572
70050000059573
70050000059574
70050000059575
70050000059576
70050000059577
70050000059578
70050000059579
70050000059588
70050000059589
70050000059590
70050000059591
70050000059592
70050000059593
70050000059595
70050000059596
70050000059597
70050000059598
70050000059599
70050000059600
70050000059601
70050000059602
70050000059603
70050000059604
70050000059605
70050000059606
70050000059607
70050000059608
70050000059609
70050000059617
70050000059619
70050000059620
70050000059621
70050000059623
70050000059624
70050000059625
70050000059626
70050000059627
70050000059631
70050000059632
70050000059633
70050000059634
70050000059635
70050000059636
70050000059637
70050000059638
70050000059639
70050000059640
70050000059641
70050000059642
70050000059643
70050000059647
70050000059648
70050000059649
70050000059650
70050000059651
70050000059652
70050000059653
70050000059654
70050000059656
70050000059657
70050000059658
70050000059659
70050000059664
70050000059665
70050000059666
70050000059667
70050000059668
70050000059669
70050000059741
70050000059742
70050000059743
70050000059744
70050000059745
70050000059746
70050000059747
70050000059748
70050000059749
70050000059750
70050000059751
70050000059752
70050000059753
70050000059754
70050000059755
70050000059756
70050000059757
70050000059758
70050000059759
70050000059760
70050000059761
70050000059762
70050000059763
70050000059764
70050000059765
70050000059766
70050000059767
70050000059768
70050000059769
70050000059770
70050000059771
70050000059772
70050000059773
70050000059774
70050000059775
70050000059776
70050000059777
70050000059778
70050000059779
70050000059780
70050000059781
70050000059782
70050000059783
70050000059784
70050000059785
70050000059786
70050000059787
70050000059788
70050000059789
70050000059790
70050000059791
70050000059792
70050000059793
70050000059794
70050000059795
70050000059796
70050000059797
70050000059798
70050000059799
70050000059800
70050000059801
70050000059803
70050000059804
70050000059805
70050000059806
70050000059807
70050000059809
70050000059810
70050000059811
70050000059812
70050000059813
70050000059814
70050000059815
70050000059816
70050000059817
70050000059819
70050000059820
70050000059821
70050000059822
70050000059823
70050000059824
70050000059825
70050000059826
70050000059827
70050000059828
70050000059829
70050000059830
70050000059831
70050000059832
70050000059833
70050000059834
70050000059835
70050000059836
70050000059837
70050000059838
70050000059839
70050000059840
70050000059841
70050000059842
70050000059843
70050000059844
70050000059845
70050000059846
70050000059847
70050000059848
70050000059849
70050000059850
70050000059851
70050000059852
70050000059853
70050000059855
70050000059856
70050000059857
70050000059858
70050000059859
70050000059860
70050000059861
70050000059862
70050000059865
70050000059866
70050000059867
70050000059868
70050000059869
70050000059870
70050000059871
70050000059873
70050000059875
70050000059878
70050000059885
70050000059890
70050000059894
70050000059903
70050000059904
70050000059920
70050000059921
70050000059922
70050000059924
70050000059925
70050000059926
70050000059927
70050000059928
70050000059929
70050000059930
70050000059940
70050000059941
70050000059943
70050000059944
70050000059945
70050000059946
70050000059947
70050000059948
70050000059949
70050000059950
70050000059952
70050000059957
70050000059960
70050000059961
70050000059963
70050000059964
70050000059965
70050000059971
70050000059972
70050000059973
70050000059974
70050000059975
70050000059976
70050000059977
70050000059978
70050000059979
70050000059980
70050000060005
70050000060006
70050000060009
70050000060012
70050000060024
70050000060025
70050000060026
70050000060027
70050000060028
70050000060029
70050000060030
70050000060031
70050000060032
70050000060042
70050000060043
70050000060047
70050000060077
70050000060080
70050000060094
70050000060095
70050000060096
70050000060097
70050000060098
70050000060099
70050000060100
70050000060101
70050000060102
70050000060177
70050000060179
70050000060180
70050000060181
70050000060182
70050000060187
70050000060194
70050000060197
70050000060198
70050000060199
70050000060220
70050000060224
70050000060226
70050000060232
70050000060236
70050000060242
70050000060243
70050000060244
70050000060245
70050000060246
70050000060247
70050000060254
70050000060256
70050000060258
70050000060260
70050000060261
70050000060263
70050000060265
70050000060267
70050000060268
70050000060272
70050000060273
70050000060275
70050000060276
70050000060283
70050000060284
70050000060288
70050000060289
70050000060364
70050000060365
70050000060451
70050000060460
70050000060461
70050000060462
70050000060463
70050000060464
70050000060465
70050000060466
70050000060467
70050000060468
70050000060469
70050000060470
70050000060471
70050000060472
70050000060473
70050000060497
70050000060498
70050000060499
70050000060500
70050000060501
70050000060502
70050000060503
70050000060504
70050000060505
70050000060506
70050000060507
70050000060513
70050000060514
70050000060515
70050000060516
70050000060517
70050000060518
70050000060519
70050000060520
70050000060521
70050000060522
70050000060523
70050000060524
70050000060525
70050000060526
70050000060527
70050000060528
70050000060529
70050000060530
70050000060531
70050000060532
70050000060533
70050000060534
70050000060535
70050000060536
70050000060537
70050000060538
70050000060539
70050000060540
70050000060541
70050000060542
70050000060543
70050000060544
70050000060545
70050000060546
70050000060547
70050000060548
70050000060549
70050000060550
70050000060551
70050000060552
70050000060553
70050000060561
70050000060570
70050000060588
70050000060589
70050000060590
70050000060591
70050000060592
70050000060593
70050000060594
70050000060605
70050000060613
70050000060614
70050000060615
70050000060616
70050000060631
70050000060632
70050000060634
70050000060635
70050000060636
70050000060637
70050000060638
70050000060639
70050000060640
70050000060641
70050000060642
70050000060643
70050000060644
70050000060645
70050000060646
70050000060648
70050000060650
70050000060652
70050000060742
70050000060743
70050000060744
70050000060751
70050000060752
70050000060753
70050000060754
70050000060755
70050000060756
70050000060757
70050000060758
70050000060759
70050000060760
70050000060761
70050000060762
70050000060763
70050000060764
70050000060765
70050000060766
70050000060767
70050000060768
70050000060769
70050000060770
70050000060775
70050000060776
70050000060777
70050000060778
70050000060785
70050000060786
70050000060787
70050000060791
70050000060792
70050000060793
70050000060798
70050000060799
70050000060800
70050000060805
70050000060807
70050000060808
70050000060809
70050000060813
70050000060834
70050000060835
70050000060836
70050000060837
70050000060838
70050000060839
70050000060840
70050000060841
70050000060842
70050000060843
70050000060844
70050000060845
70050000060846
70050000060847
70050000060848
70050000060849
70050000060850
70050000060851
70050000060852
70050000060853
70050000060854
70050000060855
70050000060856
70050000060857
70050000060858
70050000060859
70050000060860
70050000060912
70050000060918
70050000060924
70050000060930
70050000060936
70050000060937
70050000060938
70050000060940
70050000060942
70050000060943
70050000060944
70050000060945
70050000060947
70050000060948
70050000060964
70050000060982
70050000060983
70050000060984
70050000060985
70050000060986
70050000060987
70050000060988
70050000060989
70050000060990
70050000060991
70050000060992
70050000060993
70050000061004
70050000061005
70050000061006
70050000061047
70050000061048
70050000061049
70050000061050
70050000061053
70050000061054
70050000061055
70050000061056
70050000061057
70050000061061
70050000061063
70050000061064
70050000061065
70050000061066
70050000061067
70050000061068
70050000061069
70050000061070
70050000061071
70050000061072
70050000061073
70050000061087
70050000061111
70050000061119
70050000061120
70050000061121
70050000061122
70050000061123
70050000061124
70050000061125
70050000061126
70050000061127
70050000061128
70050000061129
70050000061130
70050000061131
70050000061132
70050000061133
70050000061134
70050000061135
70050000061136
70050000061137
70050000061138
70050000061139
70050000061140
70050000061141
70050000061142
70050000061143
70050000061144
70050000061145
70050000061147
70050000061149
70050000061151
70050000061152
70050000061154
70050000061156
70050000061158
70050000061159
70050000061161
70050000061162
70050000061163
70050000061164
70050000061165
70050000061166
70050000061167
70050000061168
70050000061169
70050000061170
70050000061171
70050000061172
70050000061173
70050000061174
70050000061175
70050000061176
70050000061210
70050000061211
70050000061212
70050000061213
70050000061214
70050000061215
70050000061216
70050000061217
70050000061218
70050000061219
70050000061220
70050000061221
70050000061222
70050000061223
70050000061224
70050000061225
70050000061226
70050000061227
70050000061228
70050000061229
70050000061230
70050000061231
70050000061232
70050000061233
70050000061234
70050000061235
70050000061236
70050000061237
70050000061244
70050000061268
70050000061271
70050000061277
70050000061278
70050000061279
70050000061280
70050000061281
70050000061283
70050000061285
70050000061286
70050000061287
70050000061288
70050000061289
70050000061290
70050000061291
70050000061292
70050000061293
70050000061294
70050000061295
70050000061296
70050000061297
70050000061299
70050000061300
70050000061317
70050000061318
70050000061319
70050000061320
70050000061323
70050000061324
70050000061325
70050000061326
70050000061327
70050000061328
70050000061329
70050000061330
70050000061331
70050000061332
70050000061333
70050000061334
70050000061335
70050000061336
70050000061337
70050000061338
70050000061339
70050000061340
70050000061341
70050000061342
70050000061343
70050000061344
70050000061345
70050000061346
70050000061347
70050000061348
70050000061349
70050000061350
70050000061351
70050000061352
70050000061353
70050000061354
70050000061355
70050000061356
70050000061357
70050000061358
70050000061359
70050000061360
70050000061361
70050000061362
70050000061364
70050000061365
70050000061366
70050000061367
70050000061368
70050000061369
70050000061375
70050000061387
70050000061389
70050000061398
70050000061401
70050000061403
70050000061404
70050000061405
70050000061406
70050000061407
70050000061408
70050000061409
70050000061410
70050000061411
70050000061412
70050000061413
70050000061414
70050000061421
70050000061422
70050000061423
70050000061424
70050000061425
70050000061435
70050000061437
70050000061438
70050000061439
70050000061440
70050000061441
70050000061442
70050000061446
70050000061448
70050000061450
70050000061470
70050000061471
70050000061472
70050000061473
70050000061474
70050000061475
70050000061476
70050000061477
70050000061478
70050000061479
70050000061480
70050000061481
70050000061482
70050000061483
70050000061484
70050000061488
70050000061489
70050000061493
70050000061497
70050000061502
70050000061503
70050000061538
70050000061539
70050000061540
70050000061572
70050000061576
70050000061577
70050000061578
70050000061579
70050000061580
70050000061581
70050000061582
70050000061583
70050000061584
70050000061585
70050000061586
70050000061591
70050000061596
70050000061600
70050000061613
70050000061614
70050000061619
70050000061620
70050000061621
70050000061622
70050000061623
70050000061624
70050000061625
70050000061626
70050000061627
70050000061628
70050000061629
70050000061630
70050000061631
70050000061632
70050000061633
70050000061634
70050000061635
70050000061636
70050000061669
70050000061670
70050000061671
70050000061672
70050000061745
70050000061748
70050000061754
70050000061757
70050000061758
70050000061759
70050000061765
70050000061768
70050000061846
70050000061847
70050000061855
70050000061863
70050000061864
70050000061865
70050000061901
70050000061902
70050000061904
70050000061905
70050000061913
70050000061914
70050000061945
70050000061946
70050000061962
70050000061963
70050000061964
70050000061980
70050000061981
70050000061982
70050000061983
70050000061984
70050000061985
70050000061986
70050000061987
70050000061988
70050000061989
70050000061990
70050000061991
70050000061992
70050000061993
70050000061994
70050000061995
70050000061996
70050000061997
70050000061998
70050000062011
70050000062012
70050000062040
70050000062041
70050000062047
70050000062048
70050000062049
70050000062050
70050000062051
70050000062052
70050000062053
70050000062054
70050000062055
70050000062065
70050000062066
70050000062067
70050000062068
70050000062069
70050000062074
70050000062092
70050000062095
70050000062096
70050000062097
70050000062098
70050000062099
70050000062100
70050000062134
70050000062145
70050000062151
70050000062152
70050000062153
70050000062154
70050000062155
70050000062156
70050000062157
70050000062158
70050000062159
70050000062160
70050000062161
70050000062162
70050000062163
70050000062164
70050000062165
70050000062166
70050000062167
70050000062168
70050000062169
70050000062170
70050000062171
70050000062172
70050000062173
70050000062174
70050000062175
70050000062176
70050000062177
70050000062178
70050000062179
70050000062180
70050000062181
70050000062182
70050000062183
70050000062184
70050000062185
70050000062186
70050000062187
70050000062188
70050000062189
70050000062190
70050000062191
70050000062192
70050000062193
70050000062194
70050000062195
70050000062196
70050000062197
70050000062198
70050000062199
70050000062200
70050000062201
70050000062202
70050000062203
70050000062204
70050000062205
70050000062206
70050000062207
70050000062208
70050000062209
70050000062210
70050000062211
70050000062212
70050000062213
70050000062214
70050000062215
70050000062216
70050000062217
70050000062218
70050000062219
70050000062220
70050000062221
70050000062222
70050000062223
70050000062224
70050000062225
70050000062226
70050000062227
70050000062228
70050000062229
70050000062230
70050000062231
70050000062232
70050000062233
70050000062234
70050000062235
70050000062236
70050000062237
70050000062238
70050000062239
70050000062240
70050000062241
70050000062242
70050000062243
70050000062244
70050000062248
70050000062249
70050000062250
70050000062252
70050000062253
70050000062254
70050000062256
70050000062257
70050000062258
70050000062259
70050000062282
70050000062287
70050000062291
70050000062293
70050000062294
70050000062295
70050000062297
70050000062302
70050000062305
70050000062306
70050000062307
70050000062308
70050000062309
70050000062310
70050000062312
70050000062313
70050000062314
70050000062316
70050000062317
70050000062318
70050000062319
70050000062320
70050000062321
70050000062322
70050000062323
70050000062324
70050000062325
70050000062326
70050000062327
70050000062328
70050000062329
70050000062330
70050000062331
70050000062332
70050000062344
70050000062345
70050000062346
70050000062347
70050000062351
70050000062358
70050000062365
70050000062370
70050000062375
70050000062380
70050000062385
70050000062390
70050000062399
70050000062417
70050000062423
70050000062424
70050000062425
70050000062426
70050000062428
70050000062429
70050000062431
70050000062433
70050000062434
70050000062436
70050000062439
70050000062440
70050000062444
70050000062446
70050000062467
70050000062506
70050000062508
70050000062510
70050000062512
70050000062514
70050000062516
70050000062520
70050000062521
70050000062522
70050000062534
70050000062539
70050000062540
70050000062541
70050000062542
70050000062544
70050000062549
70050000062554
70050000062559
70050000062563
70050000062568
70050000062573
70050000062578
70050000062583
70050000062588
70050000062593
70050000062594
70050000062598
70050000062603
70050000062604
70050000062605
70050000062606
70050000062607
70050000062640
70050000062643
70050000062646
70050000062657
70050000062662
70050000062678
70050000062721
70050000062724
70050000062739
70050000062777
70050000062784
70050000062785
70050000062795
70050000062799
70050000062800
70050000062801
70050000062802
70050000062803
70050000062804
70050000062805
70050000062806
70050000062807
70050000062808
70050000062809
70050000062810
70050000062811
70050000062812
70050000062813
70050000062814
70050000062815
70050000062816
70050000062817
70050000062818
70050000062819
70050000062820
70050000062821
70050000062822
70050000062823
70050000062824
70050000062825
70050000062826
70050000062827
70050000062828
70050000062829
70050000062845
70050000062846
70050000062847
70050000062848
70050000062849
70050000062850
70050000062851
70050000062852
70050000062853
70050000062854
70050000062855
70050000062856
70050000062857
70050000062859
70050000062860
70050000062861
70050000062862
70050000062863
70050000062864
70050000062865
70050000062866
70050000062867
70050000062868
70050000062869
70050000062870
70050000062871
70050000062872
70050000062873
70050000062874
70050000062875
70050000062876
70050000062878
70050000062879
70050000062880
70050000062881
70050000062882
70050000062883
70050000062884
70050000062885
70050000062886
70050000062887
70050000062888
70050000062889
70050000062890
70050000062891
70050000062892
70050000062893
70050000062894
70050000062895
70050000062896
70050000062897
70050000062898
70050000062899
70050000062900
70050000062901
70050000062902
70050000062903
70050000062904
70050000062905
70050000062906
70050000062907
70050000062908
70050000062909
70050000062910
70050000062911
70050000062912
70050000062913
70050000062914
70050000062915
70050000062916
70050000062917
70050000062918
70050000062919
70050000062920
70050000062921
70050000062922
70050000062923
70050000062924
70050000062925
70050000062926
70050000062927
70050000062928
70050000062929
70050000062931
70050000062932
70050000062933
70050000062934
70050000062935
70050000062936
70050000062937
70050000062938
70050000062939
70050000062940
70050000062941
70050000062942
70050000062943
70050000062944
70050000062945
70050000062946
70050000062947
70050000062948
70050000062949
70050000062950
70050000062951
70050000062952
70050000062953
70050000062954
70050000062955
70050000062956
70050000062957
70050000062958
70050000062959
70050000062960
70050000062961
70050000062962
70050000062963
70050000062964
70050000062965
70050000062966
70050000062967
70050000062968
70050000062969
70050000062970
70050000062971
70050000062972
70050000062973
70050000062974
70050000062975
70050000062976
70050000062977
70050000062978
70050000062979
70050000062980
70050000062981
70050000062982
70050000062983
70050000062984
70050000062985
70050000062986
70050000062987
70050000062988
70050000062989
70050000062990
70050000062991
70050000062992
70050000062993
70050000062994
70050000062995
70050000062996
70050000062997
70050000062998
70050000062999
70050000063000
70050000063001
70050000063002
70050000063003
70050000063004
70050000063005
70050000063006
70050000063007
70050000063008
70050000063009
70050000063010
70050000063011
70050000063012
70050000063013
70050000063014
70050000063015
70050000063016
70050000063017
70050000063018
70050000063019
70050000063020
70050000063022
70050000063023
70050000063024
70050000063025
70050000063026
70050000063027
70050000063028
70050000063029
70050000063030
70050000063031
70050000063032
70050000063033
70050000063034
70050000063035
70050000063036
70050000063037
70050000063038
70050000063039
70050000063040
70050000063042
70050000063043
70050000063045
70050000063046
70050000063047
70050000063048
70050000063049
70050000063050
70050000063052
70050000063053
70050000063054
70050000063055
70050000063056
70050000063057
70050000063058
70050000063059
70050000063060
70050000063061
70050000063062
70050000063063
70050000063064
70050000063065
70050000063066
70050000063067
70050000063068
70050000063069
70050000063070
70050000063071
70050000063072
70050000063073
70050000063074
70050000063075
70050000063076
70050000063077
70050000063078
70050000063079
70050000063080
70050000063081
70050000063082
70050000063083
70050000063084
70050000063085
70050000063086
70050000063087
70050000063089
70050000063090
70050000063093
70050000063094
70050000063095
70050000063096
70050000063097
70050000063098
70050000063099
70050000063100
70050000063101
70050000063102
70050000063103
70050000063105
70050000063106
70050000063107
70050000063110
70050000063111
70050000063112
70050000063113
70050000063114
70050000063115
70050000063116
70050000063117
70050000063118
70050000063119
70050000063120
70050000063121
70050000063123
70050000063124
70050000063125
70050000063126
70050000063127
70050000063132
70050000063133
70050000063134
70050000063135
70050000063136
70050000063137
70050000063138
70050000063139
70050000063140
70050000063141
70050000063142
70050000063143
70050000063144
70050000063145
70050000063146
70050000063147
70050000063148
70050000063149
70050000063150
70050000063151
70050000063152
70050000063153
70050000063154
70050000063155
70050000063156
70050000063157
70050000063158
70050000063159
70050000063160
70050000063161
70050000063162
70050000063163
70050000063164
70050000063165
70050000063166
70050000063167
70050000063168
70050000063169
70050000063170
70050000063171
70050000063172
70050000063173
70050000063176
70050000063177
70050000063178
70050000063179
70050000063180
70050000063181
70050000063182
70050000063183
70050000063184
70050000063185
70050000063186
70050000063188
70050000063190
70050000063192
70050000063193
70050000063194
70050000063195
70050000063196
70050000063197
70050000063198
70050000063199
70050000063200
70050000063201
70050000063202
70050000063203
70050000063204
70050000063205
70050000063206
70050000063207
70050000063208
70050000063209
70050000063210
70050000063211
70050000063212
70050000063213
70050000063214
70050000063215
70050000063216
70050000063217
70050000063218
70050000063219
70050000063220
70050000063221
70050000063222
70050000063223
70050000063224
70050000063225
70050000063226
70050000063227
70050000063228
70050000063229
70050000063230
70050000063231
70050000063232
70050000063236
70050000063238
70050000063239
70050000063241
70050000063242
70050000063244
70050000063245
70050000063246
70050000063247
70050000063248
70050000063250
70050000063251
70050000063252
70050000063253
70050000063254
70050000063255
70050000063256
70050000063257
70050000063258
70050000063259
70050000063260
70050000063261
70050000063262
70050000063263
70050000063264
70050000063265
70050000063266
70050000063267
70050000063268
70050000063269
70050000063270
70050000063271
70050000063272
70050000063273
70050000063274
70050000063275
70050000063276
70050000063277
70050000063278
70050000063279
70050000063280
70050000063281
70050000063282
70050000063283
70050000063284
70050000063285
70050000063286
70050000063287
70050000063288
70050000063289
70050000063290
70050000063291
70050000063292
70050000063293
70050000063294
70050000063295
70050000063296
70050000063297
70050000063298
70050000063299
70050000063300
70050000063301
70050000063302
70050000063303
70050000063304
70050000063305
70050000063306
70050000063307
70050000063308
70050000063309
70050000063310
70050000063311
70050000063312
70050000063314
70050000063315
70050000063316
70050000063317
70050000063318
70050000063319
70050000063320
70050000063321
70050000063322
70050000063323
70050000063324
70050000063325
70050000063326
70050000063327
70050000063328
70050000063329
70050000063330
70050000063331
70050000063332
70050000063333
70050000063334
70050000063335
70050000063336
70050000063337
70050000063338
70050000063339
70050000063340
70050000063341
70050000063342
70050000063343
70050000063344
70050000063345
70050000063346
70050000063347
70050000063348
70050000063349
70050000063350
70050000063351
70050000063352
70050000063353
70050000063354
70050000063355
70050000063356
70050000063357
70050000063358
70050000063359
70050000063360
70050000063361
70050000063362
70050000063363
70050000063364
70050000063365
70050000063366
70050000063367
70050000063368
70050000063369
70050000063370
70050000063371
70050000063372
70050000063373
70050000063374
70050000063375
70050000063376
70050000063377
70050000063378
70050000063379
70050000063380
70050000063381
70050000063382
70050000063383
70050000063384
70050000063385
70050000063386
70050000063387
70050000063388
70050000063389
70050000063390
70050000063391
70050000063392
70050000063393
70050000063394
70050000063395
70050000063396
70050000063397
70050000063398
70050000063399
70050000063400
70050000063401
70050000063402
70050000063403
70050000063404
70050000063405
70050000063406
70050000063407
70050000063408
70050000063409
70050000063410
70050000063411
70050000063412
70050000063413
70050000063414
70050000063415
70050000063416
70050000063417
70050000063418
70050000063419
70050000063420
70050000063421
70050000063422
70050000063423
70050000063424
70050000063425
70050000063426
70050000063427
70050000063428
70050000063429
70050000063430
70050000063431
70050000063432
70050000063433
70050000063434
70050000063435
70050000063436
70050000063439
70050000063440
70050000063441
70050000063442
70050000063443
70050000063444
70050000063445
70050000063446
70050000063447
70050000063448
70050000063449
70050000063450
70050000063451
70050000063452
70050000063453
70050000063454
70050000063455
70050000063456
70050000063457
70050000063458
70050000063459
70050000063460
70050000063461
70050000063462
70050000063463
70050000063464
70050000063465
70050000063466
70050000063467
70050000063468
70050000063470
70050000063471
70050000063472
70050000063473
70050000063474
70050000063475
70050000063476
70050000063477
70050000063478
70050000063479
70050000063480
70050000063481
70050000063482
70050000063483
70050000063484
70050000063485
70050000063486
70050000063487
70050000063488
70050000063489
70050000063490
70050000063491
70050000063492
70050000063493
70050000063494
70050000063495
70050000063496
70050000063497
70050000063498
70050000063499
70050000063500
70050000063501
70050000063502
70050000063503
70050000063509
70050000063510
70050000063511
70050000063513
70050000063514
70050000063515
70050000063516
70050000063517
70050000063519
70050000063520
70050000063521
70050000063522
70050000063523
70050000063524
70050000063526
70050000063530
70050000063533
70050000063534
70050000063539
70050000063540
70050000063541
70050000063542
70050000063543
70050000063544
70050000063545
70050000063546
70050000063547
70050000063548
70050000063549
70050000063550
70050000063551
70050000063552
70050000063553
70050000063554
70050000063555
70050000063556
70050000063557
70050000063558
70050000063559
70050000063560
70050000063561
70050000063562
70050000063563
70050000063564
70050000063565
70050000063566
70050000063567
70050000063568
70050000063569
70050000063570
70050000063571
70050000063572
70050000063573
70050000063574
70050000063575
70050000063576
70050000063577
70050000063578
70050000063579
70050000063580
70050000063581
70050000063582
70050000063583
70050000063584
70050000063585
70050000063586
70050000063587
70050000063588
70050000063589
70050000063590
70050000063591
70050000063592
70050000063593
70050000063594
70050000063595
70050000063596
70050000063597
70050000063598
70050000063599
70050000063600
70050000063601
70050000063602
70050000063603
70050000063604
70050000063605
70050000063606
70050000063607
70050000063608
70050000063609
70050000063610
70050000063611
70050000063612
70050000063613
70050000063614
70050000063615
70050000063616
70050000063617
70050000063618
70050000063619
70050000063620
70050000063621
70050000063622
70050000063623
70050000063624
70050000063625
70050000063626
70050000063627
70050000063628
70050000063629
70050000063630
70050000063631
70050000063632
70050000063633
70050000063634
70050000063635
70050000063636
70050000063637
70050000063638
70050000063639
70050000063640
70050000063641
70050000063642
70050000063643
70050000063644
70050000063645
70050000063646
70050000063647
70050000063648
70050000063649
70050000063650
70050000063651
70050000063652
70050000063653
70050000063654
70050000063655
70050000063656
70050000063657
70050000063658
70050000063659
70050000063660
70050000063661
70050000063662
70050000063663
70050000063664
70050000063665
70050000063666
70050000063667
70050000063668
70050000063669
70050000063670
70050000063671
70050000063672
70050000063673
70050000063674
70050000063675
70050000063676
70050000063677
70050000063678
70050000063679
70050000063680
70050000063681
70050000063682
70050000063683
70050000063684
70050000063685
70050000063686
70050000063687
70050000063688
70050000063689
70050000063690
70050000063691
70050000063692
70050000063693
70050000063694
70050000063695
70050000063696
70050000063697
70050000063698
70050000063699
70050000063700
70050000063701
70050000063702
70050000063703
70050000063704
70050000063705
70050000063706
70050000063707
70050000063708
70050000063709
70050000063710
70050000063711
70050000063712
70050000063713
70050000063714
70050000063715
70050000063716
70050000063717
70050000063718
70050000063719
70050000063720
70050000063721
70050000063722
70050000063723
70050000063725
70050000063726
70050000063727
70050000063728
70050000063729
70050000063730
70050000063731
70050000063732
70050000063733
70050000063734
70050000063735
70050000063736
70050000063737
70050000063738
70050000063739
70050000063740
70050000063741
70050000063742
70050000063743
70050000063744
70050000063745
70050000063746
70050000063747
70050000063748
70050000063749
70050000063750
70050000063751
70050000063752
70050000063753
70050000063755
70050000063756
70050000063757
70050000063758
70050000063762
70050000063763
70050000063764
70050000063765
70050000063766
70050000063767
70050000063768
70050000063769
70050000063770
70050000063771
70050000063772
70050000063773
70050000063774
70050000063775
70050000063776
70050000063777
70050000063778
70050000063779
70050000063780
70050000063781
70050000063782
70050000063783
70050000063784
70050000063785
70050000063786
70050000063787
70050000063788
70050000063789
70050000063790
70050000063791
70050000063792
70050000063793
70050000063794
70050000063795
70050000063796
70050000063797
70050000063798
70050000063799
70050000063800
70050000063801
70050000063802
70050000063803
70050000063804
70050000063805
70050000063806
70050000063807
70050000063808
70050000063809
70050000063810
70050000063811
70050000063812
70050000063813
70050000063814
70050000063815
70050000063816
70050000063817
70050000063818
70050000063819
70050000063820
70050000063821
70050000063822
70050000063823
70050000063824
70050000063825
70050000063826
70050000063827
70050000063828
70050000063829
70050000063830
70050000063831
70050000063832
70050000063833
70050000063834
70050000063835
70050000063836
70050000063837
70050000063838
70050000063839
70050000063840
70050000063841
70050000063842
70050000063843
70050000063844
70050000063845
70050000063846
70050000063847
70050000063848
70050000063849
70050000063850
70050000063851
70050000063852
70050000063853
70050000063854
70050000063855
70050000063856
70050000063857
70050000063858
70050000063859
70050000063860
70050000063861
70050000063862
70050000063863
70050000063864
70050000063865
70050000063866
70050000063867
70050000063868
70050000063869
70050000063870
70050000063871
70050000063872
70050000063873
70050000063875
70050000063876
70050000063877
70050000063878
70050000063879
70050000063880
70050000063882
70050000063883
70050000063884
70050000063885
70050000063886
70050000063888
70050000063889
70050000063890
70050000063891
70050000063894
70050000063895
70050000063896
70050000063901
70050000063902
70050000063903
70050000063904
70050000063905
70050000063906
70050000063907
70050000063908
70050000063909
70050000063910
70050000063911
70050000063912
70050000063913
70050000063914
70050000063915
70050000063916
70050000063917
70050000063918
70050000063919
70050000063920
70050000063921
70050000063922
70050000063923
70050000063924
70050000063925
70050000063926
70050000063927
70050000063928
70050000063929
70050000063930
70050000063931
70050000063932
70050000063933
70050000063934
70050000063935
70050000063936
70050000063937
70050000063938
70050000063939
70050000063940
70050000063941
70050000063942
70050000063943
70050000063944
70050000063945
70050000063946
70050000063947
70050000063948
70050000063949
70050000063950
70050000063951
70050000063952
70050000063953
70050000063954
70050000063955
70050000063956
70050000063957
70050000063958
70050000063959
70050000063960
70050000063961
70050000063962
70050000063963
70050000063964
70050000063965
70050000063966
70050000063967
70050000063969
70050000063974
70050000063975
70050000063976
70050000063977
70050000063978
70050000063979
70050000063980
70050000063981
70050000063982
70050000063983
70050000063984
70050000063985
70050000063986
70050000063987
70050000063988
70050000063989
70050000063990
70050000063991
70050000063992
70050000063993
70050000063994
70050000063998
70050000063999
70050000064000
70050000064001
70050000064002
70050000064003
70050000064006
70050000064007
70050000064014
70050000064015
70050000064016
70050000064017
70050000064018
70050000064019
70050000064020
70050000064021
70050000064027
70050000064028
70050000064029
70050000064030
70050000064031
70050000064032
70050000064034
70050000064035
70050000064037
70050000064038
70050000064039
70050000064041
70050000064042
70050000064043
70050000064045
70050000064046
70050000064047
70050000064048
70050000064049
70050000064050
70050000064051
70050000064052
70050000064053
70050000064054
70050000064055
70050000064056
70050000064057
70050000064058
70050000064059
70050000064061
70050000064062
70050000064063
70050000064064
70050000064065
70050000064066
70050000064067
70050000064068
70050000064069
70050000064070
70050000064071
70050000064072
70050000064073
70050000064074
70050000064075
70050000064076
70050000064077
70050000064078
70050000064079
70050000064080
70050000064081
70050000064082
70050000064084
70050000064085
70050000064086
70050000064093
70050000064094
70050000064095
70050000064096
70050000064097
70050000064098
70050000064099
70050000064100
70050000064101
70050000064102
70050000064103
70050000064104
70050000064105
70050000064106
70050000064107
70050000064108
70050000064109
70050000064110
70050000064111
70050000064112
70050000064113
70050000064114
70050000064115
70050000064116
70050000064117
70050000064118
70050000064119
70050000064120
70050000064121
70050000064122
70050000064123
70050000064124
70050000064125
70050000064126
70050000064127
70050000064128
70050000064129
70050000064130
70050000064131
70050000064132
70050000064133
70050000064134
70050000064135
70050000064136
70050000064137
70050000064138
70050000064139
70050000064140
70050000064141
70050000064142
70050000064143
70050000064144
70050000064145
70050000064146
70050000064147
70050000064148
70050000064149
70050000064150
70050000064151
70050000064152
70050000064153
70050000064154
70050000064155
70050000064156
70050000064157
70050000064158
70050000064159
70050000064160
70050000064161
70050000064162
70050000064163
70050000064164
70050000064165
70050000064166
70050000064167
70050000064168
70050000064169
70050000064170
70050000064195
70050000064196
70050000064197
70050000064198
70050000064199
70050000064201
70050000064202
70050000064203
70050000064204
70050000064205
70050000064206
70050000064207
70050000064209
70050000064210
70050000064211
70050000064212
70050000064213
70050000064214
70050000064215
70050000064216
70050000064233
70050000064234
70050000064235
70050000064236
70050000064237
70050000064238
70050000064239
70050000064240
70050000064241
70050000064242
70050000064243
70050000064244
70050000064245
70050000064246
70050000064247
70050000064248
70050000064249
70050000064250
70050000064251
70050000064252
70050000064253
70050000064254
70050000064255
70050000064256
70050000064257
70050000064260
70050000064261
70050000064267
70050000064268
70050000064269
70050000064270
70050000064271
70050000064272
70050000064273
70050000064274
70050000064285
70050000064286
70050000064295
70050000064296
70050000064297
70050000064309
70050000064310
70050000064311
70050000064315
70050000064316
70050000064317
70050000064318
70050000064321
70050000064334
70050000064335
70050000064336
70050000064337
70050000064338
70050000064339
70050000064340
70050000064341
70050000064342
70050000064344
70050000064347
70050000064349
70050000064351
70050000064353
70050000064356
70050000064358
70050000064361
70050000064362
70050000064363
70050000064364
70050000064365
70050000064366
70050000064414
70050000064439
70050000064449
70050000064454
70050000064455
70050000064456
70050000064457
70050000064458
70050000064460
70050000064462
70050000064463
70050000064465
70050000064466
70050000064467
70050000064468
70050000064469
70050000064470
70050000064471
70050000064472
70050000064474
70050000064490
70050000064491
70050000064492
70050000064493
70050000064494
70050000064495
70050000064496
70050000064498
70050000064499
70050000064500
70050000064501
70050000064502
70050000064503
70050000064504
70050000064505
70050000064506
70050000064507
70050000064508
70050000064509
70050000064510
70050000064511
70050000064512
70050000064513
70050000064514
70050000064515
70050000064516
70050000064520
70050000064521
70050000064523
70050000064524
70050000064531
70050000064532
70050000064533
70050000064534
70050000064538
70050000064539
70050000064540
70050000064541
70050000064542
70050000064543
70050000064548
70050000064549
70050000064553
70050000064554
70050000064556
70050000064557
70050000064559
70050000064576
70050000064586
70050000064587
70050000064588
70050000064589
70050000064590
70050000064591
70050000064592
70050000064593
70050000064594
70050000064595
70050000064596
70050000064597
70050000064598
70050000064599
70050000064600
70050000064601
70050000064602
70050000064603
70050000064604
70050000064605
70050000064606
70050000064607
70050000064617
70050000064618
70050000064619
70050000064620
70050000064621
70050000064622
70050000064623
70050000064624
70050000064626
70050000064627
70050000064628
70050000064629
70050000064630
70050000064636
70050000064640
70050000064642
70050000064643
70050000064645
70050000064647
70050000064648
70050000064649
70050000064651
70050000064655
70050000064657
70050000064660
70050000064662
70050000064664
70050000064670
70050000064675
70050000064676
70050000064690
70050000064691
70050000064692
70050000064693
70050000064694
70050000064695
70050000064699
70050000064713
70050000064714
70050000064715
70050000064716
70050000064717
70050000064718
70050000064719
70050000064720
70050000064721
70050000064722
70050000064723
70050000064724
70050000064725
70050000064726
70050000064727
70050000064728
70050000064729
70050000064730
70050000064731
70050000064732
70050000064733
70050000064734
70050000064735
70050000064736
70050000064737
70050000064738
70050000064739
70050000064740
70050000064741
70050000064742
70050000064747
70050000064748
70050000064749
70050000064750
70050000064752
70050000064753
70050000064754
70050000064755
70050000064756
70050000064765
70050000064767
70050000064768
70050000064769
70050000064770
70050000064771
70050000064772
70050000064773
70050000064784
70050000064793
70050000064794
70050000064795
70050000064796
70050000064797
70050000064798
70050000064799
70050000064800
70050000064801
70050000064802
70050000064803
70050000064804
70050000064805
70050000064806
70050000064807
70050000064808
70050000064809
70050000064810
70050000064816
70050000064817
70050000064818
70050000064819
70050000064820
70050000064821
70050000064822
70050000064830
70050000064839
70050000064878
70050000064879
70050000064880
70050000064881
70050000064882
70050000064883
70050000064884
70050000064886
70050000064923
70050000064924
70050000064935
70050000064936
70050000064937
70050000064938
70050000064939
70050000064940
70050000064942
70050000064943
70050000064945
70050000064946
70050000064947
70050000064948
70050000064949
70050000064950
70050000064951
70050000064952
70050000064953
70050000064954
70050000064955
70050000064956
70050000064958
70050000064959
70050000064960
70050000064961
70050000064962
70050000064963
70050000064964
70050000064965
70050000064967
70050000064987
70050000064990
70050000064994
70050000064998
70050000065004
70050000065007
70050000065015
70050000065027
70050000065028
70050000065030
70050000065040
70050000065041
70050000065042
70050000065043
70050000065044
70050000065045
70050000065046
70050000065047
70050000065048
70050000065049
70050000065081
70050000065082
70050000065083
70050000065084
70050000065085
70050000065087
70050000065091
70050000065094
70050000065095
70050000065096
70050000065098
70050000065099
70050000065100
70050000065101
70050000065102
70050000065103
70050000065105
70050000065106
70050000065107
70050000065108
70050000065109
70050000065110
70050000065111
70050000065112
70050000065113
70050000065114
70050000065115
70050000065116
70050000065117
70050000065118
70050000065119
70050000065120
70050000065121
70050000065123
70050000065124
70050000065126
70050000065127
70050000065132
70050000065133
70050000065136
70050000065140
70050000065141
70050000065142
70050000065143
70050000065144
70050000065146
70050000065154
70050000065155
70050000065156
70050000065157
70050000065158
70050000065159
70050000065166
70050000065171
70050000065195
70050000065211
70050000065229
70050000065230
70050000065241
70050000065242
70050000065243
70050000065244
70050000065245
70050000065246
70050000065247
70050000065276
70050000065277
70050000065278
70050000065279
70050000065282
70050000065283
70050000065286
70050000065287
70050000065290
70050000065291
70050000065292
70050000065293
70050000065294
70050000065295
70050000065303
70050000065305
70050000065307
70050000065308
70050000065309
70050000065310
70050000065311
70050000065312
70050000065316
70050000065317
70050000065318
70050000065319
70050000065323
70050000065324
70050000065325
70050000065326
70050000065327
70050000065328
70050000065329
70050000065330
70050000065331
70050000065332
70050000065333
70050000065334
70050000065335
70050000065336
70050000065337
70050000065338
70050000065339
70050000065340
70050000065341
70050000065342
70050000065343
70050000065344
70050000065345
70050000065346
70050000065347
70050000065348
70050000065349
70050000065350
70050000065351
70050000065352
70050000065353
70050000065354
70050000065355
70050000065356
70050000065357
70050000065358
70050000065359
70050000065363
70050000065364
70050000065365
70050000065366
70050000065367
70050000065368
70050000065369
70050000065370
70050000065371
70050000065372
70050000065373
70050000065374
70050000065375
70050000065376
70050000065377
70050000065378
70050000065379
70050000065380
70050000065381
70050000065409
70050000065412
70050000065413
70050000065417
70050000065421
70050000065422
70050000065423
70050000065424
70050000065425
70050000065426
70050000065427
70050000065428
70050000065429
70050000065430
70050000065439
70050000065445
70050000065451
70050000065452
70050000065453
70050000065454
70050000065455
70050000065456
70050000065458
70050000065459
70050000065460
70050000065461
70050000065462
70050000065464
70050000065465
70050000065466
70050000065467
70050000065468
70050000065469
70050000065512
70050000065516
70050000065518
70050000065519
70050000065520
70050000065521
70050000065522
70050000065523
70050000065524
70050000065525
70050000065526
70050000065527
70050000065528
70050000065529
70050000065530
70050000065531
70050000065532
70050000065533
70050000065534
70050000065535
70050000065536
70050000065537
70050000065538
70050000065539
70050000065540
70050000065541
70050000065542
70050000065543
70050000065544
70050000065545
70050000065546
70050000065547
70050000065548
70050000065549
70050000065550
70050000065551
70050000065552
70050000065553
70050000065554
70050000065555
70050000065556
70050000065557
70050000065558
70050000065559
70050000065560
70050000065561
70050000065562
70050000065563
70050000065564
70050000065565
70050000065566
70050000065567
70050000065568
70050000065569
70050000065570
70050000065571
70050000065572
70050000065573
70050000065574
70050000065575
70050000065576
70050000065577
70050000065578
70050000065579
70050000065580
70050000065581
70050000065582
70050000065583
70050000065584
70050000065585
70050000065586
70050000065587
70050000065588
70050000065589
70050000065590
70050000065591
70050000065592
70050000065593
70050000065594
70050000065595
70050000065596
70050000065597
70050000065598
70050000065599
70050000065600
70050000065601
70050000065602
70050000065603
70050000065604
70050000065605
70050000065606
70050000065607
70050000065608
70050000065609
70050000065610
70050000065611
70050000065612
70050000065613
70050000065614
70050000065615
70050000065616
70050000065617
70050000065618
70050000065619
70050000065620
70050000065621
70050000065622
70050000065623
70050000065624
70050000065625
70050000065626
70050000065627
70050000065628
70050000065637
70050000065638
70050000065639
70050000065640
70050000065641
70050000065642
70050000065643
70050000065644
70050000065645
70050000065646
70050000065647
70050000065650
70050000065651
70050000065652
70050000065653
70050000065655
70050000065656
70050000065666
70050000065668
70050000065672
70050000065681
70050000065682
70050000065683
70050000065684
70050000065685
70050000065686
70050000065687
70050000065688
70050000065689
70050000065690
70050000065691
70050000065692
70050000065693
70050000065694
70050000065695
70050000065696
70050000065697
70050000065698
70050000065699
70050000065700
70050000065701
70050000065702
70050000065705
70050000065706
70050000065707
70050000065708
70050000065709
70050000065710
70050000065711
70050000065712
70050000065713
70050000065714
70050000065715
70050000065716
70050000065717
70050000065718
70050000065719
70050000065720
70050000065721
70050000065722
70050000065723
70050000065724
70050000065725
70050000065726
70050000065727
70050000065729
70050000065730
70050000065731
70050000065732
70050000065733
70050000065734
70050000065735
70050000065736
70050000065737
70050000065738
70050000065739
70050000065740
70050000065741
70050000065742
70050000065743
70050000065744
70050000065746
70050000065747
70050000065748
70050000065750
70050000065753
70050000065754
70050000065755
70050000065756
70050000065757
70050000065758
70050000065759
70050000065760
70050000065761
70050000065762
70050000065763
70050000065764
70050000065765
70050000065766
70050000065767
70050000065768
70050000065769
70050000065770
70050000065771
70050000065772
70050000065773
70050000065774
70050000065775
70050000065776
70050000065777
70050000065778
70050000065779
70050000065780
70050000065781
70050000065782
70050000065783
70050000065784
70050000065785
70050000065786
70050000065787
70050000065788
70050000065789
70050000065790
70050000065791
70050000065792
70050000065793
70050000065794
70050000065795
70050000065796
70050000065797
70050000065798
70050000065799
70050000065800
70050000065801
70050000065802
70050000065803
70050000065804
70050000065805
70050000065806
70050000065807
70050000065808
70050000065809
70050000065810
70050000065811
70050000065812
70050000065813
70050000065814
70050000065815
70050000065816
70050000065817
70050000065818
70050000065819
70050000065820
70050000065821
70050000065822
70050000065823
70050000065824
70050000065825
70050000065826
70050000065827
70050000065828
70050000065829
70050000065830
70050000065831
70050000065832
70050000065833
70050000065834
70050000065835
70050000065836
70050000065837
70050000065838
70050000065839
70050000065840
70050000065841
70050000065842
70050000065843
70050000065844
70050000065845
70050000065846
70050000065847
70050000065848
70050000065849
70050000065850
70050000065851
70050000065852
70050000065853
70050000065854
70050000065855
70050000065856
70050000065857
70050000065858
70050000065859
70050000065861
70050000065862
70050000065863
70050000065864
70050000065865
70050000065866
70050000065867
70050000065868
70050000065869
70050000065870
70050000065872
70050000065873
70050000065874
70050000065875
70050000065876
70050000065877
70050000065878
70050000065879
70050000065880
70050000065881
70050000065882
70050000065883
70050000065884
70050000065885
70050000065886
70050000065887
70050000065888
70050000065889
70050000065890
70050000065891
70050000065892
70050000065893
70050000065894
70050000065895
70050000065896
70050000065897
70050000065898
70050000065899
70050000065901
70050000065902
70050000065904
70050000065905
70050000065906
70050000065907
70050000065908
70050000065909
70050000065910
70050000065911
70050000065912
70050000065913
70050000065914
70050000065915
70050000065916
70050000065917
70050000065918
70050000065919
70050000065920
70050000065921
70050000065922
70050000065923
70050000065924
70050000065925
70050000065926
70050000065927
70050000065928
70050000065929
70050000065930
70050000065931
70050000065932
70050000065933
70050000065934
70050000065935
70050000065936
70050000065937
70050000065938
70050000065939
70050000065940
70050000065941
70050000065942
70050000065943
70050000065944
70050000065945
70050000065946
70050000065947
70050000065948
70050000065949
70050000065950
70050000065951
70050000065952
70050000065953
70050000065954
70050000065955
70050000065956
70050000065957
70050000065958
70050000065959
70050000065960
70050000065961
70050000065962
70050000065963
70050000065964
70050000065965
70050000065966
70050000065967
70050000065968
70050000065969
70050000065970
70050000065971
70050000065972
70050000065973
70050000065974
70050000065976
70050000065977
70050000065978
70050000065979
70050000065980
70050000065981
70050000065982
70050000065984
70050000065987
70050000065988
70050000065989
70050000065990
70050000065991
70050000065992
70050000065993
70050000065994
70050000065997
70050000066000
70050000066001
70050000066002
70050000066003
70050000066004
70050000066005
70050000066006
70050000066007
70050000066008
70050000066009
70050000066010
70050000066011
70050000066012
70050000066013
70050000066014
70050000066015
70050000066016
70050000066017
70050000066018
70050000066019
70050000066020
70050000066021
70050000066022
70050000066023
70050000066024
70050000066025
70050000066026
70050000066027
70050000066028
70050000066029
70050000066030
70050000066031
70050000066032
70050000066033
70050000066034
70050000066035
70050000066036
70050000066037
70050000066038
70050000066039
70050000066040
70050000066041
70050000066042
70050000066043
70050000066044
70050000066045
70050000066046
70050000066052
70050000066053
70050000066078
70050000066079
70050000066080
70050000066081
70050000066082
70050000066083
70050000066084
70050000066085
70050000066086
70050000066087
70050000066088
70050000066089
70050000066090
70050000066091
70050000066092
70050000066093
70050000066094
70050000066095
70050000066096
70050000066097
70050000066098
70050000066099
70050000066100
70050000066101
70050000066102
70050000066103
70050000066104
70050000066105
70050000066106
70050000066107
70050000066108
70050000066109
70050000066110
70050000066111
70050000066112
70050000066113
70050000066114
70050000066115
70050000066116
70050000066117
70050000066118
70050000066120
70050000066121
70050000066122
70050000066123
70050000066124
70050000066125
70050000066126
70050000066127
70050000066128
70050000066129
70050000066130
70050000066131
70050000066132
70050000066133
70050000066134
70050000066135
70050000066136
70050000066137
70050000066138
70050000066139
70050000066140
70050000066141
70050000066142
70050000066143
70050000066144
70050000066145
70050000066146
70050000066147
70050000066148
70050000066149
70050000066150
70050000066151
70050000066152
70050000066153
70050000066154
70050000066155
70050000066156
70050000066157
70050000066158
70050000066159
70050000066160
70050000066161
70050000066162
70050000066163
70050000066164
70050000066165
70050000066166
70050000066167
70050000066168
70050000066169
70050000066170
70050000066176
70050000066177
70050000066178
70050000066179
70050000066180
70050000066181
70050000066182
70050000066183
70050000066184
70050000066185
70050000066186
70050000066187
70050000066188
70050000066189
70050000066190
70050000066191
70050000066192
70050000066193
70050000066194
70050000066195
70050000066196
70050000066197
70050000066198
70050000066199
70050000066200
70050000066201
70050000066202
70050000066203
70050000066204
70050000066205
70050000066206
70050000066207
70050000066208
70050000066209
70050000066210
70050000066211
70050000066212
70050000066213
70050000066214
70050000066215
70050000066216
70050000066217
70050000066218
70050000066219
70050000066220
70050000066221
70050000066222
70050000066223
70050000066224
70050000066225
70050000066226
70050000066227
70050000066228
70050000066229
70050000066230
70050000066231
70050000066232
70050000066233
70050000066234
70050000066235
70050000066236
70050000066237
70050000066238
70050000066239
70050000066240
70050000066241
70050000066242
70050000066243
70050000066244
70050000066245
70050000066246
70050000066247
70050000066248
70050000066249
70050000066250
70050000066251
70050000066252
70050000066253
70050000066254
70050000066255
70050000066256
70050000066257
70050000066258
70050000066259
70050000066260
70050000066261
70050000066276
70050000066277
70050000066278
70050000066279
70050000066280
70050000066281
70050000066282
70050000066283
70050000066284
70050000066285
70050000066286
70050000066287
70050000066288
70050000066289
70050000066290
70050000066291
70050000066292
70050000066293
70050000066294
70050000066295
70050000066296
70050000066297
70050000066298
70050000066299
70050000066300
70050000066301
70050000066302
70050000066303
70050000066304
70050000066305
70050000066306
70050000066307
70050000066308
70050000066309
70050000066310
70050000066311
70050000066312
70050000066313
70050000066314
70050000066315
70050000066316
70050000066317
70050000066318
70050000066321
70050000066322
70050000066323
70050000066324
70050000066325
70050000066326
70050000066327
70050000066328
70050000066329
70050000066330
70050000066331
70050000066332
70050000066333
70050000066334
70050000066335
70050000066336
70050000066337
70050000066338
70050000066339
70050000066340
70050000066341
70050000066342
70050000066343
70050000066344
70050000066345
70050000066346
70050000066347
70050000066348
70050000066349
70050000066350
70050000066351
70050000066352
70050000066353
70050000066354
70050000066355
70050000066356
70050000066357
70050000066358
70050000066359
70050000066360
70050000066361
70050000066362
70050000066363
70050000066364
70050000066365
70050000066366
70050000066367
70050000066368
70050000066369
70050000066370
70050000066371
70050000066372
70050000066373
70050000066374
70050000066375
70050000066376
70050000066377
70050000066378
70050000066379
70050000066380
70050000066381
70050000066382
70050000066383
70050000066384
70050000066385
70050000066386
70050000066387
70050000066388
70050000066389
70050000066390
70050000066391
70050000066392
70050000066393
70050000066394
70050000066395
70050000066396
70050000066397
70050000066399
70050000066400
70050000066401
70050000066402
70050000066403
70050000066404
70050000066405
70050000066406
70050000066407
70050000066408
70050000066409
70050000066410
70050000066414
70050000066431
70050000066436
70050000066438
70050000066482
70050000066486
70050000066487
70050000066488
70050000066489
70050000066490
70050000066491
70050000066492
70050000066497
70050000066498
70050000066503
70050000066541
70050000066542
70050000066544
70050000066545
70050000066546
70050000066547
70050000066548
70050000066549
70050000066551
70050000066552
70050000066560
70050000066561
70050000066565
70050000066567
70050000066568
70050000066569
70050000066571
70050000066572
70050000066573
70050000066574
70050000066575
70050000066576
70050000066577
70050000066579
70050000066580
70050000066581
70050000066582
70050000066583
70050000066584
70050000066585
70050000066593
70050000066594
70050000066595
70050000066596
70050000066597
70050000066598
70050000066599
70050000066600
70050000066601
70050000066602
70050000066604
70050000066605
70050000066606
70050000066607
70050000066608
70050000066609
70050000066610
70050000066611
70050000066612
70050000066613
70050000066615
70050000066616
70050000066617
70050000066618
70050000066619
70050000066620
70050000066621
70050000066622
70050000066623
70050000066624
70050000066626
70050000066627
70050000066628
70050000066629
70050000066630
70050000066631
70050000066632
70050000066633
70050000066634
70050000066635
70050000066636
70050000066637
70050000066638
70050000066639
70050000066640
70050000066641
70050000066642
70050000066643
70050000066644
70050000066645
70050000066653
70050000066655
70050000066656
70050000066657
70050000066659
70050000066660
70050000066666
70050000066669
70050000066670
70050000066671
70050000066673
70050000066675
70050000066676
70050000066677
70050000066679
70050000066689
70050000066690
70050000066696
70050000066697
70050000066698
70050000066699
70050000066700
70050000066701
70050000066702
70050000066703
70050000066704
70050000066705
70050000066706
70050000066742
70050000066743
70050000066753
70050000066754
70050000066768
70050000066769
70050000066770
70050000066771
70050000066776
70050000066777
70050000066778
70050000066779
70050000066780
70050000066781
70050000066782
70050000066783
70050000066784
70050000066785
70050000066786
70050000066787
70050000066788
70050000066789
70050000066790
70050000066791
70050000066792
70050000066793
70050000066794
70050000066795
70050000066796
70050000066797
70050000066798
70050000066799
70050000066800
70050000066801
70050000066802
70050000066803
70050000066804
70050000066805
70050000066806
70050000066807
70050000066814
70050000066815
70050000066816
70050000066817
70050000066823
70050000066824
70050000066825
70050000066826
70050000066827
70050000066828
70050000066850
70050000066851
70050000066852
70050000066853
70050000066854
70050000066857
70050000066858
70050000066866
70050000066867
70050000066868
70050000066869
70050000066870
70050000066871
70050000066872
70050000066873
70050000066874
70050000066875
70050000066876
70050000066877
70050000066878
70050000066879
70050000066880
70050000066881
70050000066882
70050000066883
70050000066884
70050000066885
70050000066886
70050000066887
70050000066888
70050000066889
70050000066891
70050000066892
70050000066894
70050000066904
70050000066905
70050000066912
70050000066927
70050000066929
70050000066930
70050000066931
70050000066932
70050000066933
70050000066934
70050000066938
70050000066941
70050000066942
70050000066946
70050000066950
70050000066954
70050000066964
70050000067022
70050000067025
70050000067028
70050000067030
70050000067031
70050000067033
70050000067034
70050000067035
70050000067036
70050000067037
70050000067038
70050000067039
70050000067040
70050000067041
70050000067043
70050000067044
70050000067045
70050000067046
70050000067047
70050000067048
70050000067049
70050000067050
70050000067051
70050000067052
70050000067053
70050000067054
70050000067055
70050000067056
70050000067057
70050000067059
70050000067060
70050000067065
70050000067067
70050000067068
70050000067071
70050000067073
70050000067076
70050000067082
70050000067106
70050000067120
70050000067205
70050000067206
70050000067207
70050000067208
70050000067209
70050000067210
70050000067211
70050000067212
70050000067213
70050000067214
70050000067215
70050000067216
70050000067217
70050000067219
70050000067233
70050000067235
70050000067249
70050000067269
70050000067270
70050000067271
70050000067272
70050000067273
70050000067274
70050000067275
70050000067276
70050000067277
70050000067280
70050000067313
70050000067315
70050000067321
70050000067322
70050000067323
70050000067324
70050000067325
70050000067329
70050000067330
70050000067345
70050000067346
70050000067348
70050000067352
70050000067357
70050000067361
70050000067362
70050000067363
70050000067364
70050000067365
70050000067366
70050000067367
70050000067368
70050000067369
70050000067370
70050000067371
70050000067372
70050000067373
70050000067374
70050000067375
70050000067376
70050000067398
70050000067399
70050000067400
70050000067401
70050000067402
70050000067407
70050000067408
70050000067409
70050000067410
70050000067411
70050000067412
70050000067413
70050000067417
70050000067418
70050000067426
70050000067431
70050000067435
70050000067436
70050000067437
70050000067438
70050000067439
70050000067440
70050000067441
70050000067442
70050000067443
70050000067444
70050000067445
70050000067446
70050000067447
70050000067448
70050000067449
70050000067450
70050000067453
70050000067454
70050000067455
70050000067456
70050000067457
70050000067458
70050000067459
70050000067460
70050000067461
70050000067462
70050000067463
70050000067464
70050000067465
70050000067466
70050000067467
70050000067468
70050000067469
70050000067470
70050000067471
70050000067472
70050000067473
70050000067474
70050000067475
70050000067476
70050000067477
70050000067478
70050000067534
70050000067536
70050000067537
70050000067538
70050000067539
70050000067540
70050000067541
70050000067542
70050000067543
70050000067544
70050000067548
70050000067549
70050000067560
70050000067561
70050000067562
70050000067563
70050000067564
70050000067565
70050000067566
70050000067567
70050000067568
70050000067569
70050000067571
70050000067572
70050000067573
70050000067574
70050000067575
70050000067577
70050000067579
70050000067580
70050000067581
70050000067582
70050000067583
70050000067584
70050000067585
70050000067602
70050000067603
70050000067604
70050000067626
70050000067627
70050000067628
70050000067629
70050000067630
70050000067631
70050000067632
70050000067633
70050000067634
70050000067635
70050000067636
70050000067637
70050000067640
70050000067653
70050000067658
70050000067662
70050000067663
70050000067664
70050000067665
70050000067666
70050000067667
70050000067668
70050000067669
70050000067670
70050000067671
70050000067672
70050000067673
70050000067674
70050000067675
70050000067676
70050000067677
70050000067680
70050000067681
70050000067682
70050000067683
70050000067684
70050000067685
70050000067686
70050000067687
70050000067688
70050000067689
70050000067690
70050000067691
70050000067692
70050000067693
70050000067694
70050000067695
70050000067696
70050000067697
70050000067698
70050000067699
70050000067700
70050000067701
70050000067702
70050000067703
70050000067704
70050000067705
70050000067706
70050000067707
70050000067708
70050000067709
70050000067710
70050000067711
70050000067712
70050000067713
70050000067714
70050000067715
70050000067716
70050000067717
70050000067718
70050000067719
70050000067720
70050000067721
70050000067722
70050000067723
70050000067724
70050000067728
70050000067729
70050000067737
70050000067742
70050000067746
70050000067747
70050000067748
70050000067749
70050000067750
70050000067751
70050000067752
70050000067753
70050000067754
70050000067755
70050000067756
70050000067757
70050000067758
70050000067759
70050000067760
70050000067761
70050000067764
70050000067765
70050000067766
70050000067767
70050000067768
70050000067769
70050000067770
70050000067771
70050000067772
70050000067773
70050000067774
70050000067775
70050000067776
70050000067777
70050000067778
70050000067779
70050000067780
70050000067781
70050000067782
70050000067783
70050000067784
70050000067785
70050000067786
70050000067787
70050000067788
70050000067789
70050000067790
70050000067791
70050000067792
70050000067793
70050000067794
70050000067795
70050000067796
70050000067797
70050000067798
70050000067799
70050000067800
70050000067801
70050000067802
70050000067803
70050000067804
70050000067805
70050000067807
70050000067808
70050000067820
70050000067855
70050000067856
70050000067857
70050000067874
70050000067876
70050000067880
70050000067884
70050000067886
70050000067891
70050000067895
70050000067898
70050000067899
70050000067900
70050000067901
70050000067902
70050000067903
70050000067904
70050000067905
70050000067906
70050000067907
70050000067908
70050000067909
70050000067910
70050000067911
70050000067912
70050000067913
70050000067914
70050000067915
70050000067916
70050000067917
70050000067919
70050000067921
70050000067925
70050000067929
70050000067931
70050000067935
70050000067963
70050000067967
70050000067974
70050000067975
70050000067976
70050000067977
70050000067979
70050000067980
70050000067981
70050000067983
70050000067985
70050000067986
70050000067987
70050000067988
70050000067994
70050000067995
70050000067996
70050000067997
70050000067998
70050000067999
70050000068000
70050000068001
70050000068005
70050000068006
70050000068007
70050000068008
70050000068009
70050000068010
70050000068011
70050000068026
70050000068027
70050000068031
70050000068032
70050000068040
70050000068044
70050000068048
70050000068088
70050000068092
70050000068093
70050000068100
70050000068102
70050000068103
70050000068114
70050000068115
70050000068116
70050000068117
70050000068118
70050000068119
70050000068120
70050000068121
70050000068122
70050000068123
70050000068124
70050000068125
70050000068126
70050000068127
70050000068128
70050000068175
70050000068176
70050000068177
70050000068178
70050000068179
70050000068180
70050000068181
70050000068183
70050000068184
70050000068188
70050000068189
70050000068192
70050000068193
70050000068194
70050000068196
70050000068197
70050000068199
70050000068210
70050000068211
70050000068238
70050000068239
70050000068240
70050000068241
70050000068242
70050000068243
70050000068244
70050000068245
70050000068246
70050000068247
70050000068248
70050000068249
70050000068250
70050000068251
70050000068252
70050000068253
70050000068256
70050000068264
70050000068272
70050000068273
70050000068279
70050000068292
70050000068293
70050000068294
70050000068295
70050000068296
70050000068297
70050000068298
70050000068299
70050000068300
70050000068301
70050000068302
70050000068303
70050000068304
70050000068305
70050000068306
70050000068307
70050000068308
70050000068309
70050000068310
70050000068311
70050000068312
70050000068313
70050000068314
70050000068315
70050000068316
70050000068317
70050000068318
70050000068319
70050000068320
70050000068321
70050000068322
70050000068323
70050000068324
70050000068325
70050000068326
70050000068327
70050000068328
70050000068329
70050000068330
70050000068331
70050000068332
70050000068333
70050000068335
70050000068344
70050000068350
70050000068352
70050000068353
70050000068354
70050000068355
70050000068358
70050000068360
70050000068361
70050000068362
70050000068363
70050000068364
70050000068365
70050000068366
70050000068367
70050000068369
70050000068374
70050000068375
70050000068379
70050000068382
70050000068383
70050000068389
70050000068393
70050000068396
70050000068397
70050000068404
70050000068405
70050000068406
70050000068407
70050000068408
70050000068409
70050000068413
70050000068415
70050000068416
70050000068421
70050000068423
70050000068424
70050000068425
70050000068447
70050000068448
70050000068449
70050000068450
70050000068451
70050000068452
70050000068456
70050000068458
70050000068459
70050000068460
70050000068463
70050000068468
70050000068471
70050000068472
70050000068473
70050000068477
70050000068480
70050000068481
70050000068485
70050000068488
70050000068489
70050000068490
70050000068494
70050000068497
70050000068498
70050000068504
70050000068510
70050000068514
70050000068532
70050000068542
70050000068543
70050000068544
70050000068545
70050000068546
70050000068547
70050000068548
70050000068549
70050000068550
70050000068551
70050000068552
70050000068553
70050000068554
70050000068555
70050000068562
70050000068565
70050000068566
70050000068578
70050000068581
70050000068582
70050000068583
70050000068584
70050000068585
70050000068586
70050000068587
70050000068588
70050000068589
70050000068590
70050000068591
70050000068592
70050000068593
70050000068594
70050000068598
70050000068603
70050000068606
70050000068607
70050000068610
70050000068617
70050000068631
70050000068635
70050000068636
70050000068641
70050000068643
70050000068647
70050000068648
70050000068649
70050000068650
70050000068651
70050000068660
70050000068661
70050000068662
70050000068663
70050000068664
70050000068665
70050000068666
70050000068667
70050000068674
70050000068675
70050000068677
70050000068681
70050000068684
70050000068687
70050000068690
70050000068691
70050000068693
70050000068694
70050000068695
70050000068696
70050000068697
70050000068698
70050000068699
70050000068700
70050000068701
70050000068703
70050000068704
70050000068705
70050000068706
70050000068707
70050000068708
70050000068709
70050000068710
70050000068711
70050000068712
70050000068713
70050000068714
70050000068715
70050000068716
70050000068717
70050000068718
70050000068719
70050000068720
70050000068721
70050000068722
70050000068723
70050000068724
70050000068725
70050000068727
70050000068728
70050000068729
70050000068730
70050000068731
70050000068732
70050000068733
70050000068734
70050000068735
70050000068736
70050000068757
70050000068768
70050000068769
70050000068770
70050000068771
70050000068772
70050000068773
70050000068774
70050000068775
70050000068776
70050000068777
70050000068778
70050000068781
70050000068790
70050000068791
70050000068792
70050000068793
70050000068797
70050000068798
70050000068799
70050000068811
70050000068818
70050000068819
70050000068823
70050000068825
70050000068836
70050000068837
70050000068838
70050000068839
70050000068840
70050000068841
70050000068842
70050000068843
70050000068844
70050000068845
70050000068846
70050000068847
70050000068848
70050000068849
70050000068850
70050000068851
70050000068855
70050000068856
70050000068857
70050000068859
70050000068861
70050000068862
70050000068864
70050000068869
70050000068872
70050000068873
70050000068884
70050000068895
70050000068900
70050000068901
70050000068903
70050000068904
70050000068905
70050000068906
70050000068907
70050000068908
70050000068910
70050000068911
70050000068912
70050000068913
70050000068914
70050000068915
70050000068916
70050000068917
70050000068918
70050000068919
70050000068920
70050000068921
70050000068922
70050000068923
70050000068924
70050000068925
70050000068926
70050000068927
70050000068928
70050000068929
70050000068930
70050000068931
70050000068932
70050000068933
70050000068934
70050000068935
70050000068936
70050000068937
70050000068938
70050000068939
70050000068940
70050000068941
70050000068942
70050000068943
70050000068944
70050000068945
70050000068946
70050000068947
70050000068948
70050000068949
70050000068950
70050000068951
70050000068966
70050000068967
70050000068968
70050000068969
70050000068970
70050000069038
70050000069062
70050000069066
70050000069076
70050000069077
70050000069078
70050000069079
70050000069080
70050000069081
70050000069082
70050000069083
70050000069084
70050000069085
70050000069086
70050000069087
70050000069088
70050000069089
70050000069090
70050000069091
70050000069092
70050000069103
70050000069106
70050000069107
70050000069108
70050000069109
70050000069110
70050000069111
70050000069112
70050000069113
70050000069115
70050000069116
70050000069117
70050000069118
70050000069138
70050000069139
70050000069140
70050000069141
70050000069142
70050000069143
70050000069168
70050000069186
70050000069187
70050000069188
70050000069189
70050000069190
70050000069194
70050000069195
70050000069196
70050000069199
70050000069204
70050000069205
70050000069206
70050000069207
70050000069208
70050000069214
70050000069223
70050000069225
70050000069226
70050000069230
70050000069231
70050000069232
70050000069236
70050000069237
70050000069238
70050000069259
70050000069260
70050000069261
70050000069262
70050000069263
70050000069264
70050000069269
70050000069271
70050000069272
70050000069273
70050000069274
70050000069275
70050000069276
70050000069277
70050000069278
70050000069279
70050000069280
70050000069281
70050000069282
70050000069283
70050000069284
70050000069285
70050000069293
70050000069294
70050000069295
70050000069296
70050000069306
70050000069308
70050000069309
70050000069310
70050000069314
70050000069315
70050000069316
70050000069318
70050000069438
70050000069440
70050000069441
70050000069450
70050000069460
70050000069462
70050000069463
70050000069464
70050000069465
70050000069466
70050000069478
70050000069479
70050000069489
70050000069496
70050000069497
70050000069502
70050000069503
70050000069509
70050000069519
70050000069521
70050000069527
70050000069528
70050000069534
70050000069535
70050000069536
70050000069537
70050000069538
70050000069539
70050000069540
70050000069541
70050000069542
70050000069543
70050000069544
70050000069545
70050000069546
70050000069547
70050000069560
70050000069562
70050000069564
70050000069571
70050000069574
70050000069575
70050000069576
70050000069577
70050000069597
70050000069599
70050000069600
70050000069601
70050000069602
70050000069603
70050000069604
70050000069609
70050000069610
70050000069611
70050000069614
70050000069615
70050000069626
70050000069627
70050000069628
70050000069629
70050000069630
70050000069631
70050000069632
70050000069633
70050000069634
70050000069635
70050000069636
70050000069637
70050000069638
70050000069639
70050000069640
70050000069641
70050000069642
70050000069643
70050000069644
70050000069645
70050000069646
70050000069662
70050000069668
70050000069674
70050000069720
70050000069721
70050000069723
70050000069724
70050000069725
70050000069726
70050000069728
70050000069729
70050000069730
70050000069731
70050000069733
70050000069734
70050000069735
70050000069737
70050000069766
70050000069775
70050000069778
70050000069782
70050000069787
70050000069791
70050000069796
70050000069801
70050000069805
70050000069809
70050000069822
70050000069823
70050000069824
70050000069826
70050000069827
70050000069828
70050000069829
70050000069830
70050000069831
70050000069832
70050000069833
70050000069834
70050000069835
70050000069836
70050000069837
70050000069838
70050000069839
70050000069916
70050000069917
70050000069918
70050000069919
70050000069920
70050000069921
70050000069923
70050000069941
70050000069946
70050000069952
70050000069954
70050000069955
70050000069956
70050000069957
70050000069958
70050000069965
70050000069970
70050000069971
70050000069972
70050000069973
70050000069974
70050000069982
70050000069983
70050000069985
70050000069990
70050000069995
70050000070000
70050000070005
70050000070013
70050000070014
70050000070019
70050000070026
70050000070027
70050000070069
70050000070083
70050000070100
70050000070101
70050000070104
70050000070130
70050000070133
70050000070141
70050000070155
70050000070185
70050000070186
70050000070187
70050000070188
70050000070207
70050000070208
70050000070209
70050000070211
70050000070212
70050000070213
70050000070214
70050000070215
70050000070218
70050000070222
70050000070229
70050000070231
70050000070232
70050000070233
70050000070234
70050000070252
70050000070306
70050000070307
70050000070308
70050000070309
70050000070310
70050000070311
70050000070312
70050000070313
70050000070314
70050000070315
70050000070316
70050000070317
70050000070343
70050000070344
70050000070366
70050000070376
70050000070378
70050000070379
70050000070389
70050000070390
70050000070393
70050000070394
70050000070396
70050000070434
70050000070435
70050000070441
70050000070442
70050000070468
70050000070470
70050000070510
70050000070519
70050000070521
70050000070533
70050000070534
70050000070537
70050000070543
70050000070544
70050000070550
70050000070559
70050000070561
70050000070572
70050000070573
70050000070574
70050000070575
70050000070576
70050000070577
70050000070578
70050000070579
70050000070580
70050000070581
70050000070582
70050000070583
70050000070584
70050000070591
70050000070596
70050000070622
70050000070623
70050000070624
70050000070625
70050000070626
70050000070627
70050000070635
70050000070640
70050000070646
70050000070697
70050000070698
70050000070700
70050000070701
70050000070714
70050000070715
70050000070716
70050000070717
70050000070721
70050000070722
70050000070728
70050000070751
70050000070752
70050000070754
70050000070755
70050000070756
70050000070757
70050000070758
70050000070759
70050000070760
70050000070761
70050000070762
70050000070763
70050000070764
70050000070765
70050000070766
70050000070767
70050000070768
70050000070769
70050000070770
70050000070771
70050000070772
70050000070774
70050000070790
70050000070791
70050000070792
70050000070793
70050000070794
70050000070806
70050000070807
70050000070808
70050000070809
70050000070810
70050000070811
70050000070812
70050000070824
70050000070825
70050000070826
70050000070827
70050000070828
70050000070829
70050000070830
70050000070831
70050000070834
70050000070840
70050000070841
70050000070842
70050000070843
70050000070844
70050000070845
70050000070846
70050000070847
70050000070848
70050000070849
70050000070854
70050000070855
70050000070856
70050000070857
70050000070858
70050000070859
70050000070860
70050000070861
70050000070862
70050000070863
70050000070870
70050000070882
70050000070883
70050000070884
70050000070885
70050000070886
70050000070894
70050000070898
70050000070899
70050000070904
70050000070907
70050000070908
70050000070909
70050000070911
70050000070915
70050000070916
70050000070917
70050000070918
70050000070919
70050000070920
70050000070933
70050000070934
70050000070935
70050000070936
70050000070937
70050000070938
70050000070943
70050000070944
70050000070945
70050000070946
70050000070947
70050000070948
70050000070953
70050000070958
70050000070959
70050000070960
70050000070961
70050000070962
70050000070963
70050000070964
70050000070965
70050000070966
70050000070967
70050000070969
70050000070970
70050000070971
70050000070972
70050000070984
70050000070985
70050000070986
70050000070987
70050000070988
70050000070989
70050000070990
70050000070991
70050000070992
70050000070993
70050000070994
70050000070996
70050000070998
70050000071003
70050000071016
70050000071017
70050000071020
70050000071022
70050000071025
70050000071027
70050000071028
70050000071036
70050000071038
70050000071039
70050000071040
70050000071041
70050000071042
70050000071043
70050000071044
70050000071045
70050000071046
70050000071047
70050000071049
70050000071051
70050000071052
70050000071053
70050000071054
70050000071055
70050000071056
70050000071057
70050000071058
70050000071059
70050000071060
70050000071061
70050000071062
70050000071070
70050000071072
70050000071073
70050000071074
70050000071075
70050000071081
70050000071089
70050000071090
70050000071091
70050000071092
70050000071093
70050000071104
70050000071105
70050000071106
70050000071107
70050000071108
70050000071109
70050000071110
70050000071111
70050000071112
70050000071113
70050000071114
70050000071115
70050000071116
70050000071117
70050000071118
70050000071119
70050000071120
70050000071121
70050000071122
70050000071123
70050000071124
70050000071125
70050000071127
70050000071133
70050000071134
70050000071135
70050000071137
70050000071138
70050000071146
70050000071153
70050000071158
70050000071178
70050000071184
70050000071209
70050000071210
70050000071220
70050000071224
70050000071225
70050000071226
70050000071227
70050000071228
70050000071229
70050000071230
70050000071231
70050000071232
70050000071243
70050000071244
70050000071255
70050000071265
70050000071269
70050000071274
70050000071279
70050000071284
70050000071287
70050000071288
70050000071299
70050000071303
70050000071306
70050000071309
70050000071312
70050000071313
70050000071314
70050000071315
70050000071316
70050000071317
70050000071323
70050000071340
70050000071342
70050000071343
70050000071344
70050000071345
70050000071346
70050000071347
70050000071348
70050000071349
70050000071350
70050000071351
70050000071352
70050000071353
70050000071354
70050000071355
70050000071356
70050000071357
70050000071358
70050000071359
70050000071360
70050000071361
70050000071362
70050000071363
70050000071364
70050000071365
70050000071367
70050000071375
70050000071382
70050000071383
70050000071384
70050000071389
70050000071390
70050000071391
70050000071392
70050000071393
70050000071405
70050000071412
70050000071419
70050000071420
70050000071421
70050000071425
70050000071430
70050000071431
70050000071433
70050000071434
70050000071436
70050000071437
70050000071438
70050000071439
70050000071440
70050000071441
70050000071442
70050000071443
70050000071444
70050000071445
70050000071446
70050000071449
70050000071450
70050000071451
70050000071453
70050000071454
70050000071459
70050000071460
70050000071461
70050000071469
70050000071470
70050000071471
70050000071474
70050000071485
70050000071487
70050000071488
70050000071489
70050000071490
70050000071491
70050000071495
70050000071502
70050000071503
70050000071505
70050000071507
70050000071508
70050000071519
70050000071520
70050000071540
70050000071551
70050000071552
70050000071553
70050000071564
70050000071565
70050000071574
70050000071575
70050000071576
70050000071577
70050000071578
70050000071584
70050000071597
70050000071598
70050000071599
70050000071600
70050000071601
70050000071602
70050000071603
70050000071604
70050000071605
70050000071606
70050000071607
70050000071608
70050000071609
70050000071610
70050000071614
70050000071618
70050000071619
70050000071621
70050000071624
70050000071626
70050000071647
70050000071654
70050000071655
70050000071656
70050000071657
70050000071658
70050000071659
70050000071660
70050000071661
70050000071671
70050000071688
70050000071689
70050000071693
70050000071715
70050000071716
70050000071717
70050000071718
70050000071719
70050000071720
70050000071721
70050000071722
70050000071723
70050000071733
70050000071734
70050000071735
70050000071736
70050000071737
70050000071738
70050000071739
70050000071740
70050000071741
70050000071744
70050000071745
70050000071751
70050000071753
70050000071754
70050000071755
70050000071756
70050000071757
70050000071758
70050000071759
70050000071765
70050000071766
70050000071767
70050000071768
70050000071769
70050000071770
70050000071771
70050000071777
70050000071783
70050000071784
70050000071785
70050000071786
70050000071787
70050000071788
70050000071789
70050000071790
70050000071791
70050000071792
70050000071793
70050000071794
70050000071795
70050000071796
70050000071797
70050000071803
70050000071804
70050000071805
70050000071806
70050000071807
70050000071808
70050000071809
70050000071810
70050000071811
70050000071812
70050000071813
70050000071814
70050000071815
70050000071816
70050000071817
70050000071818
70050000071819
70050000071820
70050000071821
70050000071827
70050000071828
70050000071829
70050000071830
70050000071831
70050000071832
70050000071833
70050000071834
70050000071835
70050000071838
70050000071839
70050000071840
70050000071848
70050000071850
70050000071856
70050000071858
70050000071861
70050000071862
70050000071865
70050000071866
70050000071871
70050000071875
70050000071876
70050000071879
70050000071880
70050000071906
70050000071908
70050000071917
70050000071918
70050000071930
70050000071931
70050000071932
70050000071933
70050000071934
70050000071935
70050000071937
70050000071938
70050000071939
70050000071940
70050000071941
70050000071942
70050000071945
70050000071947
70050000071950
70050000071951
70050000071952
70050000071953
70050000071954
70050000071955
70050000071956
70050000071957
70050000071958
70050000071959
70050000071960
70050000071961
70050000071962
70050000071963
70050000071964
70050000071965
70050000071966
70050000071967
70050000071968
70050000071969
70050000071970
70050000071971
70050000071972
70050000071973
70050000071974
70050000071975
70050000071976
70050000071977
70050000071978
70050000071979
70050000071980
70050000071981
70050000071982
70050000071983
70050000071984
70050000071985
70050000071986
70050000071987
70050000071988
70050000071989
70050000071990
70050000071991
70050000071992
70050000071993
70050000071994
70050000071995
70050000071996
70050000071997
70050000071998
70050000071999
70050000072000
70050000072001
70050000072002
70050000072003
70050000072004
70050000072005
70050000072006
70050000072007
70050000072008
70050000072009
70050000072010
70050000072012
70050000072013
70050000072020
70050000072022
70050000072028
70050000072030
70050000072036
70050000072038
70050000072039
70050000072040
70050000072041
70050000072042
70050000072043
70050000072044
70050000072047
70050000072049
70050000072050
70050000072051
70050000072052
70050000072053
70050000072054
70050000072055
70050000072056
70050000072057
70050000072058
70050000072059
70050000072060
70050000072061
70050000072062
70050000072063
70050000072064
70050000072065
70050000072066
70050000072067
70050000072068
70050000072069
70050000072070
70050000072071
70050000072072
70050000072073
70050000072074
70050000072075
70050000072076
70050000072077
70050000072078
70050000072079
70050000072080
70050000072081
70050000072082
70050000072083
70050000072084
70050000072085
70050000072086
70050000072087
70050000072088
70050000072089
70050000072090
70050000072091
70050000072092
70050000072093
70050000072094
70050000072095
70050000072096
70050000072097
70050000072098
70050000072099
70050000072100
70050000072101
70050000072102
70050000072103
70050000072104
70050000072105
70050000072106
70050000072107
70050000072108
70050000072109
70050000072110
70050000072111
70050000072112
70050000072113
70050000072114
70050000072115
70050000072120
70050000072124
70050000072126
70050000072127
70050000072128
70050000072130
70050000072133
70050000072135
70050000072136
70050000072138
70050000072141
70050000072144
70050000072145
70050000072146
70050000072148
70050000072149
70050000072153
70050000072154
70050000072158
70050000072159
70050000072163
70050000072164
70050000072175
70050000072176
70050000072178
70050000072179
70050000072180
70050000072181
70050000072182
70050000072183
70050000072185
70050000072186
70050000072187
70050000072189
70050000072190
70050000072191
70050000072192
70050000072193
70050000072194
70050000072195
70050000072196
70050000072197
70050000072198
70050000072199
70050000072200
70050000072202
70050000072203
70050000072204
70050000072205
70050000072206
70050000072207
70050000072208
70050000072213
70050000072218
70050000072219
70050000072224
70050000072226
70050000072229
70050000072232
70050000072235
70050000072237
70050000072242
70050000072244
70050000072245
70050000072250
70050000072252
70050000072253
70050000072259
70050000072261
70050000072266
70050000072272
70050000072274
70050000072275
70050000072278
70050000072280
70050000072287
70050000072291
70050000072293
70050000072296
70050000072298
70050000072301
70050000072303
70050000072309
70050000072311
70050000072317
70050000072319
70050000072320
70050000072324
70050000072326
70050000072331
70050000072333
70050000072336
70050000072338
70050000072341
70050000072343
70050000072346
70050000072348
70050000072349
70050000072351
70050000072368
70050000072369
70050000072370
70050000072371
70050000072372
70050000072373
70050000072374
70050000072377
70050000072378
70050000072380
70050000072384
70050000072385
70050000072395
70050000072397
70050000072400
70050000072401
70050000072405
70050000072407
70050000072411
70050000072413
70050000072416
70050000072418
70050000072421
70050000072423
70050000072424
70050000072427
70050000072429
70050000072432
70050000072434
70050000072437
70050000072439
70050000072440
70050000072442
70050000072443
70050000072454
70050000072456
70050000072462
70050000072464
70050000072467
70050000072469
70050000072479
70050000072481
70050000072482
70050000072498
70050000072499
70050000072500
70050000072501
70050000072524
70050000072551
70050000072552
70050000072553
70050000072554
70050000072555
70050000072556
70050000072557
70050000072558
70050000072581
70050000072582
70050000072591
70050000072592
70050000072593
70050000072595
70050000072596
70050000072598
70050000072599
70050000072601
70050000072602
70050000072603
70050000072607
70050000072608
70050000072609
70050000072610
70050000072611
70050000072613
70050000072614
70050000072616
70050000072617
70050000072619
70050000072620
70050000072621
70050000072622
70050000072623
70050000072625
70050000072626
70050000072627
70050000072631
70050000072652
70050000072657
70050000072683
70050000072699
70050000072700
70050000072705
70050000072713
70050000072714
70050000072715
70050000072716
70050000072717
70050000072718
70050000072719
70050000072721
70050000072723
70050000072725
70050000072727
70050000072729
70050000072731
70050000072733
70050000072738
70050000072739
70050000072742
70050000072744
70050000072747
70050000072750
70050000072759
70050000072760
70050000072761
70050000072762
70050000072763
70050000072764
70050000072765
70050000072766
70050000072767
70050000072768
70050000072769
70050000072778
70050000072779
70050000072780
70050000072783
70050000072784
70050000072785
70050000072787
70050000072789
70050000072791
70050000072793
70050000072795
70050000072797
70050000072799
70050000072800
70050000072801
70050000072802
70050000072803
70050000072804
70050000072805
70050000072806
70050000072827
70050000072828
70050000072829
70050000072830
70050000072831
70050000072832
70050000072833
70050000072834
70050000072835
70050000072836
70050000072847
70050000072848
70050000072849
70050000072850
70050000072851
70050000072852
70050000072853
70050000072854
70050000072855
70050000072856
70050000072858
70050000072859
70050000072860
70050000072861
70050000072865
70050000072869
70050000072870
70050000072871
70050000072872
70050000072873
70050000072874
70050000072875
70050000072876
70050000072877
70050000072878
70050000072880
70050000072892
70050000072894
70050000072896
70050000072897
70050000072898
70050000072902
70050000072903
70050000072904
70050000072909
70050000072914
70050000072916
70050000072925
70050000072926
70050000072927
70050000072928
70050000072929
70050000072930
70050000072931
70050000072932
70050000072933
70050000072935
70050000072941
70050000072945
70050000072949
70050000072953
70050000072957
70050000072961
70050000072965
70050000072974
70050000072988
70050000072989
70050000072990
70050000072991
70050000072992
70050000072994
70050000072995
70050000072996
70050000072997
70050000072998
70050000072999
70050000073000
70050000073002
70050000073003
70050000073006
70050000073007
70050000073009
70050000073010
70050000073011
70050000073027
70050000073057
70050000073063
70050000073064
70050000073065
70050000073066
70050000073067
70050000073068
70050000073070
70050000073071
70050000073072
70050000073073
70050000073079
70050000073083
70050000073084
70050000073085
70050000073086
70050000073088
70050000073089
70050000073090
70050000073091
70050000073092
70050000073093
70050000073094
70050000073095
70050000073096
70050000073121
70050000073122
70050000073123
70050000073124
70050000073125
70050000073126
70050000073127
70050000073128
70050000073129
70050000073130
70050000073131
70050000073132
70050000073133
70050000073134
70050000073135
70050000073136
70050000073137
70050000073138
70050000073139
70050000073140
70050000073141
70050000073142
70050000073143
70050000073144
70050000073149
70050000073154
70050000073156
70050000073158
70050000073159
70050000073164
70050000073165
70050000073166
70050000073167
70050000073173
70050000073174
70050000073175
70050000073176
70050000073177
70050000073178
70050000073179
70050000073180
70050000073181
70050000073182
70050000073183
70050000073184
70050000073185
70050000073199
70050000073201
70050000073202
70050000073203
70050000073204
70050000073205
70050000073206
70050000073207
70050000073208
70050000073209
70050000073210
70050000073211
70050000073212
70050000073213
70050000073214
70050000073215
70050000073216
70050000073217
70050000073218
70050000073219
70050000073220
70050000073221
70050000073222
70050000073223
70050000073224
70050000073225
70050000073226
70050000073227
70050000073228
70050000073229
70050000073230
70050000073231
70050000073232
70050000073233
70050000073234
70050000073235
70050000073238
70050000073239
70050000073247
70050000073248
70050000073249
70050000073250
70050000073251
70050000073252
70050000073255
70050000073256
70050000073257
70050000073258
70050000073261
70050000073262
70050000073263
70050000073264
70050000073265
70050000073266
70050000073267
70050000073268
70050000073269
70050000073270
70050000073271
70050000073272
70050000073273
70050000073274
70050000073275
70050000073276
70050000073278
70050000073287
70050000073288
70050000073289
70050000073290
70050000073291
70050000073292
70050000073299
70050000073302
70050000073305
70050000073306
70050000073308
70050000073311
70050000073319
70050000073320
70050000073321
70050000073322
70050000073323
70050000073324
70050000073325
70050000073326
70050000073333
70050000073334
70050000073336
70050000073338
70050000073339
70050000073340
70050000073341
70050000073342
70050000073344
70050000073345
70050000073346
70050000073347
70050000073353
70050000073354
70050000073355
70050000073356
70050000073357
70050000073358
70050000073359
70050000073360
70050000073361
70050000073362
70050000073363
70050000073364
70050000073365
70050000073366
70050000073367
70050000073368
70050000073369
70050000073370
70050000073371
70050000073372
70050000073373
70050000073374
70050000073375
70050000073376
70050000073377
70050000073378
70050000073379
70050000073380
70050000073381
70050000073382
70050000073383
70050000073384
70050000073385
70050000073386
70050000073387
70050000073388
70050000073389
70050000073390
70050000073391
70050000073392
70050000073393
70050000073394
70050000073395
70050000073396
70050000073400
70050000073401
70050000073403
70050000073406
70050000073407
70050000073408
70050000073410
70050000073414
70050000073415
70050000073417
70050000073421
70050000073423
70050000073426
70050000073428
70050000073429
70050000073430
70050000073431
70050000073432
70050000073433
70050000073435
70050000073437
70050000073438
70050000073440
70050000073441
70050000073442
70050000073443
70050000073444
70050000073445
70050000073446
70050000073447
70050000073448
70050000073449
70050000073450
70050000073451
70050000073452
70050000073453
70050000073454
70050000073455
70050000073456
70050000073457
70050000073462
70050000073466
70050000073486
70050000073501
70050000073502
70050000073503
70050000073504
70050000073505
70050000073506
70050000073507
70050000073508
70050000073516
70050000073518
70050000073521
70050000073522
70050000073524
70050000073525
70050000073526
70050000073527
70050000073528
70050000073529
70050000073530
70050000073531
70050000073532
70050000073533
70050000073534
70050000073535
70050000073536
70050000073537
70050000073538
70050000073544
70050000073545
70050000073561
70050000073574
70050000073575
70050000073576
70050000073579
70050000073581
70050000073587
70050000073588
70050000073612
70050000073613
70050000073615
70050000073616
70050000073620
70050000073621
70050000073627
70050000073630
70050000073631
70050000073637
70050000073638
70050000073644
70050000073645
70050000073646
70050000073652
70050000073654
70050000073656
70050000073658
70050000073659
70050000073662
70050000073666
70050000073667
70050000073668
70050000073675
70050000073676
70050000073677
70050000073678
70050000073679
70050000073680
70050000073681
70050000073682
70050000073683
70050000073684
70050000073685
70050000073686
70050000073687
70050000073688
70050000073689
70050000073690
70050000073691
70050000073692
70050000073693
70050000073694
70050000073695
70050000073696
70050000073697
70050000073698
70050000073699
70050000073700
70050000073701
70050000073714
70050000073720
70050000073736
70050000073738
70050000073747
70050000073758
70050000073760
70050000073762
70050000073763
70050000073766
70050000073772
70050000073773
70050000073774
70050000073775
70050000073779
70050000073782
70050000073786
70050000073803
70050000073806
70050000073813
70050000073814
70050000073815
70050000073816
70050000073817
70050000073818
70050000073819
70050000073820
70050000073821
70050000073822
70050000073823
70050000073824
70050000073825
70050000073826
70050000073827
70050000073828
70050000073829
70050000073830
70050000073831
70050000073832
70050000073833
70050000073834
70050000073835
70050000073836
70050000073837
70050000073838
70050000073839
70050000073840
70050000073841
70050000073842
70050000073843
70050000073844
70050000073845
70050000073846
70050000073847
70050000073848
70050000073849
70050000073850
70050000073851
70050000073852
70050000073853
70050000073854
70050000073855
70050000073856
70050000073857
70050000073858
70050000073859
70050000073860
70050000073861
70050000073862
70050000073863
70050000073864
70050000073865
70050000073866
70050000073867
70050000073868
70050000073869
70050000073870
70050000073871
70050000073872
70050000073873
70050000073874
70050000073875
70050000073876
70050000073877
70050000073878
70050000073879
70050000073880
70050000073883
70050000073884
70050000073885
70050000073886
70050000073887
70050000073888
70050000073889
70050000073890
70050000073891
70050000073892
70050000073893
70050000073894
70050000073895
70050000073920
70050000073927
70050000073934
70050000073939
70050000073946
70050000073951
70050000073952
70050000073953
70050000073954
70050000073955
70050000073956
70050000073957
70050000073958
70050000073962
70050000073963
70050000073964
70050000073965
70050000073968
70050000073969
70050000073970
70050000073971
70050000073973
70050000073974
70050000073975
70050000073976
70050000073977
70050000073992
70050000073994
70050000073995
70050000073996
70050000073997
70050000073998
70050000073999
70050000074000
70050000074001
70050000074002
70050000074003
70050000074004
70050000074005
70050000074006
70050000074007
70050000074008
70050000074010
70050000074012
70050000074013
70050000074014
70050000074015
70050000074016
70050000074017
70050000074018
70050000074019
70050000074020
70050000074021
70050000074022
70050000074023
70050000074024
70050000074026
70050000074028
70050000074030
70050000074033
70050000074055
70050000074056
70050000074057
70050000074058
70050000074060
70050000074061
70050000074062
70050000074063
70050000074067
70050000074069
70050000074070
70050000074074
70050000074075
70050000074076
70050000074077
70050000074078
70050000074079
70050000074080
70050000074081
70050000074082
70050000074083
70050000074084
70050000074085
70050000074086
70050000074087
70050000074088
70050000074089
70050000074096
70050000074097
70050000074098
70050000074099
70050000074100
70050000074101
70050000074102
70050000074106
70050000074109
70050000074110
70050000074111
70050000074112
70050000074113
70050000074114
70050000074115
70050000074116
70050000074117
70050000074118
70050000074119
70050000074123
70050000074126
70050000074127
70050000074128
70050000074129
70050000074131
70050000074132
70050000074133
70050000074134
70050000074135
70050000074136
70050000074137
70050000074138
70050000074139
70050000074140
70050000074141
70050000074142
70050000074143
70050000074144
70050000074145
70050000074146
70050000074147
70050000074155
70050000074156
70050000074157
70050000074158
70050000074159
70050000074160
70050000074161
70050000074162
70050000074163
70050000074164
70050000074165
70050000074166
70050000074169
70050000074170
70050000074176
70050000074178
70050000074179
70050000074180
70050000074181
70050000074182
70050000074183
70050000074184
70050000074185
70050000074186
70050000074187
70050000074188
70050000074189
70050000074190
70050000074191
70050000074192
70050000074202
70050000074203
70050000074205
70050000074210
70050000074211
70050000074212
70050000074213
70050000074214
70050000074218
70050000074219
70050000074220
70050000074221
70050000074225
70050000074227
70050000074238
70050000074239
70050000074240
70050000074242
70050000074243
70050000074247
70050000074249
70050000074250
70050000074251
70050000074253
70050000074254
70050000074256
70050000074257
70050000074258
70050000074260
70050000074261
70050000074262
70050000074263
70050000074264
70050000074265
70050000074266
70050000074267
70050000074268
70050000074269
70050000074271
70050000074274
70050000074275
70050000074276
70050000074277
70050000074278
70050000074279
70050000074280
70050000074281
70050000074282
70050000074283
70050000074284
70050000074285
70050000074286
70050000074287
70050000074288
70050000074289
70050000074294
70050000074295
70050000074296
70050000074297
70050000074298
70050000074299
70050000074302
70050000074304
70050000074308
70050000074309
70050000074312
70050000074313
70050000074316
70050000074342
70050000074343
70050000074347
70050000074348
70050000074351
70050000074355
70050000074356
70050000074359
70050000074360
70050000074362
70050000074363
70050000074364
70050000074365
70050000074366
70050000074367
70050000074368
70050000074369
70050000074370
70050000074371
70050000074372
70050000074373
70050000074374
70050000074378
70050000074379
70050000074380
70050000074381
70050000074382
70050000074383
70050000074384
70050000074385
70050000074386
70050000074387
70050000074388
70050000074389
70050000074390
70050000074391
70050000074392
70050000074393
70050000074394
70050000074395
70050000074396
70050000074398
70050000074401
70050000074402
70050000074403
70050000074404
70050000074405
70050000074406
70050000074407
70050000074408
70050000074409
70050000074410
70050000074411
70050000074412
70050000074416
70050000074419
70050000074420
70050000074421
70050000074422
70050000074423
70050000074424
70050000074425
70050000074426
70050000074427
70050000074428
70050000074429
70050000074430
70050000074431
70050000074432
70050000074433
70050000074434
70050000074435
70050000074447
70050000074448
70050000074449
70050000074450
70050000074451
70050000074452
70050000074453
70050000074454
70050000074455
70050000074456
70050000074457
70050000074458
70050000074459
70050000074460
70050000074461
70050000074462
70050000074463
70050000074464
70050000074465
70050000074466
70050000074467
70050000074468
70050000074470
70050000074471
70050000074472
70050000074473
70050000074474
70050000074475
70050000074476
70050000074477
70050000074479
70050000074487
70050000074491
70050000074492
70050000074493
70050000074494
70050000074495
70050000074496
70050000074497
70050000074498
70050000074499
70050000074500
70050000074501
70050000074502
70050000074503
70050000074504
70050000074505
70050000074506
70050000074507
70050000074508
70050000074509
70050000074510
70050000074511
70050000074512
70050000074513
70050000074514
70050000074515
70050000074516
70050000074517
70050000074518
70050000074519
70050000074520
70050000074521
70050000074522
70050000074523
70050000074524
70050000074525
70050000074526
70050000074527
70050000074528
70050000074529
70050000074530
70050000074531
70050000074532
70050000074533
70050000074534
70050000074535
70050000074536
70050000074537
70050000074538
70050000074539
70050000074540
70050000074541
70050000074542
70050000074543
70050000074544
70050000074545
70050000074550
70050000074551
70050000074552
70050000074553
70050000074554
70050000074555
70050000074556
70050000074557
70050000074560
70050000074568
70050000074569
70050000074570
70050000074571
70050000074572
70050000074573
70050000074574
70050000074575
70050000074576
70050000074577
70050000074578
70050000074579
70050000074580
70050000074581
70050000074582
70050000074583
70050000074584
70050000074585
70050000074586
70050000074587
70050000074588
70050000074589
70050000074590
70050000074591
70050000074592
70050000074593
70050000074594
70050000074595
70050000074596
70050000074597
70050000074598
70050000074599
70050000074600
70050000074601
70050000074602
70050000074603
70050000074604
70050000074605
70050000074606
70050000074607
70050000074608
70050000074609
70050000074610
70050000074611
70050000074612
70050000074613
70050000074614
70050000074615
70050000074616
70050000074617
70050000074619
70050000074620
70050000074621
70050000074622
70050000074623
70050000074624
70050000074625
70050000074626
70050000074627
70050000074628
70050000074630
70050000074631
70050000074632
70050000074634
70050000074635
70050000074636
70050000074637
70050000074638
70050000074639
70050000074640
70050000074641
70050000074642
70050000074643
70050000074644
70050000074645
70050000074646
70050000074647
70050000074648
70050000074649
70050000074651
70050000074652
70050000074653
70050000074656
70050000074657
70050000074658
70050000074659
70050000074660
70050000074661
70050000074662
70050000074663
70050000074664
70050000074665
70050000074666
70050000074667
70050000074668
70050000074670
70050000074671
70050000074672
70050000074673
70050000074674
70050000074675
70050000074676
70050000074677
70050000074678
70050000074679
70050000074680
70050000074681
70050000074682
70050000074683
70050000074684
70050000074685
70050000074686
70050000074691
70050000074700
70050000074704
70050000074709
70050000074710
70050000074711
70050000074712
70050000074713
70050000074714
70050000074715
70050000074716
70050000074717
70050000074718
70050000074719
70050000074720
70050000074721
70050000074722
70050000074723
70050000074724
70050000074725
70050000074726
70050000074727
70050000074728
70050000074729
70050000074730
70050000074731
70050000074733
70050000074734
70050000074735
70050000074736
70050000074737
70050000074738
70050000074739
70050000074740
70050000074741
70050000074742
70050000074743
70050000074744
70050000074745
70050000074746
70050000074747
70050000074748
70050000074749
70050000074750
70050000074753
70050000074754
70050000074755
70050000074756
70050000074757
70050000074758
70050000074759
70050000074760
70050000074761
70050000074764
70050000074765
70050000074766
70050000074767
70050000074768
70050000074769
70050000074774
70050000074776
70050000074778
70050000074779
70050000074780
70050000074781
70050000074782
70050000074783
70050000074784
70050000074791
70050000074793
70050000074795
70050000074796
70050000074797
70050000074798
70050000074813
70050000074814
70050000074815
70050000074816
70050000074817
70050000074820
70050000074821
70050000074823
70050000074824
70050000074825
70050000074826
70050000074827
70050000074828
70050000074829
70050000074830
70050000074831
70050000074832
70050000074833
70050000074834
70050000074840
70050000074841
70050000074842
70050000074843
70050000074850
70050000074855
70050000074856
70050000074857
70050000074858
70050000074859
70050000074860
70050000074861
70050000074862
70050000074873
70050000074876
70050000074877
70050000074879
70050000074880
70050000074881
70050000074882
70050000074883
70050000074884
70050000074885
70050000074886
70050000074887
70050000074895
70050000074897
70050000074900
70050000074901
70050000074903
70050000074917
70050000074918
70050000074919
70050000074920
70050000074921
70050000074922
70050000074923
70050000074924
70050000074925
70050000074926
70050000074929
70050000074930
70050000074931
70050000074932
70050000074936
70050000074937
70050000074939
70050000074940
70050000074941
70050000074945
70050000074946
70050000074947
70050000074948
70050000074951
70050000074953
70050000074954
70050000074955
70050000074956
70050000074957
70050000074958
70050000074959
70050000074960
70050000074968
70050000074969
70050000074970
70050000074971
70050000075005
70050000075006
70050000075007
70050000075008
70050000075009
70050000075010
70050000075011
70050000075012
70050000075013
70050000075014
70050000075015
70050000075016
70050000075017
70050000075018
70050000075019
70050000075020
70050000075021
70050000075022
70050000075023
70050000075024
70050000075025
70050000075026
70050000075027
70050000075028
70050000075029
70050000075030
70050000075031
70050000075032
70050000075033
70050000075034
70050000075035
70050000075036
70050000075037
70050000075038
70050000075039
70050000075040
70050000075041
70050000075042
70050000075043
70050000075044
70050000075045
70050000075046
70050000075047
70050000075048
70050000075049
70050000075050
70050000075051
70050000075052
70050000075053
70050000075054
70050000075055
70050000075056
70050000075057
70050000075058
70050000075059
70050000075060
70050000075061
70050000075062
70050000075063
70050000075064
70050000075065
70050000075066
70050000075067
70050000075068
70050000075069
70050000075070
70050000075071
70050000075072
70050000075073
70050000075074
70050000075075
70050000075076
70050000075077
70050000075078
70050000075079
70050000075080
70050000075085
70050000075086
70050000075087
70050000075089
70050000075094
70050000075098
70050000075102
70050000075103
70050000075104
70050000075105
70050000075107
70050000075109
70050000075113
70050000075114
70050000075115
70050000075116
70050000075119
70050000075120
70050000075121
70050000075122
70050000075123
70050000075124
70050000075125
70050000075126
70050000075140
70050000075142
70050000075143
70050000075144
70050000075156
70050000075167
70050000075170
70050000075171
70050000075172
70050000075173
70050000075177
70050000075178
70050000075179
70050000075180
70050000075181
70050000075182
70050000075183
70050000075184
70050000075185
70050000075188
70050000075204
70050000075216
70050000075219
70050000075228
70050000075229
70050000075230
70050000075231
70050000075232
70050000075233
70050000075234
70050000075235
70050000075236
70050000075237
70050000075238
70050000075239
70050000075267
70050000075277
70050000075278
70050000075279
70050000075280
70050000075281
70050000075282
70050000075283
70050000075284
70050000075285
70050000075286
70050000075287
70050000075288
70050000075289
70050000075290
70050000075291
70050000075292
70050000075293
70050000075294
70050000075295
70050000075296
70050000075297
70050000075298
70050000075299
70050000075300
70050000075301
70050000075302
70050000075303
70050000075304
70050000075305
70050000075306
70050000075307
70050000075308
70050000075320
70050000075321
70050000075322
70050000075323
70050000075324
70050000075325
70050000075326
70050000075329
70050000075331
70050000075333
70050000075335
70050000075340
70050000075341
70050000075350
70050000075355
70050000075363
70050000075370
70050000075371
70050000075372
70050000075373
70050000075374
70050000075375
70050000075376
70050000075377
70050000075395
70050000075402
70050000075403
70050000075404
70050000075405
70050000075407
70050000075408
70050000075409
70050000075410
70050000075411
70050000075412
70050000075413
70050000075414
70050000075415
70050000075416
70050000075424
70050000075428
70050000075429
70050000075430
70050000075431
70050000075432
70050000075433
70050000075434
70050000075435
70050000075436
70050000075437
70050000075438
70050000075439
70050000075440
70050000075441
70050000075442
70050000075454
70050000075463
70050000075464
70050000075465
70050000075466
70050000075468
70050000075469
70050000075470
70050000075471
70050000075472
70050000075473
70050000075474
70050000075475
70050000075476
70050000075477
70050000075478
70050000075479
70050000075480
70050000075481
70050000075482
70050000075483
70050000075484
70050000075485
70050000075488
70050000075489
70050000075495
70050000075496
70050000075501
70050000075505
70050000075506
70050000075507
70050000075509
70050000075511
70050000075513
70050000075516
70050000075517
70050000075518
70050000075519
70050000075520
70050000075521
70050000075522
70050000075523
70050000075524
70050000075525
70050000075526
70050000075527
70050000075528
70050000075529
70050000075532
70050000075533
70050000075536
70050000075537
70050000075542
70050000075547
70050000075549
70050000075550
70050000075551
70050000075555
70050000075556
70050000075578
70050000075579
70050000075580
70050000075581
70050000075582
70050000075583
70050000075584
70050000075585
70050000075586
70050000075587
70050000075588
70050000075589
70050000075590
70050000075591
70050000075592
70050000075596
70050000075599
70050000075600
70050000075602
70050000075604
70050000075607
70050000075608
70050000075609
70050000075610
70050000075611
70050000075612
70050000075617
70050000075621
70050000075626
70050000075645
70050000075651
70050000075656
70050000075659
70050000075662
70050000075665
70050000075666
70050000075667
70050000075668
70050000075669
70050000075670
70050000075673
70050000075676
70050000075677
70050000075678
70050000075679
70050000075685
70050000075686
70050000075687
70050000075688
70050000075689
70050000075690
70050000075697
70050000075699
70050000075701
70050000075702
70050000075703
70050000075704
70050000075705
70050000075709
70050000075713
70050000075716
70050000075717
70050000075718
70050000075724
70050000075725
70050000075726
70050000075727
70050000075728
70050000075729
70050000075730
70050000075731
70050000075732
70050000075733
70050000075734
70050000075735
70050000075736
70050000075737
70050000075738
70050000075739
70050000075740
70050000075741
70050000075742
70050000075743
70050000075744
70050000075745
70050000075746
70050000075747
70050000075748
70050000075749
70050000075750
70050000075751
70050000075752
70050000075753
70050000075754
70050000075755
70050000075756
70050000075757
70050000075758
70050000075759
70050000075760
70050000075761
70050000075762
70050000075763
70050000075764
70050000075765
70050000075766
70050000075767
70050000075768
70050000075769
70050000075770
70050000075771
70050000075772
70050000075773
70050000075774
70050000075775
70050000075776
70050000075777
70050000075778
70050000075779
70050000075780
70050000075781
70050000075782
70050000075783
70050000075784
70050000075785
70050000075786
70050000075787
70050000075788
70050000075789
70050000075790
70050000075791
70050000075792
70050000075793
70050000075794
70050000075795
70050000075796
70050000075797
70050000075798
70050000075799
70050000075800
70050000075801
70050000075802
70050000075803
70050000075804
70050000075805
70050000075806
70050000075807
70050000075808
70050000075809
70050000075810
70050000075811
70050000075812
70050000075813
70050000075814
70050000075815
70050000075816
70050000075860
70050000075861
70050000075862
70050000075863
70050000075864
70050000075865
70050000075866
70050000075867
70050000075868
70050000075869
70050000075870
70050000075871
70050000075872
70050000075873
70050000075874
70050000075875
70050000075876
70050000075877
70050000075878
70050000075882
70050000075901
70050000075902
70050000075903
70050000075904
70050000075905
70050000075906
70050000075907
70050000075908
70050000075909
70050000075910
70050000075911
70050000075912
70050000075913
70050000075914
70050000075915
70050000075916
70050000075917
70050000075918
70050000075921
70050000075928
70050000075932
70050000075935
70050000075936
70050000075937
70050000075939
70050000075942
70050000075943
70050000075944
70050000075945
70050000075946
70050000075947
70050000075948
70050000075949
70050000075950
70050000075951
70050000075952
70050000075953
70050000075954
70050000075955
70050000075956
70050000075957
70050000075958
70050000075959
70050000075960
70050000075961
70050000075966
70050000075967
70050000075968
70050000075969
70050000075970
70050000075971
70050000075972
70050000075973
70050000075974
70050000075975
70050000075976
70050000075977
70050000075978
70050000075979
70050000075980
70050000075981
70050000075982
70050000075983
70050000075984
70050000075985
70050000075986
70050000075987
70050000075988
70050000075989
70050000075990
70050000075991
70050000075992
70050000075993
70050000075994
70050000075995
70050000075996
70050000075997
70050000075998
70050000075999
70050000076000
70050000076001
70050000076002
70050000076003
70050000076004
70050000076005
70050000076006
70050000076007
70050000076008
70050000076009
70050000076010
70050000076011
70050000076012
70050000076013
70050000076014
70050000076015
70050000076016
70050000076017
70050000076018
70050000076019
70050000076020
70050000076021
70050000076022
70050000076023
70050000076024
70050000076025
70050000076026
70050000076027
70050000076028
70050000076029
70050000076030
70050000076031
70050000076032
70050000076033
70050000076034
70050000076035
70050000076036
70050000076037
70050000076038
70050000076039
70050000076040
70050000076041
70050000076042
70050000076043
70050000076044
70050000076045
70050000076046
70050000076047
70050000076048
70050000076049
70050000076050
70050000076051
70050000076052
70050000076053
70050000076054
70050000076055
70050000076056
70050000076057
70050000076058
70050000076059
70050000076060
70050000076061
70050000076062
70050000076063
70050000076064
70050000076065
70050000076066
70050000076067
70050000076068
70050000076069
70050000076070
70050000076071
70050000076072
70050000076073
70050000076074
70050000076081
70050000076082
70050000076083
70050000076084
70050000076085
70050000076086
70050000076087
70050000076088
70050000076089
70050000076099
70050000076100
70050000076101
70050000076102
70050000076103
70050000076104
70050000076105
70050000076107
70050000076108
70050000076109
70050000076110
70050000076111
70050000076112
70050000076113
70050000076114
70050000076115
70050000076116
70050000076117
70050000076118
70050000076119
70050000076120
70050000076121
70050000076122
70050000076123
70050000076124
70050000076125
70050000076126
70050000076127
70050000076128
70050000076129
70050000076130
70050000076131
70050000076133
70050000076134
70050000076135
70050000076136
70050000076138
70050000076139
70050000076140
70050000076141
70050000076142
70050000076143
70050000076144
70050000076145
70050000076146
70050000076154
70050000076156
70050000076157
70050000076158
70050000076159
70050000076161
70050000076162
70050000076164
70050000076168
70050000076169
70050000076175
70050000076176
70050000076181
70050000076182
70050000076183
70050000076184
70050000076185
70050000076186
70050000076187
70050000076188
70050000076189
70050000076190
70050000076192
70050000076193
70050000076194
70050000076195
70050000076196
70050000076197
70050000076198
70050000076199
70050000076201
70050000076207
70050000076208
70050000076212
70050000076219
70050000076224
70050000076226
70050000076229
70050000076230
70050000076231
70050000076232
70050000076236
70050000076237
70050000076238
70050000076245
70050000076246
70050000076248
70050000076256
70050000076257
70050000076258
70050000076261
70050000076263
70050000076265
70050000076267
70050000076268
70050000076270
70050000076274
70050000076278
70050000076279
70050000076280
70050000076281
70050000076286
70050000076287
70050000076288
70050000076289
70050000076290
70050000076291
70050000076292
70050000076293
70050000076294
70050000076295
70050000076296
70050000076297
70050000076298
70050000076299
70050000076300
70050000076301
70050000076302
70050000076303
70050000076304
70050000076305
70050000076306
70050000076307
70050000076308
70050000076309
70050000076310
70050000076311
70050000076312
70050000076313
70050000076314
70050000076315
70050000076316
70050000076317
70050000076318
70050000076319
70050000076320
70050000076321
70050000076322
70050000076323
70050000076324
70050000076325
70050000076326
70050000076327
70050000076328
70050000076329
70050000076330
70050000076331
70050000076332
70050000076333
70050000076334
70050000076335
70050000076336
70050000076337
70050000076339
70050000076340
70050000076341
70050000076342
70050000076343
70050000076344
70050000076345
70050000076346
70050000076347
70050000076348
70050000076349
70050000076350
70050000076351
70050000076352
70050000076354
70050000076355
70050000076365
70050000076366
70050000076367
70050000076368
70050000076369
70050000076370
70050000076371
70050000076372
70050000076373
70050000076374
70050000076375
70050000076376
70050000076377
70050000076378
70050000076379
70050000076380
70050000076381
70050000076382
70050000076383
70050000076384
70050000076385
70050000076386
70050000076387
70050000076388
70050000076390
70050000076391
70050000076392
70050000076393
70050000076402
70050000076404
70050000076406
70050000076415
70050000076421
70050000076422
70050000076423
70050000076430
70050000076431
70050000076432
70050000076434
70050000076435
70050000076436
70050000076437
70050000076438
70050000076439
70050000076441
70050000076443
70050000076444
70050000076445
70050000076446
70050000076447
70050000076448
70050000076449
70050000076450
70050000076452
70050000076453
70050000076454
70050000076455
70050000076457
70050000076461
70050000076462
70050000076463
70050000076465
70050000076466
70050000076467
70050000076468
70050000076469
70050000076470
70050000076471
70050000076472
70050000076473
70050000076474
70050000076475
70050000076476
70050000076477
70050000076478
70050000076479
70050000076480
70050000076481
70050000076482
70050000076488
70050000076490
70050000076496
70050000076497
70050000076498
70050000076499
70050000076500
70050000076501
70050000076502
70050000076503
70050000076505
70050000076509
70050000076510
70050000076511
70050000076512
70050000076516
70050000076517
70050000076518
70050000076519
70050000076520
70050000076521
70050000076522
70050000076523
70050000076524
70050000076525
70050000076526
70050000076527
70050000076528
70050000076529
70050000076530
70050000076531
70050000076532
70050000076538
70050000076541
70050000076547
70050000076550
70050000076552
70050000076553
70050000076554
70050000076556
70050000076558
70050000076559
70050000076560
70050000076561
70050000076562
70050000076563
70050000076564
70050000076565
70050000076566
70050000076567
70050000076568
70050000076569
70050000076570
70050000076571
70050000076572
70050000076573
70050000076574
70050000076575
70050000076576
70050000076577
70050000076578
70050000076579
70050000076580
70050000076581
70050000076582
70050000076583
70050000076584
70050000076585
70050000076586
70050000076587
70050000076590
70050000076595
70050000076596
70050000076597
70050000076598
70050000076599
70050000076600
70050000076604
70050000076605
70050000076606
70050000076607
70050000076608
70050000076609
70050000076610
70050000076611
70050000076612
70050000076613
70050000076614
70050000076615
70050000076616
70050000076617
70050000076618
70050000076619
70050000076621
70050000076622
70050000076624
70050000076625
70050000076626
70050000076627
70050000076628
70050000076630
70050000076631
70050000076632
70050000076634
70050000076635
70050000076636
70050000076637
70050000076640
70050000076641
70050000076642
70050000076643
70050000076644
70050000076646
70050000076647
70050000076648
70050000076649
70050000076650
70050000076651
70050000076652
70050000076653
70050000076654
70050000076655
70050000076656
70050000076657
70050000076658
70050000076659
70050000076660
70050000076661
70050000076663
70050000076665
70050000076666
70050000076667
70050000076668
70050000076669
70050000076672
70050000076673
70050000076674
70050000076675
70050000076676
70050000076677
70050000076678
70050000076679
70050000076680
70050000076681
70050000076682
70050000076683
70050000076684
70050000076685
70050000076686
70050000076687
70050000076690
70050000076691
70050000076694
70050000076701
70050000076702
70050000076703
70050000076704
70050000076706
70050000076710
70050000076711
70050000076712
70050000076713
70050000076714
70050000076715
70050000076716
70050000076717
70050000076718
70050000076719
70050000076720
70050000076721
70050000076722
70050000076723
70050000076724
70050000076725
70050000076726
70050000076727
70050000076728
70050000076729
70050000076730
70050000076731
70050000076732
70050000076733
70050000076734
70050000076735
70050000076736
70050000076737
70050000076738
70050000076739
70050000076740
70050000076741
70050000076742
70050000076743
70050000076744
70050000076745
70050000076746
70050000076747
70050000076748
70050000076749
70050000076750
70050000076751
70050000076752
70050000076753
70050000076754
70050000076755
70050000076756
70050000076757
70050000076758
70050000076759
70050000076760
70050000076761
70050000076762
70050000076763
70050000076764
70050000076765
70050000076766
70050000076767
70050000076768
70050000076769
70050000076774
70050000076776
70050000076778
70050000076780
70050000076781
70050000076782
70050000076783
70050000076784
70050000076785
70050000076786
70050000076787
70050000076788
70050000076789
70050000076790
70050000076791
70050000076792
70050000076793
70050000076794
70050000076795
70050000076796
70050000076797
70050000076798
70050000076799
70050000076800
70050000076801
70050000076802
70050000076803
70050000076804
70050000076805
70050000076806
70050000076807
70050000076808
70050000076809
70050000076810
70050000076811
70050000076812
70050000076813
70050000076814
70050000076815
70050000076816
70050000076817
70050000076818
70050000076819
70050000076820
70050000076821
70050000076822
70050000076823
70050000076824
70050000076825
70050000076826
70050000076827
70050000076828
70050000076829
70050000076830
70050000076831
70050000076832
70050000076833
70050000076834
70050000076835
70050000076836
70050000076837
70050000076838
70050000076839
70050000076840
70050000076841
70050000076842
70050000076843
70050000076844
70050000076845
70050000076846
70050000076847
70050000076848
70050000076849
70050000076850
70050000076851
70050000076852
70050000076853
70050000076854
70050000076855
70050000076856
70050000076857
70050000076858
70050000076859
70050000076860
70050000076861
70050000076862
70050000076863
70050000076864
70050000076865
70050000076866
70050000076867
70050000076868
70050000076869
70050000076870
70050000076871
70050000076872
70050000076873
70050000076874
70050000076875
70050000076876
70050000076877
70050000076878
70050000076879
70050000076880
70050000076881
70050000076882
70050000076883
70050000076884
70050000076885
70050000076886
70050000076887
70050000076888
70050000076889
70050000076890
70050000076891
70050000076892
70050000076893
70050000076894
70050000076895
70050000076896
70050000076897
70050000076898
70050000076899
70050000076900
70050000076901
70050000076902
70050000076903
70050000076904
70050000076905
70050000076906
70050000076907
70050000076908
70050000076909
70050000076910
70050000076911
70050000076912
70050000076913
70050000076914
70050000076915
70050000076916
70050000076917
70050000076918
70050000076919
70050000076920
70050000076921
70050000076922
70050000076923
70050000076924
70050000076925
70050000076926
70050000076927
70050000076928
70050000076929
70050000076930
70050000076931
70050000076932
70050000076933
70050000076934
70050000076935
70050000076936
70050000076937
70050000076938
70050000076939
70050000076940
70050000076941
70050000076942
70050000076943
70050000076944
70050000076945
70050000076946
70050000076947
70050000076948
70050000076949
70050000076950
70050000076951
70050000076952
70050000076953
70050000076954
70050000076955
70050000076956
70050000076957
70050000076958
70050000076959
70050000076960
70050000076961
70050000076962
70050000076963
70050000076964
70050000076965
70050000076966
70050000076967
70050000076968
70050000076969
70050000076973
70050000076975
70050000076976
70050000076977
70050000076978
70050000076979
70050000076980
70050000076981
70050000076982
70050000076983
70050000076984
70050000076985
70050000076986
70050000076987
70050000076988
70050000076989
70050000076990
70050000076995
70050000076997
70050000076998
70050000076999
70050000077000
70050000077001
70050000077002
70050000077003
70050000077004
70050000077005
70050000077006
70050000077007
70050000077008
70050000077009
70050000077010
70050000077011
70050000077012
70050000077013
70050000077014
70050000077015
70050000077016
70050000077017
70050000077018
70050000077019
70050000077020
70050000077021
70050000077022
70050000077023
70050000077024
70050000077025
70050000077026
70050000077027
70050000077028
70050000077029
70050000077030
70050000077031
70050000077032
70050000077033
70050000077034
70050000077035
70050000077036
70050000077037
70050000077038
70050000077039
70050000077040
70050000077041
70050000077042
70050000077044
70050000077045
70050000077046
70050000077047
70050000077049
70050000077050
70050000077051
70050000077052
70050000077053
70050000077054
70050000077055
70050000077056
70050000077057
70050000077058
70050000077059
70050000077060
70050000077061
70050000077062
70050000077063
70050000077064
70050000077065
70050000077067
70050000077070
70050000077071
70050000077072
70050000077073
70050000077074
70050000077080
70050000077081
70050000077084
70050000077085
70050000077086
70050000077087
70050000077088
70050000077089
70050000077090
70050000077091
70050000077092
70050000077093
70050000077094
70050000077095
70050000077096
70050000077097
70050000077098
70050000077099
70050000077100
70050000077101
70050000077102
70050000077103
70050000077104
70050000077105
70050000077106
70050000077107
70050000077108
70050000077109
70050000077112
70050000077113
70050000077114
70050000077115
70050000077116
70050000077117
70050000077118
70050000077119
70050000077120
70050000077121
70050000077122
70050000077123
70050000077124
70050000077125
70050000077126
70050000077127
70050000077128
70050000077129
70050000077130
70050000077132
70050000077133
70050000077134
70050000077135
70050000077137
70050000077138
70050000077139
70050000077140
70050000077141
70050000077142
70050000077143
70050000077144
70050000077146
70050000077147
70050000077148
70050000077149
70050000077151
70050000077152
70050000077154
70050000077158
70050000077159
70050000077160
70050000077162
70050000077165
70050000077166
70050000077167
70050000077170
70050000077171
70050000077172
70050000077173
70050000077177
70050000077178
70050000077181
70050000077188
70050000077190
70050000077191
70050000077192
70050000077193
70050000077198
70050000077199
70050000077200
70050000077201
70050000077202
70050000077203
70050000077204
70050000077205
70050000077206
70050000077207
70050000077208
70050000077209
70050000077210
70050000077211
70050000077212
70050000077213
70050000077214
70050000077215
70050000077216
70050000077217
70050000077218
70050000077222
70050000077223
70050000077224
70050000077225
70050000077231
70050000077234
70050000077235
70050000077236
70050000077237
70050000077238
70050000077239
70050000077240
70050000077242
70050000077243
70050000077245
70050000077246
70050000077247
70050000077248
70050000077249
70050000077250
70050000077251
70050000077252
70050000077253
70050000077254
70050000077255
70050000077256
70050000077257
70050000077258
70050000077259
70050000077260
70050000077261
70050000077262
70050000077263
70050000077264
70050000077265
70050000077266
70050000077267
70050000077268
70050000077269
70050000077273
70050000077276
70050000077277
70050000077278
70050000077279
70050000077280
70050000077281
70050000077282
70050000077283
70050000077284
70050000077285
70050000077292
70050000077296
70050000077297
70050000077298
70050000077304
70050000077306
70050000077307
70050000077308
70050000077309
70050000077310
70050000077311
70050000077312
70050000077313
70050000077314
70050000077315
70050000077320
70050000077321
70050000077322
70050000077323
70050000077324
70050000077325
70050000077328
70050000077329
70050000077330
70050000077331
70050000077332
70050000077333
70050000077334
70050000077336
70050000077338
70050000077339
70050000077340
70050000077341
70050000077342
70050000077343
70050000077344
70050000077345
70050000077346
70050000077347
70050000077348
70050000077349
70050000077350
70050000077351
70050000077352
70050000077353
70050000077354
70050000077355
70050000077356
70050000077357
70050000077358
70050000077359
70050000077360
70050000077361
70050000077362
70050000077363
70050000077364
70050000077365
70050000077366
70050000077367
70050000077368
70050000077369
70050000077370
70050000077371
70050000077372
70050000077373
70050000077374
70050000077375
70050000077376
70050000077377
70050000077378
70050000077379
70050000077380
70050000077381
70050000077382
70050000077383
70050000077384
70050000077385
70050000077386
70050000077387
70050000077388
70050000077389
70050000077390
70050000077391
70050000077392
70050000077393
70050000077394
70050000077395
70050000077396
70050000077397
70050000077398
70050000077399
70050000077403
70050000077405
70050000077407
70050000077409
70050000077411
70050000077412
70050000077418
70050000077419
70050000077420
70050000077421
70050000077422
70050000077423
70050000077424
70050000077425
70050000077428
70050000077429
70050000077430
70050000077431
70050000077432
70050000077433
70050000077436
70050000077437
70050000077438
70050000077439
70050000077441
70050000077446
70050000077451
70050000077454
70050000077456
70050000077462
70050000077463
70050000077464
70050000077465
70050000077466
70050000077467
70050000077469
70050000077471
70050000077472
70050000077473
70050000077474
70050000077475
70050000077476
70050000077477
70050000077479
70050000077480
70050000077481
70050000077482
70050000077483
70050000077484
70050000077485
70050000077486
70050000077487
70050000077488
70050000077489
70050000077490
70050000077491
70050000077492
70050000077493
70050000077494
70050000077496
70050000077497
70050000077499
70050000077500
70050000077501
70050000077502
70050000077503
70050000077504
70050000077505
70050000077506
70050000077507
70050000077508
70050000077509
70050000077510
70050000077514
70050000077515
70050000077516
70050000077518
70050000077520
70050000077521
70050000077524
70050000077525
70050000077531
70050000077532
70050000077533
70050000077534
70050000077535
70050000077536
70050000077537
70050000077538
70050000077539
70050000077540
70050000077541
70050000077542
70050000077543
70050000077544
70050000077545
70050000077546
70050000077548
70050000077551
70050000077552
70050000077555
70050000077556
70050000077558
70050000077561
70050000077566
70050000077568
70050000077569
70050000077571
70050000077572
70050000077575
70050000077577
70050000077578
70050000077579
70050000077580
70050000077581
70050000077587
70050000077588
70050000077589
70050000077590
70050000077591
70050000077597
70050000077599
70050000077600
70050000077605
70050000077606
70050000077607
70050000077608
70050000077609
70050000077610
70050000077611
70050000077612
70050000077613
70050000077614
70050000077615
70050000077617
70050000077618
70050000077619
70050000077620
70050000077621
70050000077622
70050000077623
70050000077624
70050000077625
70050000077626
70050000077627
70050000077628
70050000077629
70050000077630
70050000077631
70050000077632
70050000077633
70050000077634
70050000077635
70050000077636
70050000077637
70050000077638
70050000077639
70050000077640
70050000077641
70050000077642
70050000077643
70050000077644
70050000077645
70050000077646
70050000077647
70050000077648
70050000077649
70050000077650
70050000077651
70050000077652
70050000077653
70050000077654
70050000077655
70050000077656
70050000077657
70050000077658
70050000077659
70050000077660
70050000077661
70050000077662
70050000077663
70050000077664
70050000077665
70050000077668
70050000077672
70050000077674
70050000077675
70050000077676
70050000077679
70050000077680
70050000077681
70050000077683
70050000077684
70050000077685
70050000077686
70050000077691
70050000077692
70050000077693
70050000077694
70050000077695
70050000077696
70050000077697
70050000077698
70050000077699
70050000077700
70050000077701
70050000077702
70050000077703
70050000077704
70050000077705
70050000077706
70050000077707
70050000077708
70050000077709
70050000077710
70050000077711
70050000077712
70050000077713
70050000077714
70050000077715
70050000077716
70050000077720
70050000077721
70050000077722
70050000077723
70050000077725
70050000077726
70050000077727
70050000077728
70050000077729
70050000077730
70050000077731
70050000077733
70050000077736
70050000077739
70050000077740
70050000077741
70050000077742
70050000077743
70050000077745
70050000077750
70050000077751
70050000077752
70050000077753
70050000077754
70050000077755
70050000077756
70050000077757
70050000077758
70050000077759
70050000077760
70050000077761
70050000077762
70050000077763
70050000077764
70050000077765
70050000077766
70050000077767
70050000077768
70050000077769
70050000077770
70050000077771
70050000077772
70050000077773
70050000077774
70050000077775
70050000077778
70050000077780
70050000077781
70050000077782
70050000077783
70050000077784
70050000077785
70050000077789
70050000077790
70050000077791
70050000077792
70050000077793
70050000077794
70050000077795
70050000077796
70050000077797
70050000077798
70050000077799
70050000077800
70050000077805
70050000077806
70050000077807
70050000077814
70050000077815
70050000077817
70050000077818
70050000077819
70050000077820
70050000077821
70050000077822
70050000077823
70050000077824
70050000077825
70050000077826
70050000077827
70050000077828
70050000077829
70050000077830
70050000077831
70050000077832
70050000077833
70050000077834
70050000077835
70050000077836
70050000077837
70050000077838
70050000077839
70050000077840
70050000077841
70050000077842
70050000077844
70050000077845
70050000077846
70050000077847
70050000077848
70050000077849
70050000077850
70050000077851
70050000077852
70050000077853
70050000077854
70050000077855
70050000077856
70050000077857
70050000077858
70050000077859
70050000077860
70050000077861
70050000077862
70050000077863
70050000077864
70050000077865
70050000077866
70050000077867
70050000077868
70050000077869
70050000077870
70050000077871
70050000077872
70050000077873
70050000077874
70050000077875
70050000077876
70050000077877
70050000077878
70050000077879
70050000077880
70050000077882
70050000077883
70050000077884
70050000077885
70050000077886
70050000077887
70050000077888
70050000077889
70050000077890
70050000077891
70050000077892
70050000077893
70050000077894
70050000077895
70050000077896
70050000077897
70050000077898
70050000077899
70050000077900
70050000077901
70050000077902
70050000077903
70050000077904
70050000077905
70050000077906
70050000077907
70050000077908
70050000077909
70050000077910
70050000077911
70050000077912
70050000077913
70050000077914
70050000077915
70050000077916
70050000077917
70050000077918
70050000077919
70050000077920
70050000077921
70050000077922
70050000077923
70050000077924
70050000077925
70050000077926
70050000077927
70050000077928
70050000077929
70050000077930
70050000077931
70050000077932
70050000077933
70050000077934
70050000077935
70050000077936
70050000077937
70050000077938
70050000077939
70050000077940
70050000077941
70050000077942
70050000077943
70050000077944
70050000077945
70050000077946
70050000077947
70050000077948
70050000077949
70050000077950
70050000077951
70050000077952
70050000077953
70050000077954
70050000077955
70050000077956
70050000077957
70050000077958
70050000077959
70050000077960
70050000077961
70050000077962
70050000077963
70050000077964
70050000077965
70050000077966
70050000077967
70050000077968
70050000077969
70050000077970
70050000077971
70050000077972
70050000077973
70050000077974
70050000077975
70050000077976
70050000077977
70050000077978
70050000077979
70050000077980
70050000077981
70050000077982
70050000077983
70050000077984
70050000077985
70050000077986
70050000077987
70050000077988
70050000077989
70050000077990
70050000077991
70050000077992
70050000077993
70050000077994
70050000077995
70050000077996
70050000077997
70050000077998
70050000077999
70050000078000
70050000078001
70050000078002
70050000078003
70050000078004
70050000078005
70050000078006
70050000078007
70050000078008
70050000078009
70050000078010
70050000078011
70050000078012
70050000078013
70050000078014
70050000078015
70050000078016
70050000078017
70050000078018
70050000078019
70050000078020
70050000078021
70050000078022
70050000078023
70050000078024
70050000078025
70050000078026
70050000078027
70050000078028
70050000078029
70050000078030
70050000078031
70050000078032
70050000078033
70050000078034
70050000078035
70050000078036
70050000078037
70050000078038
70050000078039
70050000078040
70050000078041
70050000078042
70050000078043
70050000078044
70050000078045
70050000078046
70050000078047
70050000078048
70050000078049
70050000078050
70050000078051
70050000078052
70050000078053
70050000078054
70050000078055
70050000078056
70050000078057
70050000078058
70050000078059
70050000078060
70050000078061
70050000078062
70050000078063
70050000078064
70050000078065
70050000078066
70050000078067
70050000078068
70050000078069
70050000078070
70050000078071
70050000078072
70050000078073
70050000078074
70050000078075
70050000078076
70050000078077
70050000078078
70050000078079
70050000078080
70050000078081
70050000078082
70050000078083
70050000078084
70050000078085
70050000078086
70050000078087
70050000078088
70050000078089
70050000078090
70050000078091
70050000078092
70050000078093
70050000078094
70050000078095
70050000078096
70050000078097
70050000078098
70050000078099
70050000078100
70050000078101
70050000078102
70050000078103
70050000078104
70050000078105
70050000078106
70050000078107
70050000078108
70050000078109
70050000078110
70050000078111
70050000078112
70050000078113
70050000078114
70050000078115
70050000078116
70050000078117
70050000078118
70050000078119
70050000078120
70050000078121
70050000078122
70050000078123
70050000078124
70050000078125
70050000078126
70050000078127
70050000078128
70050000078129
70050000078130
70050000078131
70050000078132
70050000078133
70050000078134
70050000078135
70050000078138
70050000078140
70050000078144
70050000078145
70050000078146
70050000078149
70050000078150
70050000078151
70050000078152
70050000078154
70050000078155
70050000078157
70050000078159
70050000078160
70050000078161
70050000078162
70050000078163
70050000078164
70050000078165
70050000078166
70050000078167
70050000078168
70050000078169
70050000078170
70050000078171
70050000078172
70050000078173
70050000078174
70050000078175
70050000078176
70050000078177
70050000078178
70050000078179
70050000078180
70050000078181
70050000078182
70050000078183
70050000078184
70050000078185
70050000078186
70050000078187
70050000078188
70050000078189
70050000078190
70050000078191
70050000078192
70050000078193
70050000078194
70050000078195
70050000078196
70050000078197
70050000078198
70050000078199
70050000078200
70050000078201
70050000078202
70050000078203
70050000078204
70050000078205
70050000078206
70050000078207
70050000078208
70050000078209
70050000078210
70050000078211
70050000078212
70050000078213
70050000078214
70050000078215
70050000078216
70050000078217
70050000078218
70050000078219
70050000078220
70050000078221
70050000078222
70050000078223
70050000078224
70050000078225
70050000078226
70050000078227
70050000078228
70050000078229
70050000078230
70050000078231
70050000078232
70050000078233
70050000078234
70050000078235
70050000078236
70050000078237
70050000078238
70050000078239
70050000078240
70050000078241
70050000078242
70050000078243
70050000078244
70050000078245
70050000078246
70050000078247
70050000078248
70050000078249
70050000078250
70050000078251
70050000078252
70050000078253
70050000078254
70050000078255
70050000078258
70050000078259
70050000078260
70050000078261
70050000078262
70050000078263
70050000078264
70050000078265
70050000078266
70050000078268
70050000078270
70050000078271
70050000078272
70050000078273
70050000078274
70050000078275
70050000078276
70050000078277
70050000078278
70050000078279
70050000078280
70050000078281
70050000078282
70050000078283
70050000078284
70050000078285
70050000078286
70050000078287
70050000078288
70050000078289
70050000078290
70050000078291
70050000078292
70050000078293
70050000078294
70050000078295
70050000078296
70050000078297
70050000078298
70050000078299
70050000078300
70050000078301
70050000078302
70050000078303
70050000078304
70050000078305
70050000078306
70050000078307
70050000078308
70050000078309
70050000078310
70050000078312
70050000078313
70050000078314
70050000078315
70050000078316
70050000078317
70050000078318
70050000078319
70050000078320
70050000078321
70050000078322
70050000078323
70050000078324
70050000078325
70050000078326
70050000078327
70050000078328
70050000078329
70050000078330
70050000078331
70050000078332
70050000078333
70050000078334
70050000078335
70050000078336
70050000078337
70050000078338
70050000078339
70050000078340
70050000078341
70050000078342
70050000078343
70050000078344
70050000078345
70050000078346
70050000078347
70050000078348
70050000078349
70050000078350
70050000078351
70050000078352
70050000078353
70050000078354
70050000078355
70050000078356
70050000078357
70050000078358
70050000078359
70050000078360
70050000078361
70050000078362
70050000078363
70050000078364
70050000078365
70050000078366
70050000078367
70050000078368
70050000078369
70050000078370
70050000078371
70050000078372
70050000078373
70050000078374
70050000078375
70050000078376
70050000078377
70050000078378
70050000078379
70050000078380
70050000078381
70050000078382
70050000078383
70050000078384
70050000078385
70050000078386
70050000078387
70050000078388
70050000078389
70050000078390
70050000078391
70050000078392
70050000078393
70050000078394
70050000078395
70050000078396
70050000078397
70050000078398
70050000078399
70050000078400
70050000078401
70050000078402
70050000078403
70050000078404
70050000078405
70050000078406
70050000078407
70050000078408
70050000078409
70050000078410
70050000078411
70050000078412
70050000078413
70050000078414
70050000078415
70050000078416
70050000078417
70050000078418
70050000078419
70050000078420
70050000078421
70050000078422
70050000078423
70050000078424
70050000078425
70050000078426
70050000078427
70050000078428
70050000078429
70050000078430
70050000078431
70050000078432
70050000078433
70050000078434
70050000078435
70050000078436
70050000078437
70050000078438
70050000078439
70050000078440
70050000078441
70050000078442
70050000078443
70050000078444
70050000078445
70050000078446
70050000078447
70050000078448
70050000078449
70050000078450
70050000078451
70050000078452
70050000078453
70050000078454
70050000078455
70050000078456
70050000078457
70050000078458
70050000078459
70050000078460
70050000078461
70050000078462
70050000078463
70050000078464
70050000078465
70050000078466
70050000078467
70050000078468
70050000078469
70050000078470
70050000078471
70050000078472
70050000078473
70050000078474
70050000078475
70050000078476
70050000078477
70050000078478
70050000078479
70050000078480
70050000078481
70050000078482
70050000078483
70050000078484
70050000078485
70050000078486
70050000078487
70050000078488
70050000078489
70050000078495
70050000078496
70050000078497
70050000078498
70050000078499
70050000078500
70050000078501
70050000078502
70050000078503
70050000078504
70050000078505
70050000078506
70050000078507
70050000078508
70050000078509
70050000078510
70050000078511
70050000078512
70050000078513
70050000078514
70050000078515
70050000078516
70050000078517
70050000078518
70050000078519
70050000078520
70050000078521
70050000078522
70050000078523
70050000078524
70050000078525
70050000078526
70050000078527
70050000078528
70050000078529
70050000078530
70050000078531
70050000078532
70050000078533
70050000078534
70050000078535
70050000078536
70050000078537
70050000078538
70050000078539
70050000078540
70050000078541
70050000078542
70050000078543
70050000078544
70050000078545
70050000078546
70050000078547
70050000078548
70050000078549
70050000078550
70050000078551
70050000078552
70050000078553
70050000078554
70050000078555
70050000078556
70050000078557
70050000078558
70050000078559
70050000078560
70050000078561
70050000078562
70050000078563
70050000078564
70050000078565
70050000078566
70050000078567
70050000078568
70050000078569
70050000078570
70050000078571
70050000078572
70050000078573
70050000078574
70050000078575
70050000078576
70050000078577
70050000078578
70050000078579
70050000078580
70050000078581
70050000078582
70050000078583
70050000078584
70050000078585
70050000078586
70050000078587
70050000078588
70050000078589
70050000078590
70050000078591
70050000078592
70050000078593
70050000078594
70050000078595
70050000078596
70050000078597
70050000078598
70050000078599
70050000078600
70050000078601
70050000078602
70050000078603
70050000078604
70050000078605
70050000078606
70050000078607
70050000078608
70050000078609
70050000078610
70050000078611
70050000078612
70050000078613
70050000078614
70050000078615
70050000078616
70050000078617
70050000078618
70050000078619
70050000078620
70050000078621
70050000078622
70050000078623
70050000078624
70050000078625
70050000078626
70050000078627
70050000078628
70050000078629
70050000078630
70050000078631
70050000078632
70050000078633
70050000078634
70050000078635
70050000078636
70050000078637
70050000078638
70050000078639
70050000078640
70050000078641
70050000078642
70050000078643
70050000078644
70050000078645
70050000078646
70050000078647
70050000078648
70050000078649
70050000078650
70050000078651
70050000078652
70050000078653
70050000078654
70050000078655
70050000078656
70050000078657
70050000078658
70050000078659
70050000078660
70050000078661
70050000078662
70050000078663
70050000078664
70050000078665
70050000078666
70050000078667
70050000078668
70050000078669
70050000078670
70050000078671
70050000078672
70050000078673
70050000078674
70050000078675
70050000078676
70050000078677
70050000078678
70050000078679
70050000078680
70050000078681
70050000078682
70050000078683
70050000078684
70050000078685
70050000078686
70050000078687
70050000078688
70050000078689
70050000078690
70050000078691
70050000078692
70050000078693
70050000078694
70050000078695
70050000078696
70050000078697
70050000078698
70050000078699
70050000078700
70050000078701
70050000078702
70050000078703
70050000078704
70050000078705
70050000078706
70050000078707
70050000078708
70050000078709
70050000078710
70050000078711
70050000078712
70050000078713
70050000078714
70050000078715
70050000078716
70050000078717
70050000078718
70050000078719
70050000078720
70050000078721
70050000078722
70050000078723
70050000078724
70050000078725
70050000078726
70050000078727
70050000078728
70050000078729
70050000078730
70050000078731
70050000078732
70050000078733
70050000078734
70050000078735
70050000078736
70050000078737
70050000078738
70050000078739
70050000078740
70050000078741
70050000078742
70050000078743
70050000078744
70050000078745
70050000078746
70050000078747
70050000078748
70050000078749
70050000078750
70050000078751
70050000078752
70050000078753
70050000078754
70050000078755
70050000078756
70050000078757
70050000078758
70050000078759
70050000078760
70050000078761
70050000078762
70050000078763
70050000078764
70050000078765
70050000078766
70050000078767
70050000078768
70050000078769
70050000078770
70050000078771
70050000078772
70050000078773
70050000078774
70050000078775
70050000078776
70050000078777
70050000078778
70050000078779
70050000078780
70050000078781
70050000078782
70050000078783
70050000078784
70050000078785
70050000078786
70050000078787
70050000078788
70050000078789
70050000078790
70050000078791
70050000078792
70050000078793
70050000078794
70050000078795
70050000078796
70050000078797
70050000078798
70050000078799
70050000078800
70050000078801
70050000078802
70050000078803
70050000078804
70050000078805
70050000078806
70050000078807
70050000078808
70050000078809
70050000078810
70050000078811
70050000078812
70050000078813
70050000078814
70050000078815
70050000078816
70050000078817
70050000078818
70050000078819
70050000078820
70050000078821
70050000078822
70050000078823
70050000078824
70050000078825
70050000078826
70050000078827
70050000078828
70050000078829
70050000078830
70050000078831
70050000078832
70050000078833
70050000078834
70050000078835
70050000078836
70050000078837
70050000078838
70050000078839
70050000078840
70050000078841
70050000078842
70050000078843
70050000078844
70050000078845
70050000078846
70050000078847
70050000078848
70050000078849
70050000078850
70050000078851
70050000078852
70050000078853
70050000078854
70050000078855
70050000078856
70050000078857
70050000078858
70050000078859
70050000078860
70050000078861
70050000078862
70050000078863
70050000078864
70050000078865
70050000078866
70050000078867
70050000078868
70050000078869
70050000078870
70050000078871
70050000078872
70050000078873
70050000078874
70050000078875
70050000078876
70050000078877
70050000078878
70050000078879
70050000078880
70050000078881
70050000078882
70050000078883
70050000078884
70050000078885
70050000078886
70050000078887
70050000078888
70050000078889
70050000078890
70050000078891
70050000078892
70050000078893
70050000078894
70050000078895
70050000078896
70050000078897
70050000078898
70050000078899
70050000078900
70050000078901
70050000078902
70050000078903
70050000078904
70050000078905
70050000078906
70050000078907
70050000078908
70050000078909
70050000078910
70050000078911
70050000078912
70050000078913
70050000078914
70050000078915
70050000078916
70050000078917
70050000078918
70050000078919
70050000078920
70050000078921
70050000078922
70050000078923
70050000078924
70050000078925
70050000078926
70050000078927
70050000078928
70050000078929
70050000078930
70050000078931
70050000078932
70050000078933
70050000078934
70050000078935
70050000078936
70050000078937
70050000078938
70050000078939
70050000078940
70050000078941
70050000078942
70050000078943
70050000078944
70050000078945
70050000078946
70050000078947
70050000078948
70050000078949
70050000078950
70050000078951
70050000078952
70050000078953
70050000078954
70050000078955
70050000078956
70050000078957
70050000078958
70050000078959
70050000078960
70050000078961
70050000078962
70050000078963
70050000078964
70050000078965
70050000078966
70050000078967
70050000078968
70050000078969
70050000078970
70050000078971
70050000078972
70050000078973
70050000078974
70050000078975
70050000078976
70050000078977
70050000078978
70050000078979
70050000078980
70050000078981
70050000078982
70050000078983
70050000078984
70050000078985
70050000078986
70050000078987
70050000078988
70050000078989
70050000078990
70050000078991
70050000078992
70050000078993
70050000078994
70050000078995
70050000078996
70050000078997
70050000078998
70050000078999
70050000079000
70050000079001
70050000079002
70050000079003
70050000079004
70050000079005
70050000079006
70050000079007
70050000079008
70050000079009
70050000079010
70050000079011
70050000079012
70050000079013
70050000079014
70050000079015
70050000079016
70050000079017
70050000079018
70050000079019
70050000079020
70050000079021
70050000079022
70050000079023
70050000079024
70050000079025
70050000079026
70050000079027
70050000079028
70050000079029
70050000079030
70050000079031
70050000079032
70050000079033
70050000079034
70050000079035
70050000079036
70050000079037
70050000079038
70050000079039
70050000079040
70050000079041
70050000079042
70050000079043
70050000079044
70050000079045
70050000079046
70050000079047
70050000079048
70050000079049
70050000079050
70050000079051
70050000079052
70050000079053
70050000079054
70050000079055
70050000079056
70050000079057
70050000079058
70050000079059
70050000079060
70050000079061
70050000079062
70050000079063
70050000079064
70050000079065
70050000079066
70050000079067
70050000079068
70050000079069
70050000079070
70050000079071
70050000079072
70050000079073
70050000079074
70050000079075
70050000079076
70050000079077
70050000079078
70050000079079
70050000079080
70050000079081
70050000079082
70050000079083
70050000079084
70050000079085
70050000079086
70050000079087
70050000079088
70050000079089
70050000079090
70050000079091
70050000079092
70050000079093
70050000079094
70050000079095
70050000079096
70050000079097
70050000079098
70050000079099
70050000079100
70050000079101
70050000079102
70050000079103
70050000079104
70050000079105
70050000079106
70050000079107
70050000079108
70050000079109
70050000079110
70050000079111
70050000079112
70050000079113
70050000079114
70050000079115
70050000079116
70050000079117
70050000079118
70050000079119
70050000079120
70050000079121
70050000079122
70050000079123
70050000079124
70050000079125
70050000079126
70050000079127
70050000079128
70050000079129
70050000079130
70050000079131
70050000079132
70050000079133
70050000079134
70050000079135
70050000079136
70050000079137
70050000079138
70050000079139
70050000079140
70050000079141
70050000079142
70050000079143
70050000079144
70050000079145
70050000079146
70050000079147
70050000079148
70050000079149
70050000079150
70050000079151
70050000079152
70050000079153
70050000079154
70050000079155
70050000079156
70050000079157
70050000079158
70050000079159
70050000079160
70050000079161
70050000079162
70050000079163
70050000079164
70050000079165
70050000079166
70050000079167
70050000079168
70050000079169
70050000079170
70050000079171
70050000079172
70050000079173
70050000079174
70050000079175
70050000079176
70050000079177
70050000079178
70050000079179
70050000079180
70050000079181
70050000079182
70050000079183
70050000079184
70050000079185
70050000079186
70050000079187
70050000079188
70050000079189
70050000079190
70050000079191
70050000079192
70050000079193
70050000079194
70050000079195
70050000079196
70050000079197
70050000079198
70050000079199
70050000079200
70050000079201
70050000079202
70050000079203
70050000079204
70050000079205
70050000079206
70050000079207
70050000079208
70050000079209
70050000079210
70050000079211
70050000079212
70050000079213
70050000079214
70050000079215
70050000079216
70050000079217
70050000079218
70050000079219
70050000079220
70050000079221
70050000079222
70050000079223
70050000079224
70050000079225
70050000079226
70050000079227
70050000079228
70050000079229
70050000079230
70050000079231
70050000079232
70050000079233
70050000079234
70050000079235
70050000079236
70050000079237
70050000079238
70050000079239
70050000079240
70050000079241
70050000079242
70050000079243
70050000079244
70050000079245
70050000079246
70050000079247
70050000079248
70050000079249
70050000079250
70050000079251
70050000079252
70050000079253
70050000079254
70050000079255
70050000079256
70050000079257
70050000079258
70050000079259
70050000079260
70050000079261
70050000079262
70050000079263
70050000079264
70050000079265
70050000079266
70050000079267
70050000079268
70050000079269
70050000079270
70050000079271
70050000079272
70050000079273
70050000079274
70050000079275
70050000079276
70050000079277
70050000079278
70050000079279
70050000079280
70050000079281
70050000079282
70050000079283
70050000079284
70050000079285
70050000079286
70050000079287
70050000079288
70050000079289
70050000079290
70050000079291
70050000079292
70050000079293
70050000079294
70050000079295
70050000079296
70050000079297
70050000079298
70050000079299
70050000079300
70050000079301
70050000079302
70050000079303
70050000079304
70050000079305
70050000079306
70050000079307
70050000079308
70050000079309
70050000079310
70050000079311
70050000079312
70050000079313
70050000079314
70050000079315
70050000079316
70050000079317
70050000079318
70050000079319
70050000079320
70050000079321
70050000079322
70050000079323
70050000079324
70050000079325
70050000079326
70050000079327
70050000079328
70050000079329
70050000079330
70050000079331
70050000079332
70050000079333
70050000079334
70050000079335
70050000079336
70050000079337
70050000079338
70050000079339
70050000079340
70050000079341
70050000079342
70050000079343
70050000079344
70050000079345
70050000079346
70050000079347
70050000079348
70050000079349
70050000079350
70050000079351
70050000079352
70050000079353
70050000079354
70050000079355
70050000079356
70050000079357
70050000079358
70050000079359
70050000079360
70050000079361
70050000079362
70050000079363
70050000079364
70050000079365
70050000079366
70050000079367
70050000079368
70050000079369
70050000079370
70050000079371
70050000079372
70050000079373
70050000079374
70050000079375
70050000079376
70050000079377
70050000079378
70050000079379
70050000079380
70050000079381
70050000079382
70050000079383
70050000079384
70050000079385
70050000079386
70050000079387
70050000079388
70050000079389
70050000079390
70050000079391
70050000079392
70050000079393
70050000079394
70050000079395
70050000079396
70050000079397
70050000079398
70050000079399
70050000079400
70050000079401
70050000079402
70050000079403
70050000079404
70050000079405
70050000079406
70050000079407
70050000079408
70050000079409
70050000079410
70050000079411
70050000079412
70050000079413
70050000079414
70050000079415
70050000079416
70050000079417
70050000079418
70050000079419
70050000079420
70050000079421
70050000079422
70050000079423
70050000079424
70050000079425
70050000079426
70050000079427
70050000079428
70050000079429
70050000079430
70050000079431
70050000079432
70050000079433
70050000079434
70050000079435
70050000079436
70050000079437
70050000079438
70050000079439
70050000079440
70050000079441
70050000079442
70050000079443
70050000079444
70050000079445
70050000079446
70050000079447
70050000079448
70050000079449
70050000079450
70050000079451
70050000079452
70050000079453
70050000079454
70050000079455
70050000079456
70050000079457
70050000079458
70050000079459
70050000079460
70050000079461
70050000079462
70050000079463
70050000079464
70050000079465
70050000079466
70050000079467
70050000079468
70050000079469
70050000079470
70050000079471
70050000079472
70050000079473
70050000079474
70050000079475
70050000079476
70050000079477
70050000079478
70050000079479
70050000079480
70050000079481
70050000079482
70050000079483
70050000079484
70050000079485
70050000079486
70050000079487
70050000079488
70050000079489
70050000079490
70050000079491
70050000079492
70050000079493
70050000079494
70050000079495
70050000079496
70050000079497
70050000079498
70050000079499
70050000079500
70050000079501
70050000079502
70050000079503
70050000079504
70050000079505
70050000079506
70050000079507
70050000079508
70050000079509
70050000079510
70050000079511
70050000079512
70050000079513
70050000079514
70050000079515
70050000079516
70050000079517
70050000079518
70050000079519
70050000079520
70050000079521
70050000079522
70050000079523
70050000079524
70050000079525
70050000079526
70050000079527
70050000079528
70050000079529
70050000079530
70050000079531
70050000079532
70050000079533
70050000079534
70050000079535
70050000079536
70050000079537
70050000079538
70050000079539
70050000079540
70050000079541
70050000079542
70050000079543
70050000079544
70050000079545
70050000079546
70050000079547
70050000079548
70050000079549
70050000079550
70050000079551
70050000079552
70050000079553
70050000079554
70050000079555
70050000079556
70050000079557
70050000079558
70050000079559
70050000079560
70050000079561
70050000079562
70050000079563
70050000079564
70050000079565
70050000079566
70050000079567
70050000079568
70050000079569
70050000079570
70050000079571
70050000079572
70050000079573
70050000079574
70050000079575
70050000079576
70050000079577
70050000079578
70050000079579
70050000079580
70050000079581
70050000079582
70050000079583
70050000079584
70050000079585
70050000079586
70050000079587
70050000079588
70050000079589
70050000079590
70050000079591
70050000079592
70050000079593
70050000079594
70050000079595
70050000079596
70050000079597
70050000079598
70050000079599
70050000079600
70050000079601
70050000079602
70050000079603
70050000079604
70050000079605
70050000079606
70050000079607
70050000079608
70050000079609
70050000079610
70050000079611
70050000079612
70050000079613
70050000079614
70050000079615
70050000079616
70050000079617
70050000079618
70050000079619
70050000079620
70050000079621
70050000079622
70050000079623
70050000079624
70050000079625
70050000079626
70050000079627
70050000079628
70050000079629
70050000079630
70050000079631
70050000079632
70050000079633
70050000079634
70050000079635
70050000079636
70050000079637
70050000079638
70050000079639
70050000079640
70050000079641
70050000079642
70050000079643
70050000079644
70050000079645
70050000079646
70050000079647
70050000079648
70050000079649
70050000079650
70050000079651
70050000079652
70050000079653
70050000079654
70050000079655
70050000079656
70050000079657
70050000079658
70050000079659
70050000079660
70050000079661
70050000079662
70050000079663
70050000079664
70050000079665
70050000079666
70050000079667
70050000079668
70050000079669
70050000079670
70050000079671
70050000079672
70050000079673
70050000079674
70050000079675
70050000079676
70050000079677
70050000079678
70050000079679
70050000079680
70050000079681
70050000079682
70050000079683
70050000079684
70050000079685
70050000079686
70050000079687
70050000079688
70050000079689
70050000079690
70050000079691
70050000079692
70050000079693
70050000079694
70050000079695
70050000079696
70050000079697
70050000079698
70050000079699
70050000079700
70050000079701
70050000079702
70050000079703
70050000079704
70050000079705
70050000079706
70050000079707
70050000079708
70050000079709
70050000079710
70050000079711
70050000079712
70050000079713
70050000079714
70050000079715
70050000079716
70050000079717
70050000079718
70050000079719
70050000079720
70050000079721
70050000079722
70050000079723
70050000079724
70050000079725
70050000079726
70050000079727
70050000079728
70050000079729
70050000079730
70050000079731
70050000079732
70050000079733
70050000079734
70050000079735
70050000079736
70050000079737
70050000079738
70050000079739
70050000079740
70050000079741
70050000079742
70050000079743
70050000079744
70050000079745
70050000079746
70050000079747
70050000079748
70050000079749
70050000079750
70050000079751
70050000079752
70050000079753
70050000079754
70050000079755
70050000079756
70050000079757
70050000079758
70050000079759
70050000079760
70050000079761
70050000079762
70050000079763
70050000079764
70050000079765
70050000079766
70050000079767
70050000079768
70050000079769
70050000079770
70050000079771
70050000079772
70050000079773
70050000079774
70050000079775
70050000079776
70050000079777
70050000079778
70050000079779
70050000079780
70050000079781
70050000079782
70050000079783
70050000079784
70050000079785
70050000079786
70050000079787
70050000079788
70050000079789
70050000079790
70050000079791
70050000079792
70050000079793
70050000079794
70050000079795
70050000079796
70050000079797
70050000079798
70050000079799
70050000079800
70050000079801
70050000079802
70050000079803
70050000079804
70050000079805
70050000079806
70050000079807
70050000079808
70050000079809
70050000079810
70050000079811
70050000079812
70050000079813
70050000079814
70050000079815
70050000079816
70050000079817
70050000079818
70050000079819
70050000079820
70050000079821
70050000079822
70050000079823
70050000079824
70050000079825
70050000079826
70050000079827
70050000079828
70050000079829
70050000079830
70050000079831
70050000079832
70050000079833
70050000079834
70050000079835
70050000079836
70050000079837
70050000079838
70050000079839
70050000079840
70050000079841
70050000079842
70050000079843
70050000079844
70050000079845
70050000079846
70050000079847
70050000079848
70050000079849
70050000079850
70050000079851
70050000079852
70050000079853
70050000079854
70050000079855
70050000079856
70050000079857
70050000079858
70050000079859
70050000079860
70050000079861
70050000079862
70050000079863
70050000079864
70050000079865
70050000079866
70050000079867
70050000079868
70050000079869
70050000079870
70050000079871
70050000079872
70050000079873
70050000079874
70050000079875
70050000079876
70050000079877
70050000079878
70050000079879
70050000079880
70050000079881
70050000079882
70050000079883
70050000079884
70050000079885
70050000079886
70050000079887
70050000079888
70050000079889
70050000079890
70050000079891
70050000079892
70050000079893
70050000079894
70050000079895
70050000079896
70050000079897
70050000079898
70050000079899
70050000079900
70050000079901
70050000079902
70050000079903
70050000079904
70050000079905
70050000079906
70050000079907
70050000079908
70050000079909
70050000079910
70050000079911
70050000079912
70050000079913
70050000079914
70050000079915
70050000079916
70050000079917
70050000079918
70050000079919
70050000079920
70050000079921
70050000079922
70050000079923
70050000079924
70050000079925
70050000079926
70050000079927
70050000079928
70050000079929
70050000079930
70050000079931
70050000079932
70050000079933
70050000079934
70050000079935
70050000079936
70050000079937
70050000079938
70050000079939
70050000079940
70050000079941
70050000079942
70050000079943
70050000079944
70050000079945
70050000079946
70050000079947
70050000079948
70050000079949
70050000079950
70050000079951
70050000079952
70050000079953
70050000079954
70050000079955
70050000079956
70050000079957
70050000079958
70050000079959
70050000079960
70050000079961
70050000079962
70050000079963
70050000079964
70050000079965
70050000079966
70050000079967
70050000079968
70050000079969
70050000079970
70050000079971
70050000079972
70050000079973
70050000079974
70050000079975
70050000079976
70050000079977
70050000079978
70050000079979
70050000079980
70050000079981
70050000079982
70050000079983
70050000079984
70050000079985
70050000079986
70050000079987
70050000079988
70050000079989
70050000079990
70050000079991
70050000079992
70050000079993
70050000079994
70050000079995
70050000079996
70050000079997
70050000079998
70050000079999
70050000080000
70050000080001
70050000080002
70050000080003
70050000080004
70050000080005
70050000080006
70050000080007
70050000080008
70050000080009
70050000080010
70050000080011
70050000080012
70050000080013
70050000080014
70050000080015
70050000080016
70050000080017
70050000080018
70050000080019
70050000080020
70050000080021
70050000080022
70050000080023
70050000080024
70050000080025
70050000080026
70050000080027
70050000080028
70050000080029
70050000080030
70050000080031
70050000080032
70050000080033
70050000080034
70050000080035
70050000080036
70050000080037
70050000080038
70050000080039
70050000080040
70050000080041
70050000080042
70050000080043
70050000080044
70050000080045
70050000080046
70050000080047
70050000080048
70050000080049
70050000080050
70050000080051
70050000080052
70050000080053
70050000080054
70050000080055
70050000080056
70050000080057
70050000080058
70050000080059
70050000080060
70050000080061
70050000080062
70050000080063
70050000080064
70050000080065
70050000080066
70050000080067
70050000080068
70050000080069
70050000080070
70050000080071
70050000080072
70050000080073
70050000080074
70050000080075
70050000080076
70050000080077
70050000080078
70050000080079
70050000080080
70050000080081
70050000080082
70050000080083
70050000080084
70050000080085
70050000080086
70050000080087
70050000080088
70050000080089
70050000080090
70050000080091
70050000080092
70050000080093
70050000080094
70050000080095
70050000080096
70050000080097
70050000080098
70050000080099
70050000080100
70050000080101
70050000080102
70050000080103
70050000080104
70050000080105
70050000080106
70050000080107
70050000080108
70050000080109
70050000080110
70050000080111
70050000080112
70050000080113
70050000080114
70050000080115
70050000080116
70050000080117
70050000080118
70050000080119
70050000080120
70050000080121
70050000080122
70050000080123
70050000080124
70050000080125
70050000080126
70050000080127
70050000080128
70050000080129
70050000080130
70050000080131
70050000080132
70050000080133
70050000080134
70050000080135
70050000080136
70050000080137
70050000080138
70050000080139
70050000080140
70050000080141
70050000080142
70050000080143
70050000080144
70050000080145
70050000080146
70050000080147
70050000080148
70050000080149
70050000080150
70050000080151
70050000080152
70050000080153
70050000080154
70050000080155
70050000080156
70050000080157
70050000080158
70050000080159
70050000080160
70050000080161
70050000080162
70050000080163
70050000080164
70050000080165
70050000080166
70050000080167
70050000080168
70050000080169
70050000080170
70050000080171
70050000080172
70050000080173
70050000080174
70050000080175
70050000080176
70050000080177
70050000080178
70050000080179
70050000080180
70050000080181
70050000080182
70050000080183
70050000080184
70050000080185
70050000080186
70050000080187
70050000080188
70050000080189
70050000080190
70050000080191
70050000080192
70050000080193
70050000080194
70050000080195
70050000080196
70050000080197
70050000080198
70050000080199
70050000080200
70050000080201
70050000080202
70050000080203
70050000080204
70050000080205
70050000080206
70050000080207
70050000080208
70050000080209
70050000080210
70050000080211
70050000080212
70050000080213
70050000080214
70050000080215
70050000080216
70050000080217
70050000080218
70050000080219
70050000080220
70050000080221
70050000080222
70050000080223
70050000080224
70050000080225
70050000080226
70050000080227
70050000080228
70050000080229
70050000080230
70050000080231
70050000080232
70050000080233
70050000080234
70050000080235
70050000080236
70050000080237
70050000080238
70050000080239
70050000080240
70050000080241
70050000080242
70050000080243
70050000080244
70050000080245
70050000080246
70050000080247
70050000080248
70050000080249
70050000080250
70050000080251
70050000080252
70050000080253
70050000080254
70050000080255
70050000080256
70050000080257
70050000080258
70050000080259
70050000080260
70050000080261
70050000080262
70050000080263
70050000080264
70050000080265
70050000080266
70050000080267
70050000080268
70050000080269
70050000080270
70050000080271
70050000080272
70050000080273
70050000080274
70050000080275
70050000080276
70050000080277
70050000080278
70050000080279
70050000080280
70050000080281
70050000080282
70050000080283
70050000080284
70050000080285
70050000080286
70050000080287
70050000080288
70050000080289
70050000080290
70050000080291
70050000080292
70050000080293
70050000080294
70050000080295
70050000080296
70050000080297
70050000080298
70050000080299
70050000080300
70050000080301
70050000080302
70050000080303
70050000080304
70050000080305
70050000080306
70050000080307
70050000080308
70050000080309
70050000080310
70050000080311
70050000080312
70050000080313
70050000080314
70050000080315
70050000080316
70050000080317
70050000080318
70050000080319
70050000080320
70050000080321
70050000080322
70050000080323
70050000080324
70050000080325
70050000080326
70050000080327
70050000080328
70050000080329
70050000080330
70050000080331
70050000080332
70050000080333
70050000080334
70050000080335
70050000080336
70050000080337
70050000080338
70050000080339
70050000080340
70050000080341
70050000080342
70050000080343
70050000080344
70050000080345
70050000080346
70050000080347
70050000080348
70050000080349
70050000080350
70050000080351
70050000080352
70050000080353
70050000080354
70050000080355
70050000080356
70050000080357
70050000080358
70050000080359
70050000080360
70050000080361
70050000080362
70050000080363
70050000080364
70050000080365
70050000080366
70050000080367
70050000080368
70050000080369
70050000080370
70050000080371
70050000080372
70050000080373
70050000080374
70050000080375
70050000080376
70050000080377
70050000080378
70050000080379
70050000080380
70050000080381
70050000080382
70050000080383
70050000080384
70050000080385
70050000080386
70050000080387
70050000080388
70050000080389
70050000080390
70050000080391
70050000080392
70050000080393
70050000080394
70050000080395
70050000080396
70050000080397
70050000080398
70050000080399
70050000080400
70050000080401
70050000080402
70050000080403
70050000080404
70050000080405
70050000080406
70050000080407
70050000080408
70050000080409
70050000080410
70050000080411
70050000080412
70050000080413
70050000080414
70050000080415
70050000080416
70050000080417
70050000080418
70050000080419
70050000080420
70050000080421
70050000080422
70050000080423
70050000080424
70050000080425
70050000080426
70050000080427
70050000080428
70050000080429
70050000080430
70050000080431
70050000080432
70050000080433
70050000080434
70050000080435
70050000080436
70050000080437
70050000080438
70050000080439
70050000080440
70050000080441
70050000080442
70050000080443
70050000080444
70050000080445
70050000080446
70050000080447
70050000080448
70050000080449
70050000080450
70050000080451
70050000080452
70050000080453
70050000080454
70050000080455
70050000080456
70050000080457
70050000080458
70050000080459
70050000080460
70050000080461
70050000080462
70050000080463
70050000080464
70050000080465
70050000080466
70050000080467
70050000080468
70050000080469
70050000080470
70050000080471
70050000080472
70050000080473
70050000080474
70050000080475
70050000080476
70050000080477
70050000080478
70050000080479
70050000080480
70050000080481
70050000080482
70050000080483
70050000080484
70050000080485
70050000080486
70050000080487
70050000080488
70050000080489
70050000080490
70050000080491
70050000080492
70050000080493
70050000080494
70050000080495
70050000080496
70050000080497
70050000080498
70050000080499
70050000080500
70050000080501
70050000080502
70050000080503
70050000080504
70050000080505
70050000080506
70050000080507
70050000080508
70050000080509
70050000080510
70050000080511
70050000080512
70050000080513
70050000080514
70050000080515
70050000080516
70050000080517
70050000080518
70050000080519
70050000080520
70050000080521
70050000080522
70050000080523
70050000080524
70050000080525
70050000080526
70050000080527
70050000080528
70050000080529
70050000080530
70050000080531
70050000080532
70050000080533
70050000080534
70050000080535
70050000080536
70050000080537
70050000080538
70050000080539
70050000080540
70050000080541
70050000080542
70050000080543
70050000080544
70050000080545
70050000080546
70050000080547
70050000080548
70050000080549
70050000080550
70050000080551
70050000080552
70050000080553
70050000080554
70050000080555
70050000080556
70050000080557
70050000080558
70050000080559
70050000080560
70050000080561
70050000080562
70050000080563
70050000080564
70050000080565
70050000080566
70050000080567
70050000080568
70050000080569
70050000080570
70050000080571
70050000080572
70050000080573
70050000080574
70050000080575
70050000080576
70050000080577
70050000080578
70050000080579
70050000080580
70050000080581
70050000080582
70050000080583
70050000080584
70050000080585
70050000080586
70050000080587
70050000080588
70050000080589
70050000080590
70050000080591
70050000080592
70050000080593
70050000080594
70050000080595
70050000080596
70050000080597
70050000080598
70050000080599
70050000080600
70050000080601
70050000080602
70050000080603
70050000080604
70050000080605
70050000080606
70050000080607
70050000080608
70050000080609
70050000080610
70050000080611
70050000080612
70050000080613
70050000080614
70050000080615
70050000080616
70050000080617
70050000080618
70050000080619
70050000080620
70050000080621
70050000080622
70050000080623
70050000080624
70050000080625
70050000080626
70050000080627
70050000080628
70050000080629
70050000080630
70050000080631
70050000080632
70050000080633
70050000080634
70050000080635
70050000080636
70050000080637
70050000080638
70050000080639
70050000080640
70050000080641
70050000080642
70050000080643
70050000080644
70050000080645
70050000080646
70050000080647
70050000080648
70050000080649
70050000080650
70050000080651
70050000080652
70050000080653
70050000080654
70050000080655
70050000080656
70050000080657
70050000080658
70050000080659
70050000080660
70050000080661
70050000080662
70050000080663
70050000080664
70050000080665
70050000080666
70050000080667
70050000080668
70050000080669
70050000080670
70050000080671
70050000080672
70050000080673
70050000080674
70050000080675
70050000080676
70050000080677
70050000080678
70050000080679
70050000080680
70050000080681
70050000080682
70050000080683
70050000080684
70050000080685
70050000080686
70050000080687
70050000080688
70050000080689
70050000080690
70050000080691
70050000080692
70050000080693
70050000080694
70050000080695
70050000080696
70050000080697
70050000080698
70050000080699
70050000080700
70050000080701
70050000080702
70050000080703
70050000080704
70050000080705
70050000080706
70050000080707
70050000080708
70050000080709
70050000080710
70050000080711
70050000080712
70050000080713
70050000080714
70050000080715
70050000080716
70050000080717
70050000080718
70050000080719
70050000080720
70050000080721
70050000080722
70050000080723
70050000080724
70050000080725
70050000080726
70050000080727
70050000080728
70050000080729
70050000080730
70050000080731
70050000080732
70050000080733
70050000080734
70050000080735
70050000080736
70050000080737
70050000080738
70050000080739
70050000080740
70050000080741
70050000080742
70050000080743
70050000080744
70050000080745
70050000080746
70050000080747
70050000080748
70050000080749
70050000080750
70050000080751
70050000080752
70050000080753
70050000080754
70050000080755
70050000080756
70050000080757
70050000080758
70050000080759
70050000080760
70050000080761
70050000080762
70050000080763
70050000080764
70050000080765
70050000080766
70050000080767
70050000080768
70050000080769
70050000080770
70050000080771
70050000080772
70050000080773
70050000080774
70050000080775
70050000080776
70050000080777
70050000080778
70050000080779
70050000080780
70050000080781
70050000080782
70050000080783
70050000080784
70050000080785
70050000080786
70050000080787
70050000080788
70050000080789
70050000080790
70050000080791
70050000080792
70050000080793
70050000080794
70050000080795
70050000080796
70050000080797
70050000080798
70050000080799
70050000080800
70050000080801
70050000080802
70050000080803
70050000080804
70050000080805
70050000080806
70050000080807
70050000080808
70050000080809
70050000080810
70050000080811
70050000080812
70050000080813
70050000080814
70050000080815
70050000080816
70050000080817
70050000080818
70050000080819
70050000080820
70050000080821
70050000080822
70050000080823
70050000080824
70050000080825
70050000080826
70050000080827
70050000080828
70050000080829
70050000080830
70050000080831
70050000080832
70050000080833
70050000080834
70050000080835
70050000080836
70050000080837
70050000080838
70050000080839
70050000080840
70050000080841
70050000080842
70050000080843
70050000080844
70050000080845
70050000080846
70050000080847
70050000080848
70050000080849
70050000080850
70050000080851
70050000080852
70050000080853
70050000080854
70050000080855
70050000080856
70050000080857
70050000080858
70050000080859
70050000080860
70050000080861
70050000080862
70050000080863
70050000080864
70050000080865
70050000080866
70050000080867
70050000080868
70050000080869
70050000080870
70050000080871
70050000080872
70050000080873
70050000080874
70050000080875
70050000080876
70050000080877
70050000080878
70050000080879
70050000080880
70050000080881
70050000080882
70050000080883
70050000080884
70050000080885
70050000080886
70050000080887
70050000080888
70050000080889
70050000080890
70050000080891
70050000080892
70050000080893
70050000080894
70050000080895
70050000080896
70050000080897
70050000080898
70050000080899
70050000080900
70050000080901
70050000080902
70050000080903
70050000080904
70050000080905
70050000080906
70050000080907
70050000080908
70050000080909
70050000080910
70050000080911
70050000080912
70050000080913
70050000080914
70050000080915
70050000080916
70050000080917
70050000080918
70050000080919
70050000080920
70050000080921
70050000080922
70050000080923
70050000080924
70050000080925
70050000080926
70050000080927
70050000080928
70050000080929
70050000080930
70050000080931
70050000080932
70050000080933
70050000080934
70050000080935
70050000080936
70050000080937
70050000080938
70050000080939
70050000080940
70050000080941
70050000080942
70050000080943
70050000080944
70050000080945
70050000080946
70050000080947
70050000080948
70050000080949
70050000080950
70050000080951
70050000080952
70050000080953
70050000080954
70050000080955
70050000080956
70050000080957
70050000080958
70050000080959
70050000080960
70050000080961
70050000080962
70050000080963
70050000080964
70050000080965
70050000080966
70050000080967
70050000080968
70050000080969
70050000080970
70050000080971
70050000080972
70050000080973
70050000080974
70050000080975
70050000080976
70050000080977
70050000080978
70050000080979
70050000080980
70050000080981
70050000080982
70050000080983
70050000080984
70050000080985
70050000080986
70050000080987
70050000080988
70050000080989
70050000080990
70050000080991
70050000080992
70050000080993
70050000080994
70050000080995
70050000080996
70050000080997
70050000080998
70050000080999
70050000081000
70050000081001
70050000081002
70050000081003
70050000081004
70050000081005
70050000081006
70050000081007
70050000081008
70050000081009
70050000081010
70050000081011
70050000081012
70050000081013
70050000081014
70050000081015
70050000081016
70050000081017
70050000081018
70050000081019
70050000081020
70050000081021
70050000081022
70050000081023
70050000081024
70050000081025
70050000081026
70050000081027
70050000081028
70050000081029
70050000081030
70050000081031
70050000081032
70050000081033
70050000081034
70050000081035
70050000081036
70050000081037
70050000081038
70050000081039
70050000081040
70050000081041
70050000081042
70050000081043
70050000081044
70050000081045
70050000081046
70050000081047
70050000081048
70050000081049
70050000081050
70050000081051
70050000081052
70050000081053
70050000081054
70050000081055
70050000081056
70050000081057
70050000081058
70050000081059
70050000081060
70050000081061
70050000081062
70050000081063
70050000081064
70050000081065
70050000081066
70050000081067
70050000081068
70050000081069
70050000081070
70050000081071
70050000081072
70050000081073
70050000081074
70050000081075
70050000081076
70050000081077
70050000081078
70050000081079
70050000081080
70050000081081
70050000081082
70050000081083
70050000081084
70050000081085
70050000081086
70050000081087
70050000081088
70050000081089
70050000081090
70050000081091
70050000081092
70050000081093
70050000081094
70050000081095
70050000081096
70050000081097
70050000081098
70050000081099
70050000081100
70050000081101
70050000081102
70050000081103
70050000081104
70050000081105
70050000081106
70050000081107
70050000081108
70050000081109
70050000081110
70050000081111
70050000081112
70050000081113
70050000081114
70050000081115
70050000081116
70050000081117
70050000081118
70050000081119
70050000081120
70050000081121
70050000081122
70050000081123
70050000081124
70050000081125
70050000081126
70050000081127
70050000081128
70050000081129
70050000081130
70050000081131
70050000081132
70050000081133
70050000081134
70050000081135
70050000081136
70050000081137
70050000081138
70050000081139
70050000081140
70050000081141
70050000081142
70050000081143
70050000081144
70050000081145
70050000081146
70050000081147
70050000081148
70050000081149
70050000081150
70050000081151
70050000081152
70050000081153
70050000081154
70050000081155
70050000081156
70050000081157
70050000081158
70050000081159
70050000081160
70050000081161
70050000081162
70050000081163
70050000081164
70050000081165
70050000081166
70050000081167
70050000081168
70050000081169
70050000081170
70050000081171
70050000081172
70050000081173
70050000081174
70050000081175
70050000081176
70050000081177
70050000081178
70050000081179
70050000081180
70050000081181
70050000081182
70050000081183
70050000081184
70050000081185
70050000081186
70050000081187
70050000081188
70050000081189
70050000081190
70050000081191
70050000081192
70050000081193
70050000081194
70050000081195
70050000081196
70050000081197
70050000081198
70050000081199
70050000081200
70050000081201
70050000081202
70050000081203
70050000081204
70050000081205
70050000081206
70050000081207
70050000081208
70050000081209
70050000081210
70050000081211
70050000081212
70050000081213
70050000081214
70050000081215
70050000081216
70050000081217
70050000081218
70050000081219
70050000081220
70050000081221
70050000081222
70050000081223
70050000081224
70050000081225
70050000081226
70050000081227
70050000081228
70050000081229
70050000081230
70050000081231
70050000081232
70050000081233
70050000081234
70050000081235
70050000081236
70050000081237
70050000081238
70050000081239
70050000081240
70050000081241
70050000081242
70050000081243
70050000081244
70050000081245
70050000081246
70050000081247
70050000081248
70050000081249
70050000081250
70050000081251
70050000081252
70050000081253
70050000081254
70050000081255
70050000081256
70050000081257
70050000081258
70050000081259
70050000081260
70050000081261
70050000081262
70050000081263
70050000081264
70050000081265
70050000081266
70050000081267
70050000081268
70050000081269
70050000081270
70050000081271
70050000081272
70050000081273
70050000081274
70050000081275
70050000081276
70050000081277
70050000081278
70050000081279
70050000081280
70050000081281
70050000081282
70050000081283
70050000081284
70050000081285
70050000081286
70050000081287
70050000081288
70050000081289
70050000081290
70050000081291
70050000081292
70050000081293
70050000081294
70050000081295
70050000081296
70050000081297
70050000081298
70050000081299
70050000081300
70050000081301
70050000081302
70050000081303
70050000081304
70050000081305
70050000081306
70050000081307
70050000081308
70050000081309
70050000081310
70050000081311
70050000081312
70050000081313
70050000081314
70050000081315
70050000081316
70050000081317
70050000081318
70050000081319
70050000081320
70050000081321
70050000081322
70050000081323
70050000081324
70050000081325
70050000081326
70050000081327
70050000081328
70050000081329
70050000081330
70050000081331
70050000081332
70050000081333
70050000081334
70050000081335
70050000081336
70050000081337
70050000081338
70050000081339
70050000081340
70050000081341
70050000081342
70050000081343
70050000081344
70050000081345
70050000081346
70050000081347
70050000081348
70050000081349
70050000081350
70050000081351
70050000081352
70050000081353
70050000081354
70050000081355
70050000081356
70050000081357
70050000081358
70050000081359
70050000081360
70050000081361
70050000081362
70050000081363
70050000081364
70050000081365
70050000081366
70050000081367
70050000081368
70050000081369
70050000081370
70050000081371
70050000081372
70050000081373
70050000081374
70050000081375
70050000081376
70050000081377
70050000081378
70050000081379
70050000081380
70050000081381
70050000081382
70050000081383
70050000081384
70050000081385
70050000081386
70050000081387
70050000081388
70050000081389
70050000081390
70050000081391
70050000081392
70050000081393
70050000081394
70050000081395
70050000081396
70050000081397
70050000081398
70050000081399
70050000081400
70050000081401
70050000081402
70050000081403
70050000081404
70050000081405
70050000081406
70050000081407
70050000081408
70050000081409
70050000081410
70050000081411
70050000081412
70050000081413
70050000081414
70050000081415
70050000081416
70050000081417
70050000081418
70050000081419
70050000081420
70050000081421
70050000081422
70050000081423
70050000081424
70050000081425
70050000081426
70050000081427
70050000081428
70050000081429
70050000081430
70050000081431
70050000081432
70050000081433
70050000081434
70050000081435
70050000081436
70050000081437
70050000081438
70050000081439
70050000081440
70050000081441
70050000081442
70050000081443
70050000081444
70050000081445
70050000081446
70050000081447
70050000081448
70050000081449
70050000081450
70050000081451
70050000081452
70050000081453
70050000081454
70050000081455
70050000081456
70050000081457
70050000081458
70050000081459
70050000081460
70050000081461
70050000081462
70050000081463
70050000081464
70050000081465
70050000081466
70050000081467
70050000081468
70050000081469
70050000081470
70050000081471
70050000081472
70050000081473
70050000081474
70050000081475
70050000081476
70050000081477
70050000081478
70050000081479
70050000081480
70050000081481
70050000081482
70050000081483
70050000081484
70050000081485
70050000081486
70050000081487
70050000081488
70050000081489
70050000081490
70050000081491
70050000081492
70050000081493
70050000081494
70050000081495
70050000081496
70050000081497
70050000081498
70050000081499
70050000081500
70050000081501
70050000081502
70050000081503
70050000081504
70050000081505
70050000081506
70050000081507
70050000081508
70050000081509
70050000081510
70050000081511
70050000081512
70050000081513
70050000081514
70050000081515
70050000081516
70050000081517
70050000081518
70050000081519
70050000081520
70050000081521
70050000081522
70050000081523
70050000081524
70050000081525
70050000081526
70050000081527
70050000081528
70050000081529
70050000081530
70050000081531
70050000081532
70050000081533
70050000081534
70050000081535
70050000081536
70050000081537
70050000081538
70050000081539
70050000081540
70050000081541
70050000081542
70050000081543
70050000081544
70050000081545
70050000081546
70050000081547
70050000081548
70050000081549
70050000081550
70050000081551
70050000081552
70050000081553
70050000081554
70050000081555
70050000081556
70050000081557
70050000081558
70050000081559
70050000081560
70050000081561
70050000081562
70050000081563
70050000081564
70050000081565
70050000081566
70050000081567
70050000081568
70050000081569
70050000081570
70050000081571
70050000081572
70050000081573
70050000081574
70050000081575
70050000081576
70050000081577
70050000081578
70050000081579
70050000081580
70050000081581
70050000081582
70050000081583
70050000081584
70050000081585
70050000081586
70050000081587
70050000081588
70050000081589
70050000081590
70050000081591
70050000081592
70050000081593
70050000081594
70050000081595
70050000081596
70050000081597
70050000081598
70050000081599
70050000081600
70050000081601
70050000081602
70050000081603
70050000081604
70050000081605
70050000081606
70050000081607
70050000081608
70050000081609
70050000081610
70050000081611
70050000081612
70050000081613
70050000081614
70050000081615
70050000081616
70050000081617
70050000081618
70050000081619
70050000081620
70050000081621
70050000081622
70050000081623
70050000081624
70050000081625
70050000081626
70050000081627
70050000081628
70050000081629
70050000081630
70050000081631
70050000081632
70050000081633
70050000081634
70050000081635
70050000081636
70050000081637
70050000081638
70050000081639
70050000081640
70050000081641
70050000081642
70050000081643
70050000081644
70050000081645
70050000081646
70050000081647
70050000081648
70050000081649
70050000081650
70050000081651
70050000081652
70050000081653
70050000081654
70050000081655
70050000081656
70050000081657
70050000081658
70050000081659
70050000081660
70050000081661
70050000081662
70050000081663
70050000081664
70050000081665
70050000081666
70050000081667
70050000081668
70050000081669
70050000081670
70050000081671
70050000081672
70050000081673
70050000081674
70050000081675
70050000081676
70050000081677
70050000081678
70050000081679
70050000081680
70050000081681
70050000081682
70050000081683
70050000081684
70050000081685
70050000081686
70050000081687
70050000081688
70050000081689
70050000081690
70050000081691
70050000081692
70050000081693
70050000081694
70050000081695
70050000081696
70050000081697
70050000081698
70050000081699
70050000081700
70050000081701
70050000081702
70050000081703
70050000081704
70050000081705
70050000081706
70050000081707
70050000081708
70050000081709
70050000081710
70050000081711
70050000081712
70050000081713
70050000081714
70050000081715
70050000081716
70050000081717
70050000081718
70050000081719
70050000081720
70050000081721
70050000081722
70050000081723
70050000081724
70050000081725
70050000081726
70050000081727
70050000081728
70050000081729
70050000081730
70050000081731
70050000081732
70050000081733
70050000081734
70050000081735
70050000081736
70050000081737
70050000081738
70050000081739
70050000081740
70050000081741
70050000081742
70050000081743
70050000081744
70050000081745
70050000081746
70050000081747
70050000081748
70050000081749
70050000081750
70050000081751
70050000081752
70050000081753
70050000081754
70050000081755
70050000081756
70050000081757
70050000081758
70050000081759
70050000081760
70050000081761
70050000081762
70050000081763
70050000081764
70050000081765
70050000081766
70050000081767
70050000081768
70050000081769
70050000081770
70050000081771
70050000081772
70050000081773
70050000081774
70050000081775
70050000081776
70050000081777
70050000081778
70050000081779
70050000081780
70050000081781
70050000081782
70050000081783
70050000081784
70050000081785
70050000081786
70050000081787
70050000081788
70050000081789
70050000081790
70050000081791
70050000081792
70050000081793
70050000081794
70050000081795
70050000081796
70050000081797
70050000081798
70050000081799
70050000081800
70050000081801
70050000081802
70050000081803
70050000081804
70050000081805
70050000081806
70050000081807
70050000081808
70050000081809
70050000081810
70050000081811
70050000081812
70050000081813
70050000081814
70050000081815
70050000081816
70050000081817
70050000081818
70050000081819
70050000081820
70050000081821
70050000081822
70050000081823
70050000081824
70050000081825
70050000081826
70050000081827
70050000081828
70050000081829
70050000081830
70050000081831
70050000081832
70050000081833
70050000081834
70050000081835
70050000081836
70050000081837
70050000081838
70050000081839
70050000081840
70050000081841
70050000081842
70050000081843
70050000081844
70050000081845
70050000081846
70050000081847
70050000081848
70050000081849
70050000081850
70050000081851
70050000081852
70050000081853
70050000081854
70050000081855
70050000081856
70050000081857
70050000081858
70050000081859
70050000081860
70050000081861
70050000081862
70050000081863
70050000081864
70050000081865
70050000081866
70050000081867
70050000081868
70050000081869
70050000081870
70050000081871
70050000081872
70050000081873
70050000081874
70050000081875
70050000081876
70050000081877
70050000081878
70050000081879
70050000081880
70050000081881
70050000081882
70050000081883
70050000081884
70050000081885
70050000081886
70050000081887
70050000081888
70050000081889
70050000081890
70050000081891
70050000081892
70050000081893
70050000081894
70050000081895
70050000081896
70050000081897
70050000081898
70050000081899
70050000081900
70050000081901
70050000081902
70050000081903
70050000081904
70050000081905
70050000081906
70050000081907
70050000081908
70050000081909
70050000081910
70050000081911
70050000081912
70050000081913
70050000081914
70050000081915
70050000081916
70050000081917
70050000081918
70050000081919
70050000081920
70050000081921
70050000081922
70050000081923
70050000081924
70050000081925
70050000081926
70050000081927
70050000081928
70050000081929
70050000081930
70050000081931
70050000081932
70050000081933
70050000081934
70050000081935
70050000081936
70050000081937
70050000081938
70050000081939
70050000081940
70050000081941
70050000081942
70050000081943
70050000081944
70050000081945
70050000081946
70050000081947
70050000081948
70050000081949
70050000081950
70050000081951
70050000081952
70050000081953
70050000081954
70050000081955
70050000081956
70050000081957
70050000081958
70050000081959
70050000081960
70050000081961
70050000081962
70050000081963
70050000081964
70050000081965
70050000081966
70050000081967
70050000081968
70050000081969
70050000081970
70050000081971
70050000081972
70050000081973
70050000081974
70050000081975
70050000081976
70050000081977
70050000081978
70050000081979
70050000081980
70050000081981
70050000081982
70050000081983
70050000081984
70050000081985
70050000081986
70050000081987
70050000081988
70050000081989
70050000081990
70050000081991
70050000081992
70050000081993
70050000081994
70050000081995
70050000081996
70050000081997
70050000081998
70050000081999
70050000082000
70050000082001
70050000082002
70050000082003
70050000082004
70050000082005
70050000082006
70050000082007
70050000082008
70050000082009
70050000082010
70050000082011
70050000082012
70050000082013
70050000082014
70050000082015
70050000082016
70050000082017
70050000082018
70050000082019
70050000082020
70050000082021
70050000082022
70050000082023
70050000082024
70050000082025
70050000082026
70050000082027
70050000082028
70050000082029
70050000082030
70050000082031
70050000082032
70050000082033
70050000082034
70050000082035
70050000082036
70050000082037
70050000082038
70050000082039
70050000082040
70050000082041
70050000082042
70050000082043
70050000082044
70050000082045
70050000082046
70050000082047
70050000082048
70050000082049
70050000082050
70050000082051
70050000082052
70050000082053
70050000082054
70050000082055
70050000082056
70050000082057
70050000082058
70050000082059
70050000082060
70050000082061
70050000082062
70050000082063
70050000082064
70050000082065
70050000082066
70050000082067
70050000082068
70050000082069
70050000082070
70050000082071
70050000082072
70050000082073
70050000082074
70050000082075
70050000082076
70050000082077
70050000082078
70050000082079
70050000082080
70050000082081
70050000082082
70050000082083
70050000082084
70050000082085
70050000082086
70050000082087
70050000082088
70050000082089
70050000082090
70050000082091
70050000082092
70050000082093
70050000082094
70050000082095
70050000082096
70050000082097
70050000082098
70050000082099
70050000082100
70050000082101
70050000082102
70050000082103
70050000082104
70050000082105
70050000082106
70050000082107
70050000082108
70050000082109
70050000082110
70050000082111
70050000082112
70050000082113
70050000082114
70050000082115
70050000082116
70050000082117
70050000082118
70050000082119
70050000082120
70050000082121
70050000082122
70050000082123
70050000082124
70050000082125
70050000082126
70050000082127
70050000082128
70050000082129
70050000082130
70050000082131
70050000082132
70050000082133
70050000082134
70050000082135
70050000082136
70050000082137
70050000082138
70050000082139
70050000082140
70050000082141
70050000082142
70050000082143
70050000082144
70050000082145
70050000082146
70050000082147
70050000082148
70050000082149
70050000082150
70050000082151
70050000082152
70050000082153
70050000082154
70050000082155
70050000082156
70050000082157
70050000082158
70050000082159
70050000082160
70050000082161
70050000082162
70050000082163
70050000082164
70050000082165
70050000082166
70050000082167
70050000082168
70050000082169
70050000082170
70050000082171
70050000082172
70050000082173
70050000082174
70050000082175
70050000082176
70050000082177
70050000082178
70050000082179
70050000082180
70050000082181
70050000082182
70050000082183
70050000082184
70050000082185
70050000082186
70050000082187
70050000082188
70050000082189
70050000082190
70050000082191
70050000082192
70050000082193
70050000082194
70050000082195
70050000082196
70050000082197
70050000082198
70050000082199
70050000082200
70050000082201
70050000082202
70050000082203
70050000082204
70050000082205
70050000082206
70050000082207
70050000082208
70050000082209
70050000082210
70050000082211
70050000082212
70050000082213
70050000082214
70050000082215
70050000082216
70050000082217
70050000082218
70050000082219
70050000082220
70050000082221
70050000082222
70050000082223
70050000082224
70050000082225
70050000082226
70050000082227
70050000082228
70050000082229
70050000082230
70050000082231
70050000082232
70050000082233
70050000082234
70050000082235
70050000082236
70050000082237
70050000082238
70050000082239
70050000082240
70050000082241
70050000082242
70050000082243
70050000082244
70050000082245
70050000082246
70050000082247
70050000082248
70050000082249
70050000082250
70050000082251
70050000082252
70050000082253
70050000082254
70050000082255
70050000082256
70050000082257
70050000082258
70050000082259
70050000082260
70050000082261
70050000082262
70050000082263
70050000082264
70050000082265
70050000082266
70050000082267
70050000082268
70050000082269
70050000082270
70050000082271
70050000082272
70050000082273
70050000082274
70050000082275
70050000082276
70050000082277
70050000082278
70050000082279
70050000082280
70050000082281
70050000082282
70050000082283
70050000082284
70050000082285
70050000082286
70050000082287
70050000082288
70050000082289
70050000082290
70050000082291
70050000082292
70050000082293
70050000082294
70050000082295
70050000082296
70050000082297
70050000082298
70050000082299
70050000082300
70050000082301
70050000082302
70050000082303
70050000082304
70050000082305
70050000082306
70050000082307
70050000082308
70050000082309
70050000082310
70050000082311
70050000082312
70050000082313
70050000082314
70050000082315
70050000082316
70050000082317
70050000082318
70050000082319
70050000082320
70050000082321
70050000082322
70050000082323
70050000082324
70050000082325
70050000082326
70050000082327
70050000082328
70050000082329
70050000082330
70050000082331
70050000082332
70050000082333
70050000082334
70050000082335
70050000082336
70050000082337
70050000082338
70050000082339
70050000082340
70050000082341
70050000082342
70050000082343
70050000082344
70050000082345
70050000082346
70050000082347
70050000082348
70050000082349
70050000082350
70050000082351
70050000082352
70050000082353
70050000082354
70050000082355
70050000082356
70050000082357
70050000082358
70050000082359
70050000082360
70050000082361
70050000082362
70050000082363
70050000082364
70050000082365
70050000082366
70050000082367
70050000082368
70050000082369
70050000082370
70050000082371
70050000082372
70050000082373
70050000082374
70050000082375
70050000082376
70050000082377
70050000082378
70050000082379
70050000082380
70050000082381
70050000082382
70050000082383
70050000082384
70050000082385
70050000082386
70050000082387
70050000082388
70050000082389
70050000082390
70050000082391
70050000082392
70050000082393
70050000082394
70050000082395
70050000082396
70050000082397
70050000082398
70050000082399
70050000082400
70050000082401
70050000082402
70050000082403
70050000082404
70050000082405
70050000082406
70050000082407
70050000082408
70050000082409
70050000082410
70050000082411
70050000082412
70050000082413
70050000082414
70050000082415
70050000082416
70050000082417
70050000082418
70050000082419
70050000082420
70050000082421
70050000082422
70050000082423
70050000082424
70050000082425
70050000082426
70050000082427
70050000082428
70050000082429
70050000082430
70050000082431
70050000082432
70050000082433
70050000082434
70050000082435
70050000082436
70050000082437
70050000082438
70050000082439
70050000082440
70050000082441
70050000082442
70050000082443
70050000082444
70050000082445
70050000082446
70050000082447
70050000082448
70050000082449
70050000082450
70050000082451
70050000082452
70050000082453
70050000082454
70050000082455
70050000082456
70050000082457
70050000082458
70050000082459
70050000082460
70050000082461
70050000082462
70050000082463
70050000082464
70050000082465
70050000082466
70050000082467
70050000082468
70050000082469
70050000082470
70050000082471
70050000082472
70050000082473
70050000082474
70050000082475
70050000082476
70050000082477
70050000082478
70050000082479
70050000082480
70050000082481
70050000082482
70050000082483
70050000082484
70050000082485
70050000082486
70050000082487
70050000082488
70050000082489
70050000082490
70050000082491
70050000082492
70050000082493
70050000082494
70050000082495
70050000082496
70050000082497
70050000082498
70050000082499
70050000082500
70050000082501
70050000082502
70050000082503
70050000082504
70050000082505
70050000082506
70050000082507
70050000082508
70050000082509
70050000082510
70050000082511
70050000082512
70050000082513
70050000082514
70050000082515
70050000082516
70050000082517
70050000082518
70050000082519
70050000082520
70050000082521
70050000082522
70050000082523
70050000082524
70050000082525
70050000082526
70050000082527
70050000082528
70050000082529
70050000082530
70050000082531
70050000082532
70050000082533
70050000082534
70050000082535
70050000082536
70050000082537
70050000082538
70050000082539
70050000082540
70050000082541
70050000082542
70050000082543
70050000082544
70050000082545
70050000082546
70050000082547
70050000082548
70050000082549
70050000082550
70050000082551
70050000082552
70050000082553
70050000082554
70050000082555
70050000082556
70050000082557
70050000082558
70050000082559
70050000082560
70050000082561
70050000082562
70050000082563
70050000082564
70050000082565
70050000082566
70050000082567
70050000082568
70050000082569
70050000082570
70050000082571
70050000082572
70050000082573
70050000082574
70050000082575
70050000082576
70050000082577
70050000082578
70050000082579
70050000082580
70050000082581
70050000082582
70050000082583
70050000082584
70050000082585
70050000082586
70050000082587
70050000082588
70050000082589
70050000082590
70050000082591
70050000082592
70050000082593
70050000082594
70050000082595
70050000082596
70050000082597
70050000082598
70050000082599
70050000082600
70050000082601
70050000082602
70050000082603
70050000082604
70050000082605
70050000082606
70050000082607
70050000082608
70050000082609
70050000082610
70050000082611
70050000082612
70050000082613
70050000082614
70050000082615
70050000082616
70050000082617
70050000082618
70050000082619
70050000082620
70050000082621
70050000082622
70050000082623
70050000082624
70050000082625
70050000082626
70050000082627
70050000082628
70050000082629
70050000082630
70050000082631
70050000082632
70050000082633
70050000082634
70050000082635
70050000082636
70050000082637
70050000082638
70050000082639
70050000082640
70050000082641
70050000082642
70050000082643
70050000082644
70050000082645
70050000082646
70050000082647
70050000082648
70050000082649
70050000082650
70050000082651
70050000082652
70050000082653
70050000082654
70050000082655
70050000082656
70050000082657
70050000082658
70050000082659
70050000082660
70050000082661
70050000082662
70050000082663
70050000082664
70050000082665
70050000082666
70050000082667
70050000082668
70050000082669
70050000082670
70050000082671
70050000082672
70050000082673
70050000082674
70050000082675
70050000082676
70050000082677
70050000082678
70050000082679
70050000082680
70050000082681
70050000082682
70050000082683
70050000082684
70050000082685
70050000082686
70050000082687
70050000082688
70050000082689
70050000082690
70050000082691
70050000082692
70050000082693
70050000082694
70050000082695
70050000082696
70050000082697
70050000082698
70050000082699
70050000082700
70050000082701
70050000082702
70050000082703
70050000082704
70050000082705
70050000082706
70050000082707
70050000082708
70050000082709
70050000082710
70050000082711
70050000082712
70050000082713
70050000082714
70050000082715
70050000082716
70050000082717
70050000082718
70050000082719
70050000082720
70050000082721
70050000082722
70050000082723
70050000082724
70050000082725
70050000082726
70050000082727
70050000082728
70050000082729
70050000082730
70050000082731
70050000082732
70050000082733
70050000082734
70050000082735
70050000082736
70050000082737
70050000082738
70050000082739
70050000082740
70050000082741
70050000082742
70050000082743
70050000082744
70050000082745
70050000082746
70050000082747
70050000082748
70050000082749
70050000082750
70050000082751
70050000082752
70050000082753
70050000082754
70050000082755
70050000082756
70050000082757
70050000082758
70050000082759
70050000082760
70050000082761
70050000082762
70050000082763
70050000082764
70050000082765
70050000082766
70050000082767
70050000082768
70050000082769
70050000082770
70050000082771
70050000082772
70050000082773
70050000082774
70050000082775
70050000082776
70050000082777
70050000082778
70050000082779
70050000082780
70050000082781
70050000082782
70050000082783
70050000082784
70050000082785
70050000082786
70050000082787
70050000082788
70050000082789
70050000082790
70050000082791
70050000082792
70050000082793
70050000082794
70050000082795
70050000082796
70050000082797
70050000082798
70050000082799
70050000082800
70050000082801
70050000082802
70050000082803
70050000082804
70050000082805
70050000082806
70050000082807
70050000082808
70050000082809
70050000082810
70050000082811
70050000082812
70050000082813
70050000082814
70050000082815
70050000082816
70050000082817
70050000082818
70050000082819
70050000082820
70050000082821
70050000082822
70050000082823
70050000082824
70050000082825
70050000082826
70050000082827
70050000082828
70050000082829
70050000082830
70050000082831
70050000082832
70050000082833
70050000082834
70050000082835
70050000082836
70050000082837
70050000082838
70050000082839
70050000082840
70050000082841
70050000082842
70050000082843
70050000082844
70050000082845
70050000082846
70050000082847
70050000082848
70050000082849
70050000082850
70050000082851
70050000082852
70050000082853
70050000082854
70050000082855
70050000082856
70050000082857
70050000082858
70050000082859
70050000082860
70050000082861
70050000082862
70050000082863
70050000082864
70050000082865
70050000082866
70050000082867
70050000082868
70050000082869
70050000082870
70050000082871
70050000082872
70050000082873
70050000082874
70050000082875
70050000082876
70050000082877
70050000082878
70050000082879
70050000082880
70050000082881
70050000082882
70050000082883
70050000082884
70050000082885
70050000082886
70050000082887
70050000082888
70050000082889
70050000082890
70050000082891
70050000082892
70050000082893
70050000082894
70050000082895
70050000082896
70050000082897
70050000082898
70050000082899
70050000082900
70050000082901
70050000082902
70050000082903
70050000082904
70050000082905
70050000082906
70050000082907
70050000082908
70050000082909
70050000082910
70050000082911
70050000082912
70050000082913
70050000082914
70050000082915
70050000082916
70050000082917
70050000082918
70050000082919
70050000082920
70050000082921
70050000082922
70050000082923
70050000082924
70050000082925
70050000082926
70050000082927
70050000082928
70050000082929
70050000082930
70050000082931
70050000082932
70050000082933
70050000082934
70050000082935
70050000082936
70050000082937
70050000082938
70050000082939
70050000082940
70050000082941
70050000082942
70050000082943
70050000082944
70050000082945
70050000082946
70050000082947
70050000082948
70050000082949
70050000082950
70050000082951
70050000082952
70050000082953
70050000082954
70050000082955
70050000082956
70050000082957
70050000082958
70050000082959
70050000082960
70050000082961
70050000082962
70050000082963
70050000082964
70050000082965
70050000082966
70050000082967
70050000082968
70050000082969
70050000082970
70050000082971
70050000082972
70050000082973
70050000082974
70050000082975
70050000082976
70050000082977
70050000082978
70050000082979
70050000082980
70050000082981
70050000082982
70050000082983
70050000082984
70050000082985
70050000082986
70050000082987
70050000082988
70050000082989
70050000082990
70050000082991
70050000082992
70050000082993
70050000082994
70050000082995
70050000082996
70050000082997
70050000082998
70050000082999
70050000083000
70050000083001
70050000083002
70050000083003
70050000083004
70050000083005
70050000083006
70050000083007
70050000083008
70050000083009
70050000083010
70050000083011
70050000083012
70050000083013
70050000083014
70050000083015
70050000083016
70050000083017
70050000083018
70050000083019
70050000083020
70050000083021
70050000083022
70050000083023
70050000083024
70050000083025
70050000083026
70050000083027
70050000083028
70050000083029
70050000083030
70050000083031
70050000083032
70050000083033
70050000083034
70050000083035
70050000083036
70050000083037
70050000083038
70050000083039
70050000083040
70050000083041
70050000083042
70050000083043
70050000083044
70050000083045
70050000083046
70050000083047
70050000083048
70050000083049
70050000083050
70050000083051
70050000083052
70050000083053
70050000083054
70050000083055
70050000083056
70050000083057
70050000083058
70050000083059
70050000083060
70050000083061
70050000083062
70050000083063
70050000083064
70050000083065
70050000083066
70050000083067
70050000083068
70050000083069
70050000083070
70050000083071
70050000083072
70050000083073
70050000083074
70050000083075
70050000083076
70050000083077
70050000083078
70050000083079
70050000083080
70050000083081
70050000083082
70050000083083
70050000083084
70050000083085
70050000083086
70050000083087
70050000083088
70050000083089
70050000083090
70050000083091
70050000083092
70050000083093
70050000083094
70050000083095
70050000083096
70050000083097
70050000083098
70050000083099
70050000083100
70050000083101
70050000083102
70050000083103
70050000083104
70050000083105
70050000083106
70050000083107
70050000083108
70050000083109
70050000083110
70050000083111
70050000083112
70050000083113
70050000083114
70050000083115
70050000083116
70050000083117
70050000083118
70050000083119
70050000083120
70050000083121
70050000083122
70050000083123
70050000083124
70050000083125
70050000083126
70050000083127
70050000083128
70050000083129
70050000083130
70050000083131
70050000083132
70050000083133
70050000083134
70050000083135
70050000083136
70050000083137
70050000083138
70050000083139
70050000083140
70050000083141
70050000083142
70050000083143
70050000083144
70050000083145
70050000083146
70050000083147
70050000083148
70050000083149
70050000083150
70050000083151
70050000083152
70050000083153
70050000083154
70050000083155
70050000083156
70050000083157
70050000083158
70050000083159
70050000083160
70050000083161
70050000083162
70050000083163
70050000083164
70050000083165
70050000083166
70050000083167
70050000083168
70050000083169
70050000083170
70050000083171
70050000083172
70050000083173
70050000083174
70050000083175
70050000083176
70050000083177
70050000083178
70050000083179
70050000083180
70050000083181
70050000083182
70050000083183
70050000083184
70050000083185
70050000083186
70050000083187
70050000083188
70050000083189
70050000083190
70050000083191
70050000083192
70050000083193
70050000083194
70050000083195
70050000083196
70050000083197
70050000083198
70050000083199
70050000083200
70050000083201
70050000083202
70050000083203
70050000083204
70050000083205
70050000083206
70050000083207
70050000083208
70050000083209
70050000083210
70050000083211
70050000083212
70050000083213
70050000083214
70050000083215
70050000083216
70050000083217
70050000083218
70050000083219
70050000083220
70050000083221
70050000083222
70050000083223
70050000083224
70050000083225
70050000083226
70050000083227
70050000083228
70050000083229
70050000083230
70050000083231
70050000083232
70050000083233
70050000083234
70050000083235
70050000083236
70050000083237
70050000083238
70050000083239
70050000083240
70050000083241
70050000083242
70050000083243
70050000083244
70050000083245
70050000083246
70050000083247
70050000083248
70050000083249
70050000083250
70050000083251
70050000083252
70050000083253
70050000083254
70050000083255
70050000083256
70050000083257
70050000083258
70050000083259
70050000083260
70050000083261
70050000083262
70050000083263
70050000083264
70050000083265
70050000083266
70050000083267
70050000083268
70050000083269
70050000083270
70050000083271
70050000083272
70050000083273
70050000083274
70050000083275
70050000083276
70050000083277
70050000083278
70050000083279
70050000083280
70050000083281
70050000083282
70050000083283
70050000083284
70050000083285
70050000083286
70050000083287
70050000083288
70050000083289
70050000083290
70050000083291
70050000083292
70050000083293
70050000083294
70050000083295
70050000083296
70050000083297
70050000083298
70050000083299
70050000083300
70050000083301
70050000083302
70050000083303
70050000083304
70050000083305
70050000083306
70050000083307
70050000083308
70050000083309
70050000083310
70050000083311
70050000083312
70050000083313
70050000083314
70050000083315
70050000083316
70050000083317
70050000083318
70050000083319
70050000083320
70050000083321
70050000083322
70050000083323
70050000083324
70050000083325
70050000083326
70050000083327
70050000083328
70050000083329
70050000083330
70050000083331
70050000083332
70050000083333
70050000083334
70050000083335
70050000083336
70050000083337
70050000083338
70050000083339
70050000083340
70050000083341
70050000083342
70050000083343
70050000083344
70050000083345
70050000083346
70050000083347
70050000083348
70050000083349
70050000083350
70050000083351
70050000083352
70050000083353
70050000083354
70050000083355
70050000083356
70050000083357
70050000083358
70050000083359
70050000083360
70050000083361
70050000083362
70050000083363
70050000083364
70050000083365
70050000083366
70050000083367
70050000083368
70050000083369
70050000083370
70050000083371
70050000083372
70050000083373
70050000083374
70050000083375
70050000083376
70050000083377
70050000083378
70050000083379
70050000083380
70050000083381
70050000083382
70050000083383
70050000083384
70050000083385
70050000083386
70050000083387
70050000083388
70050000083389
70050000083390
70050000083391
70050000083392
70050000083393
70050000083394
70050000083395
70050000083396
70050000083397
70050000083398
70050000083399
70050000083400
70050000083401
70050000083402
70050000083403
70050000083404
70050000083405
70050000083406
70050000083407
70050000083408
70050000083409
70050000083410
70050000083411
70050000083412
70050000083413
70050000083414
70050000083415
70050000083416
70050000083417
70050000083418
70050000083419
70050000083420
70050000083421
70050000083422
70050000083423
70050000083424
70050000083425
70050000083426
70050000083427
70050000083428
70050000083429
70050000083430
70050000083431
70050000083432
70050000083433
70050000083434
70050000083435
70050000083436
70050000083437
70050000083438
70050000083439
70050000083440
70050000083441
70050000083442
70050000083443
70050000083444
70050000083445
70050000083446
70050000083447
70050000083448
70050000083449
70050000083450
70050000083451
70050000083452
70050000083453
70050000083454
70050000083455
70050000083456
70050000083457
70050000083458
70050000083459
70050000083460
70050000083461
70050000083462
70050000083463
70050000083464
70050000083465
70050000083466
70050000083467
70050000083468
70050000083469
70050000083470
70050000083471
70050000083472
70050000083473
70050000083474
70050000083475
70050000083476
70050000083477
70050000083478
70050000083479
70050000083480
70050000083481
70050000083482
70050000083483
70050000083484
70050000083485
70050000083486
70050000083487
70050000083488
70050000083489
70050000083490
70050000083491
70050000083492
70050000083493
70050000083494
70050000083495
70050000083496
70050000083497
70050000083498
70050000083499
70050000083500
70050000083501
70050000083502
70050000083503
70050000083504
70050000083505
70050000083506
70050000083507
70050000083508
70050000083509
70050000083510
70050000083511
70050000083512
70050000083513
70050000083514
70050000083515
70050000083516
70050000083517
70050000083518
70050000083519
70050000083520
70050000083521
70050000083522
70050000083523
70050000083524
70050000083525
70050000083526
70050000083527
70050000083528
70050000083529
70050000083530
70050000083531
70050000083532
70050000083533
70050000083534
70050000083535
70050000083536
70050000083537
70050000083538
70050000083539
70050000083540
70050000083541
70050000083542
70050000083543
70050000083544
70050000083545
70050000083546
70050000083547
70050000083548
70050000083549
70050000083550
70050000083551
70050000083552
70050000083553
70050000083554
70050000083555
70050000083556
70050000083557
70050000083558
70050000083559
70050000083560
70050000083561
70050000083562
70050000083563
70050000083564
70050000083565
70050000083566
70050000083567
70050000083568
70050000083569
70050000083570
70050000083571
70050000083572
70050000083573
70050000083574
70050000083575
70050000083576
70050000083577
70050000083578
70050000083579
70050000083580
70050000083581
70050000083582
70050000083583
70050000083584
70050000083585
70050000083586
70050000083587
70050000083588
70050000083589
70050000083590
70050000083591
70050000083592
70050000083593
70050000083594
70050000083595
70050000083596
70050000083597
70050000083598
70050000083599
70050000083600
70050000083601
70050000083602
70050000083603
70050000083604
70050000083605
70050000083606
70050000083607
70050000083608
70050000083609
70050000083610
70050000083611
70050000083612
70050000083613
70050000083614
70050000083615
70050000083616
70050000083617
70050000083618
70050000083619
70050000083620
70050000083621
70050000083622
70050000083623
70050000083624
70050000083625
70050000083626
70050000083627
70050000083628
70050000083629
70050000083630
70050000083631
70050000083632
70050000083633
70050000083634
70050000083635
70050000083636
70050000083637
70050000083638
70050000083639
70050000083640
70050000083641
70050000083642
70050000083643
70050000083644
70050000083645
70050000083646
70050000083647
70050000083648
70050000083649
70050000083650
70050000083651
70050000083652
70050000083653
70050000083654
70050000083655
70050000083656
70050000083657
70050000083658
70050000083659
70050000083660
70050000083661
70050000083662
70050000083663
70050000083664
70050000083665
70050000083666
70050000083667
70050000083668
70050000083669
70050000083670
70050000083671
70050000083672
70050000083673
70050000083674
70050000083675
70050000083676
70050000083677
70050000083678
70050000083679
70050000083680
70050000083681
70050000083682
70050000083683
70050000083684
70050000083685
70050000083686
70050000083687
70050000083688
70050000083689
70050000083690
70050000083691
70050000083692
70050000083693
70050000083694
70050000083695
70050000083696
70050000083697
70050000083698
70050000083699
70050000083700
70050000083701
70050000083702
70050000083703
70050000083704
70050000083705
70050000083706
70050000083707
70050000083708
70050000083709
70050000083710
70050000083711
70050000083712
70050000083713
70050000083714
70050000083715
70050000083716
70050000083717
70050000083718
70050000083719
70050000083720
70050000083721
70050000083722
70050000083723
70050000083724
70050000083725
70050000083726
70050000083727
70050000083728
70050000083729
70050000083730
70050000083731
70050000083732
70050000083733
70050000083734
70050000083735
70050000083736
70050000083737
70050000083738
70050000083739
70050000083740
70050000083741
70050000083742
70050000083743
70050000083744
70050000083745
70050000083746
70050000083747
70050000083748
70050000083749
70050000083750
70050000083751
70050000083752
70050000083753
70050000083754
70050000083755
70050000083756
70050000083757
70050000083758
70050000083759
70050000083760
70050000083761
70050000083762
70050000083763
70050000083764
70050000083765
70050000083766
70050000083767
70050000083768
70050000083769
70050000083770
70050000083771
70050000083772
70050000083773
70050000083774
70050000083775
70050000083776
70050000083777
70050000083778
70050000083779
70050000083780
70050000083781
70050000083782
70050000083783
70050000083784
70050000083785
70050000083786
70050000083787
70050000083788
70050000083789
70050000083790
70050000083791
70050000083792
70050000083793
70050000083794
70050000083795
70050000083796
70050000083797
70050000083798
70050000083799
70050000083800
70050000083801
70050000083802
70050000083803
70050000083804
70050000083805
70050000083806
70050000083807
70050000083808
70050000083809
70050000083810
70050000083811
70050000083812
70050000083813
70050000083814
70050000083815
70050000083816
70050000083817
70050000083818
70050000083819
70050000083820
70050000083821
70050000083822
70050000083823
70050000083824
70050000083825
70050000083826
70050000083827
70050000083828
70050000083829
70050000083830
70050000083831
70050000083832
70050000083833
70050000083834
70050000083835
70050000083836
70050000083837
70050000083838
70050000083839
70050000083840
70050000083841
70050000083842
70050000083843
70050000083844
70050000083845
70050000083846
70050000083847
70050000083848
70050000083849
70050000083850
70050000083851
70050000083852
70050000083853
70050000083854
70050000083855
70050000083856
70050000083857
70050000083858
70050000083859
70050000083860
70050000083861
70050000083862
70050000083863
70050000083864
70050000083865
70050000083866
70050000083867
70050000083868
70050000083869
70050000083870
70050000083871
70050000083872
70050000083873
70050000083874
70050000083875
70050000083876
70050000083877
70050000083878
70050000083879
70050000083880
70050000083881
70050000083882
70050000083883
70050000083884
70050000083885
70050000083886
70050000083887
70050000083888
70050000083889
70050000083890
70050000083891
70050000083892
70050000083893
70050000083894
70050000083895
70050000083896
70050000083897
70050000083898
70050000083899
70050000083900
70050000083901
70050000083902
70050000083903
70050000083904
70050000083905
70050000083906
70050000083907
70050000083908
70050000083909
70050000083910
70050000083911
70050000083912
70050000083913
70050000083914
70050000083915
70050000083916
70050000083917
70050000083918
70050000083919
70050000083920
70050000083921
70050000083922
70050000083923
70050000083924
70050000083925
70050000083926
70050000083927
70050000083928
70050000083929
70050000083930
70050000083931
70050000083932
70050000083933
70050000083934
70050000083935
70050000083936
70050000083937
70050000083938
70050000083939
70050000083940
70050000083941
70050000083942
70050000083943
70050000083944
70050000083945
70050000083946
70050000083947
70050000083948
70050000083949
70050000083950
70050000083951
70050000083952
70050000083953
70050000083954
70050000083955
70050000083956
70050000083957
70050000083958
70050000083959
70050000083960
70050000083961
70050000083962
70050000083963
70050000083964
70050000083965
70050000083966
70050000083967
70050000083968
70050000083969
70050000083970
70050000083971
70050000083972
70050000083973
70050000083974
70050000083975
70050000083976
70050000083977
70050000083978
70050000083979
70050000083980
70050000083981
70050000083982
70050000083983
70050000083984
70050000083985
70050000083986
70050000083987
70050000083988
70050000083989
70050000083990
70050000083991
70050000083992
70050000083993
70050000083994
70050000083995
70050000083996
70050000083997
70050000083998
70050000083999
70050000084000
70050000084001
70050000084002
70050000084003
70050000084004
70050000084005
70050000084006
70050000084007
70050000084008
70050000084009
70050000084010
70050000084011
70050000084012
70050000084013
70050000084014
70050000084015
70050000084016
70050000084017
70050000084018
70050000084019
70050000084020
70050000084021
70050000084022
70050000084023
70050000084024
70050000084025
70050000084026
70050000084027
70050000084028
70050000084029
70050000084030
70050000084031
70050000084032
70050000084033
70050000084034
70050000084035
70050000084036
70050000084037
70050000084038
70050000084039
70050000084040
70050000084041
70050000084042
70050000084043
70050000084044
70050000084045
70050000084046
70050000084047
70050000084048
70050000084049
70050000084050
70050000084051
70050000084052
70050000084053
70050000084054
70050000084055
70050000084056
70050000084057
70050000084058
70050000084059
70050000084060
70050000084061
70050000084062
70050000084063
70050000084064
70050000084065
70050000084066
70050000084067
70050000084068
70050000084069
70050000084070
70050000084071
70050000084072
70050000084073
70050000084074
70050000084075
70050000084076
70050000084077
70050000084078
70050000084079
70050000084080
70050000084081
70050000084082
70050000084083
70050000084084
70050000084085
70050000084086
70050000084087
70050000084088
70050000084089
70050000084090
70050000084091
70050000084092
70050000084093
70050000084094
70050000084095
70050000084096
70050000084097
70050000084098
70050000084099
70050000084100
70050000084101
70050000084102
70050000084103
70050000084104
70050000084105
70050000084106
70050000084107
70050000084108
70050000084109
70050000084110
70050000084111
70050000084112
70050000084113
70050000084114
70050000084115
70050000084116
70050000084117
70050000084118
70050000084119
70050000084120
70050000084121
70050000084122
70050000084123
70050000084124
70050000084125
70050000084126
70050000084127
70050000084128
70050000084129
70050000084130
70050000084131
70050000084132
70050000084133
70050000084134
70050000084135
70050000084136
70050000084137
70050000084138
70050000084139
70050000084140
70050000084141
70050000084142
70050000084143
70050000084144
70050000084145
70050000084146
70050000084147
70050000084148
70050000084149
70050000084150
70050000084151
70050000084152
70050000084153
70050000084154
70050000084155
70050000084156
70050000084157
70050000084158
70050000084159
70050000084160
70050000084161
70050000084162
70050000084163
70050000084164
70050000084165
70050000084166
70050000084167
70050000084168
70050000084169
70050000084170
70050000084171
70050000084172
70050000084173
70050000084174
70050000084175
70050000084176
70050000084177
70050000084178
70050000084179
70050000084180
70050000084181
70050000084182
70050000084183
70050000084184
70050000084185
70050000084186
70050000084187
70050000084188
70050000084189
70050000084190
70050000084191
70050000084192
70050000084193
70050000084194
70050000084195
70050000084196
70050000084197
70050000084198
70050000084199
70050000084200
70050000084201
70050000084202
70050000084203
70050000084204
70050000084205
70050000084206
70050000084207
70050000084208
70050000084209
70050000084210
70050000084211
70050000084212
70050000084213
70050000084214
70050000084215
70050000084216
70050000084217
70050000084218
70050000084219
70050000084220
70050000084221
70050000084222
70050000084223
70050000084224
70050000084225
70050000084226
70050000084227
70050000084228
70050000084229
70050000084230
70050000084231
70050000084232
70050000084233
70050000084234
70050000084235
70050000084236
70050000084237
70050000084238
70050000084239
70050000084240
70050000084241
70050000084242
70050000084243
70050000084244
70050000084245
70050000084246
70050000084247
70050000084248
70050000084249
70050000084250
70050000084251
70050000084252
70050000084253
70050000084254
70050000084255
70050000084256
70050000084257
70050000084258
70050000084259
70050000084260
70050000084261
70050000084262
70050000084263
70050000084264
70050000084265
70050000084266
70050000084267
70050000084268
70050000084269
70050000084270
70050000084271
70050000084272
70050000084273
70050000084274
70050000084275
70050000084276
70050000084277
70050000084278
70050000084279
70050000084280
70050000084281
70050000084282
70050000084283
70050000084284
70050000084285
70050000084286
70050000084287
70050000084288
70050000084289
70050000084290
70050000084291
70050000084292
70050000084293
70050000084294
70050000084295
70050000084296
70050000084297
70050000084298
70050000084299
70050000084300
70050000084301
70050000084302
70050000084303
70050000084304
70050000084305
70050000084306
70050000084307
70050000084308
70050000084309
70050000084310
70050000084311
70050000084312
70050000084313
70050000084314
70050000084315
70050000084316
70050000084317
70050000084318
70050000084319
70050000084320
70050000084321
70050000084322
70050000084323
70050000084324
70050000084325
70050000084326
70050000084327
70050000084328
70050000084329
70050000084330
70050000084331
70050000084332
70050000084333
70050000084334
70050000084335
70050000084336
70050000084337
70050000084338
70050000084339
70050000084340
70050000084341
70050000084342
70050000084343
70050000084344
70050000084345
70050000084346
70050000084347
70050000084348
70050000084349
70050000084350
70050000084351
70050000084352
70050000084353
70050000084354
70050000084355
70050000084356
70050000084357
70050000084358
70050000084359
70050000084360
70050000084361
70050000084362
70050000084363
70050000084364
70050000084365
70050000084366
70050000084367
70050000084368
70050000084369
70050000084370
70050000084371
70050000084372
70050000084373
70050000084374
70050000084375
70050000084376
70050000084377
70050000084378
70050000084379
70050000084380
70050000084381
70050000084382
70050000084383
70050000084384
70050000084385
70050000084386
70050000084387
70050000084388
70050000084389
70050000084390
70050000084391
70050000084392
70050000084393
70050000084394
70050000084395
70050000084396
70050000084397
70050000084398
70050000084399
70050000084400
70050000084401
70050000084402
70050000084403
70050000084404
70050000084405
70050000084406
70050000084407
70050000084408
70050000084409
70050000084410
70050000084411
70050000084412
70050000084413
70050000084414
70050000084415
70050000084416
70050000084417
70050000084418
70050000084419
70050000084420
70050000084421
70050000084422
70050000084423
70050000084424
70050000084425
70050000084426
70050000084427
70050000084428
70050000084429
70050000084430
70050000084431
70050000084432
70050000084433
70050000084434
70050000084435
70050000084436
70050000084437
70050000084438
70050000084439
70050000084440
70050000084441
70050000084442
70050000084443
70050000084444
70050000084445
70050000084446
70050000084447
70050000084448
70050000084449
70050000084450
70050000084451
70050000084452
70050000084453
70050000084454
70050000084455
70050000084456
70050000084457
70050000084458
70050000084459
70050000084460
70050000084461
70050000084462
70050000084463
70050000084464
70050000084465
70050000084466
70050000084467
70050000084468
70050000084469
70050000084470
70050000084471
70050000084472
70050000084473
70050000084474
70050000084475
70050000084476
70050000084477
70050000084478
70050000084479
70050000084480
70050000084481
70050000084482
70050000084483
70050000084484
70050000084485
70050000084486
70050000084487
70050000084488
70050000084489
70050000084490
70050000084491
70050000084492
70050000084493
70050000084494
70050000084495
70050000084496
70050000084497
70050000084498
70050000084499
70050000084500
70050000084501
70050000084502
70050000084503
70050000084504
70050000084505
70050000084506
70050000084507
70050000084508
70050000084509
70050000084510
70050000084511
70050000084512
70050000084513
70050000084514
70050000084515
70050000084516
70050000084517
70050000084518
70050000084519
70050000084520
70050000084521
70050000084522
70050000084523
70050000084524
70050000084525
70050000084526
70050000084527
70050000084528
70050000084529
70050000084530
70050000084531
70050000084532
70050000084533
70050000084534
70050000084535
70050000084536
70050000084537
70050000084538
70050000084539
70050000084540
70050000084541
70050000084542
70050000084543
70050000084544
70050000084545
70050000084546
70050000084547
70050000084548
70050000084549
70050000084550
70050000084551
70050000084552
70050000084553
70050000084554
70050000084555
70050000084556
70050000084557
70050000084558
70050000084559
70050000084560
70050000084561
70050000084562
70050000084563
70050000084564
70050000084565
70050000084566
70050000084567
70050000084568
70050000084569
70050000084570
70050000084571
70050000084572
70050000084573
70050000084574
70050000084575
70050000084576
70050000084577
70050000084578
70050000084579
70050000084580
70050000084581
70050000084582
70050000084583
70050000084584
70050000084585
70050000084586
70050000084587
70050000084588
70050000084589
70050000084590
70050000084591
70050000084592
70050000084593
70050000084594
70050000084595
70050000084596
70050000084597
70050000084598
70050000084599
70050000084600
70050000084601
70050000084602
70050000084603
70050000084604
70050000084605
70050000084606
70050000084607
70050000084608
70050000084609
70050000084610
70050000084611
70050000084612
70050000084613
70050000084614
70050000084615
70050000084616
70050000084617
70050000084618
70050000084619
70050000084620
70050000084621
70050000084622
70050000084623
70050000084624
70050000084625
70050000084626
70050000084627
70050000084628
70050000084629
70050000084630
70050000084631
70050000084632
70050000084633
70050000084634
70050000084635
70050000084636
70050000084637
70050000084638
70050000084639
70050000084640
70050000084641
70050000084642
70050000084643
70050000084644
70050000084645
70050000084646
70050000084647
70050000084648
70050000084649
70050000084650
70050000084651
70050000084652
70050000084653
70050000084654
70050000084655
70050000084656
70050000084657
70050000084658
70050000084659
70050000084660
70050000084661
70050000084662
70050000084663
70050000084664
70050000084665
70050000084666
70050000084667
70050000084668
70050000084669
70050000084670
70050000084671
70050000084672
70050000084673
70050000084674
70050000084675
70050000084676
70050000084677
70050000084678
70050000084679
70050000084680
70050000084681
70050000084682
70050000084683
70050000084684
70050000084685
70050000084686
70050000084687
70050000084688
70050000084689
70050000084690
70050000084691
70050000084692
70050000084693
70050000084694
70050000084695
70050000084696
70050000084697
70050000084698
70050000084699
70050000084700
70050000084701
70050000084702
70050000084703
70050000084704
70050000084705
70050000084706
70050000084707
70050000084708
70050000084709
70050000084710
70050000084711
70050000084712
70050000084713
70050000084714
70050000084715
70050000084716
70050000084717
70050000084718
70050000084719
70050000084720
70050000084721
70050000084722
70050000084723
70050000084724
70050000084725
70050000084726
70050000084727
70050000084728
70050000084729
70050000084730
70050000084731
70050000084732
70050000084733
70050000084734
70050000084735
70050000084736
70050000084737
70050000084738
70050000084739
70050000084740
70050000084741
70050000084742
70050000084743
70050000084744
70050000084745
70050000084746
70050000084747
70050000084748
70050000084749
70050000084750
70050000084751
70050000084752
70050000084753
70050000084754
70050000084755
70050000084756
70050000084757
70050000084758
70050000084759
70050000084760
70050000084761
70050000084762
70050000084763
70050000084764
70050000084765
70050000084766
70050000084767
70050000084768
70050000084769
70050000084770
70050000084771
70050000084772
70050000084773
70050000084774
70050000084775
70050000084776
70050000084777
70050000084778
70050000084779
70050000084780
70050000084781
70050000084782
70050000084783
70050000084784
70050000084785
70050000084786
70050000084787
70050000084788
70050000084789
70050000084790
70050000084791
70050000084792
70050000084793
70050000084794
70050000084795
70050000084796
70050000084797
70050000084798
70050000084799
70050000084800
70050000084801
70050000084802
70050000084803
70050000084804
70050000084805
70050000084806
70050000084807
70050000084808
70050000084809
70050000084810
70050000084811
70050000084812
70050000084813
70050000084814
70050000084815
70050000084816
70050000084817
70050000084818
70050000084819
70050000084820
70050000084821
70050000084822
70050000084823
70050000084824
70050000084825
70050000084826
70050000084827
70050000084828
70050000084829
70050000084830
70050000084831
70050000084832
70050000084833
70050000084834
70050000084835
70050000084836
70050000084837
70050000084838
70050000084839
70050000084840
70050000084841
70050000084842
70050000084843
70050000084844
70050000084845
70050000084846
70050000084847
70050000084848
70050000084849
70050000084850
70050000084851
70050000084852
70050000084853
70050000084854
70050000084855
70050000084856
70050000084857
70050000084858
70050000084859
70050000084860
70050000084861
70050000084862
70050000084863
70050000084864
70050000084865
70050000084866
70050000084867
70050000084868
70050000084869
70050000084870
70050000084871
70050000084872
70050000084873
70050000084874
70050000084875
70050000084876
70050000084877
70050000084878
70050000084879
70050000084880
70050000084881
70050000084882
70050000084883
70050000084884
70050000084885
70050000084886
70050000084887
70050000084888
70050000084889
70050000084890
70050000084891
70050000084892
70050000084893
70050000084894
70050000084895
70050000084896
70050000084897
70050000084898
70050000084899
70050000084900
70050000084901
70050000084902
70050000084903
70050000084904
70050000084905
70050000084906
70050000084907
70050000084908
70050000084909
70050000084910
70050000084911
70050000084912
70050000084913
70050000084914
70050000084915
70050000084916
70050000084917
70050000084918
70050000084919
70050000084920
70050000084921
70050000084922
70050000084923
70050000084924
70050000084925
70050000084926
70050000084927
70050000084928
70050000084929
70050000084930
70050000084931
70050000084932
70050000084933
70050000084934
70050000084935
70050000084936
70050000084937
70050000084938
70050000084939
70050000084940
70050000084941
70050000084942
70050000084943
70050000084944
70050000084945
70050000084946
70050000084947
70050000084948
70050000084949
70050000084950
70050000084951
70050000084952
70050000084953
70050000084954
70050000084955
70050000084956
70050000084957
70050000084958
70050000084959
70050000084960
70050000084961
70050000084962
70050000084963
70050000084964
70050000084965
70050000084966
70050000084967
70050000084968
70050000084969
70050000084970
70050000084971
70050000084972
70050000084973
70050000084974
70050000084975
70050000084976
70050000084977
70050000084978
70050000084979
70050000084980
70050000084981
70050000084982
70050000084983
70050000084984
70050000084985
70050000084986
70050000084987
70050000084988
70050000084989
70050000084990
70050000084991
70050000084992
70050000084993
70050000084994
70050000084995
70050000084996
70050000084997
70050000084998
70050000084999
70050000085000
70050000085001
70050000085002
70050000085003
70050000085004
70050000085005
70050000085006
70050000085007
70050000085008
70050000085009
70050000085010
70050000085011
70050000085012
70050000085013
70050000085014
70050000085015
70050000085016
70050000085017
70050000085018
70050000085019
70050000085020
70050000085021
70050000085022
70050000085023
70050000085024
70050000085025
70050000085026
70050000085027
70050000085028
70050000085029
70050000085030
70050000085031
70050000085032
70050000085033
70050000085034
70050000085035
70050000085036
70050000085037
70050000085038
70050000085039
70050000085040
70050000085041
70050000085042
70050000085043
70050000085044
70050000085045
70050000085046
70050000085047
70050000085048
70050000085049
70050000085050
70050000085051
70050000085052
70050000085053
70050000085054
70050000085055
70050000085056
70050000085057
70050000085058
70050000085059
70050000085060
70050000085061
70050000085062
70050000085063
70050000085064
70050000085065
70050000085066
70050000085067
70050000085068
70050000085069
70050000085070
70050000085071
70050000085072
70050000085073
70050000085074
70050000085075
70050000085076
70050000085077
70050000085078
70050000085079
70050000085080
70050000085081
70050000085082
70050000085083
70050000085084
70050000085085
70050000085086
70050000085087
70050000085088
70050000085089
70050000085090
70050000085091
70050000085092
70050000085093
70050000085094
70050000085095
70050000085096
70050000085097
70050000085098
70050000085099
70050000085100
70050000085101
70050000085102
70050000085103
70050000085104
70050000085105
70050000085106
70050000085107
70050000085108
70050000085109
70050000085110
70050000085111
70050000085112
70050000085113
70050000085114
70050000085115
70050000085116
70050000085117
70050000085118
70050000085119
70050000085120
70050000085121
70050000085122
70050000085123
70050000085124
70050000085125
70050000085126
70050000085127
70050000085128
70050000085129
70050000085130
70050000085131
70050000085132
70050000085133
70050000085134
70050000085135
70050000085136
70050000085137
70050000085138
70050000085139
70050000085140
70050000085141
70050000085142
70050000085143
70050000085144
70050000085145
70050000085146
70050000085147
70050000085148
70050000085149
70050000085150
70050000085151
70050000085152
70050000085153
70050000085154
70050000085155
70050000085156
70050000085157
70050000085158
70050000085159
70050000085160
70050000085161
70050000085162
70050000085163
70050000085164
70050000085165
70050000085166
70050000085167
70050000085168
70050000085169
70050000085170
70050000085171
70050000085172
70050000085173
70050000085174
70050000085175
70050000085176
70050000085177
70050000085178
70050000085179
70050000085180
70050000085181
70050000085182
70050000085183
70050000085184
70050000085185
70050000085186
70050000085187
70050000085188
70050000085189
70050000085190
70050000085191
70050000085192
70050000085193
70050000085194
70050000085195
70050000085196
70050000085197
70050000085198
70050000085199
70050000085200
70050000085201
70050000085202
70050000085203
70050000085204
70050000085205
70050000085206
70050000085207
70050000085208
70050000085209
70050000085210
70050000085211
70050000085212
70050000085213
70050000085214
70050000085215
70050000085216
70050000085217
70050000085218
70050000085219
70050000085220
70050000085221
70050000085222
70050000085223
70050000085224
70050000085225
70050000085226
70050000085227
70050000085228
70050000085229
70050000085230
70050000085231
70050000085232
70050000085233
70050000085234
70050000085235
70050000085236
70050000085237
70050000085238
70050000085239
70050000085240
70050000085241
70050000085242
70050000085243
70050000085244
70050000085245
70050000085246
70050000085247
70050000085248
70050000085249
70050000085250
70050000085251
70050000085252
70050000085253
70050000085254
70050000085255
70050000085256
70050000085257
70050000085258
70050000085259
70050000085260
70050000085261
70050000085262
70050000085263
70050000085264
70050000085265
70050000085266
70050000085267
70050000085268
70050000085269
70050000085270
70050000085271
70050000085272
70050000085273
70050000085274
70050000085275
70050000085276
70050000085277
70050000085278
70050000085279
70050000085280
70050000085281
70050000085282
70050000085283
70050000085284
70050000085285
70050000085286
70050000085287
70050000085288
70050000085289
70050000085290
70050000085291
70050000085292
70050000085293
70050000085294
70050000085295
70050000085296
70050000085297
70050000085298
70050000085299
70050000085300
70050000085301
70050000085302
70050000085303
70050000085304
70050000085305
70050000085306
70050000085307
70050000085308
70050000085309
70050000085310
70050000085311
70050000085312
70050000085313
70050000085314
70050000085315
70050000085316
70050000085317
70050000085318
70050000085319
70050000085320
70050000085321
70050000085322
70050000085323
70050000085324
70050000085325
70050000085326
70050000085327
70050000085328
70050000085329
70050000085330
70050000085331
70050000085332
70050000085333
70050000085334
70050000085335
70050000085336
70050000085337
70050000085338
70050000085339
70050000085340
70050000085341
70050000085342
70050000085343
70050000085344
70050000085345
70050000085346
70050000085347
70050000085348
70050000085349
70050000085350
70050000085351
70050000085352
70050000085353
70050000085354
70050000085355
70050000085356
70050000085357
70050000085358
70050000085359
70050000085360
70050000085361
70050000085362
70050000085363
70050000085364
70050000085365
70050000085366
70050000085367
70050000085368
70050000085369
70050000085370
70050000085371
70050000085372
70050000085373
70050000085374
70050000085375
70050000085376
70050000085377
70050000085378
70050000085379
70050000085380
70050000085381
70050000085382
70050000085383
70050000085384
70050000085385
70050000085386
70050000085387
70050000085388
70050000085389
70050000085390
70050000085391
70050000085392
70050000085393
70050000085394
70050000085395
70050000085396
70050000085397
70050000085398
70050000085399
70050000085400
70050000085401
70050000085402
70050000085403
70050000085404
70050000085405
70050000085406
70050000085407
70050000085408
70050000085409
70050000085410
70050000085411
70050000085412
70050000085413
70050000085414
70050000085415
70050000085416
70050000085417
70050000085418
70050000085419
70050000085420
70050000085421
70050000085422
70050000085423
70050000085424
70050000085425
70050000085426
70050000085427
70050000085428
70050000085429
70050000085430
70050000085431
70050000085432
70050000085433
70050000085434
70050000085435
70050000085436
70050000085437
70050000085438
70050000085439
70050000085440
70050000085441
70050000085442
70050000085443
70050000085444
70050000085445
70050000085446
70050000085447
70050000085448
70050000085449
70050000085450
70050000085451
70050000085452
70050000085453
70050000085454
70050000085455
70050000085456
70050000085457
70050000085458
70050000085459
70050000085460
70050000085461
70050000085462
70050000085463
70050000085464
70050000085465
70050000085466
70050000085467
70050000085468
70050000085469
70050000085470
70050000085471
70050000085472
70050000085473
70050000085474
70050000085475
70050000085476
70050000085477
70050000085478
70050000085479
70050000085480
70050000085481
70050000085482
70050000085483
70050000085484
70050000085485
70050000085486
70050000085487
70050000085488
70050000085489
70050000085490
70050000085491
70050000085492
70050000085493
70050000085494
70050000085495
70050000085496
70050000085497
70050000085498
70050000085499
70050000085500
70050000085501
70050000085502
70050000085503
70050000085504
70050000085505
70050000085506
70050000085507
70050000085508
70050000085509
70050000085510
70050000085511
70050000085512
70050000085513
70050000085514
70050000085515
70050000085516
70050000085517
70050000085518
70050000085519
70050000085520
70050000085521
70050000085522
70050000085523
70050000085524
70050000085525
70050000085526
70050000085527
70050000085528
70050000085529
70050000085530
70050000085531
70050000085532
70050000085533
70050000085534
70050000085535
70050000085536
70050000085537
70050000085538
70050000085539
70050000085540
70050000085541
70050000085542
70050000085543
70050000085544
70050000085545
70050000085546
70050000085547
70050000085548
70050000085549
70050000085550
70050000085551
70050000085552
70050000085553
70050000085554
70050000085555
70050000085556
70050000085557
70050000085558
70050000085559
70050000085560
70050000085561
70050000085562
70050000085563
70050000085564
70050000085565
70050000085566
70050000085567
70050000085568
70050000085569
70050000085570
70050000085571
70050000085572
70050000085573
70050000085574
70050000085575
70050000085576
70050000085577
70050000085578
70050000085579
70050000085580
70050000085581
70050000085582
70050000085583
70050000085584
70050000085585
70050000085586
70050000085587
70050000085588
70050000085589
70050000085590
70050000085591
70050000085592
70050000085593
70050000085594
70050000085595
70050000085596
70050000085597
70050000085598
70050000085599
70050000085600
70050000085601
70050000085602
70050000085603
70050000085604
70050000085605
70050000085606
70050000085607
70050000085608
70050000085609
70050000085610
70050000085611
70050000085612
70050000085613
70050000085614
70050000085615
70050000085616
70050000085617
70050000085618
70050000085619
70050000085620
70050000085621
70050000085622
70050000085623
70050000085624
70050000085625
70050000085626
70050000085627
70050000085628
70050000085629
70050000085630
70050000085631
70050000085632
70050000085633
70050000085634
70050000085635
70050000085636
70050000085637
70050000085638
70050000085639
70050000085640
70050000085641
70050000085642
70050000085643
70050000085644
70050000085645
70050000085646
70050000085647
70050000085648
70050000085649
70050000085650
70050000085651
70050000085652
70050000085653
70050000085654
70050000085655
70050000085656
70050000085657
70050000085658
70050000085659
70050000085660
70050000085661
70050000085662
70050000085663
70050000085664
70050000085665
70050000085666
70050000085667
70050000085668
70050000085669
70050000085670
70050000085671
70050000085672
70050000085673
70050000085674
70050000085675
70050000085676
70050000085677
70050000085678
70050000085679
70050000085680
70050000085681
70050000085682
70050000085683
70050000085684
70050000085685
70050000085686
70050000085687
70050000085688
70050000085689
70050000085690
70050000085691
70050000085692
70050000085693
70050000085694
70050000085695
70050000085696
70050000085697
70050000085698
70050000085699
70050000085700
70050000085701
70050000085702
70050000085703
70050000085704
70050000085705
70050000085706
70050000085707
70050000085708
70050000085709
70050000085710
70050000085711
70050000085712
70050000085713
70050000085714
70050000085715
70050000085716
70050000085717
70050000085718
70050000085719
70050000085720
70050000085721
70050000085722
70050000085723
70050000085724
70050000085725
70050000085726
70050000085727
70050000085728
70050000085729
70050000085730
70050000085731
70050000085732
70050000085733
70050000085734
70050000085735
70050000085736
70050000085737
70050000085738
70050000085739
70050000085740
70050000085741
70050000085742
70050000085743
70050000085744
70050000085745
70050000085746
70050000085747
70050000085748
70050000085749
70050000085750
70050000085751
70050000085752
70050000085753
70050000085754
70050000085755
70050000085756
70050000085757
70050000085758
70050000085759
70050000085760
70050000085761
70050000085762
70050000085763
70050000085764
70050000085765
70050000085766
70050000085767
70050000085768
70050000085769
70050000085770
70050000085771
70050000085772
70050000085773
70050000085774
70050000085775
70050000085776
70050000085777
70050000085778
70050000085779
70050000085780
70050000085781
70050000085782
70050000085783
70050000085784
70050000085785
70050000085786
70050000085787
70050000085788
70050000085789
70050000085790
70050000085791
70050000085792
70050000085793
70050000085794
70050000085795
70050000085796
70050000085797
70050000085798
70050000085799
70050000085800
70050000085801
70050000085802
70050000085803
70050000085804
70050000085805
70050000085806
70050000085807
70050000085808
70050000085809
70050000085810
70050000085811
70050000085812
70050000085813
70050000085814
70050000085815
70050000085816
70050000085817
70050000085818
70050000085819
70050000085820
70050000085821
70050000085822
70050000085823
70050000085824
70050000085825
70050000085826
70050000085827
70050000085828
70050000085829
70050000085830
70050000085831
70050000085832
70050000085833
70050000085834
70050000085835
70050000085836
70050000085837
70050000085838
70050000085839
70050000085840
70050000085841
70050000085842
70050000085843
70050000085844
70050000085845
70050000085846
70050000085847
70050000085848
70050000085849
70050000085850
70050000085851
70050000085852
70050000085853
70050000085854
70050000085855
70050000085856
70050000085857
70050000085858
70050000085859
70050000085860
70050000085861
70050000085862
70050000085863
70050000085864
70050000085865
70050000085866
70050000085867
70050000085868
70050000085869
70050000085870
70050000085871
70050000085872
70050000085873
70050000085874
70050000085875
70050000085876
70050000085877
70050000085878
70050000085879
70050000085880
70050000085881
70050000085882
70050000085883
70050000085884
70050000085885
70050000085886
70050000085887
70050000085888
70050000085889
70050000085890
70050000085891
70050000085892
70050000085893
70050000085894
70050000085895
70050000085896
70050000085897
70050000085898
70050000085899
70050000085900
70050000085901
70050000085902
70050000085903
70050000085904
70050000085905
70050000085906
70050000085907
70050000085908
70050000085909
70050000085910
70050000085911
70050000085912
70050000085913
70050000085914
70050000085915
70050000085916
70050000085917
70050000085918
70050000085919
70050000085920
70050000085921
70050000085922
70050000085923
70050000085924
70050000085925
70050000085926
70050000085927
70050000085928
70050000085929
70050000085930
70050000085931
70050000085932
70050000085933
70050000085934
70050000085935
70050000085936
70050000085937
70050000085938
70050000085939
70050000085940
70050000085941
70050000085942
70050000085943
70050000085944
70050000085945
70050000085946
70050000085947
70050000085948
70050000085949
70050000085950
70050000085951
70050000085952
70050000085953
70050000085954
70050000085955
70050000085956
70050000085957
70050000085958
70050000085959
70050000085960
70050000085961
70050000085962
70050000085963
70050000085964
70050000085965
70050000085966
70050000085967
70050000085968
70050000085969
70050000085970
70050000085971
70050000085972
70050000085973
70050000085974
70050000085975
70050000085976
70050000085977
70050000085978
70050000085979
70050000085980
70050000085981
70050000085982
70050000085983
70050000085984
70050000085985
70050000085986
70050000085987
70050000085988
70050000085989
70050000085990
70050000085991
70050000085992
70050000085993
70050000085994
70050000085995
70050000085996
70050000085997
70050000085998
70050000085999
70050000086000
70050000086001
70050000086002
70050000086003
70050000086004
70050000086005
70050000086006
70050000086007
70050000086008
70050000086009
70050000086010
70050000086011
70050000086012
70050000086013
70050000086014
70050000086015
70050000086016
70050000086017
70050000086018
70050000086019
70050000086020
70050000086021
70050000086022
70050000086023
70050000086024
70050000086025
70050000086026
70050000086027
70050000086028
70050000086029
70050000086030
70050000086031
70050000086032
70050000086033
70050000086034
70050000086035
70050000086036
70050000086037
70050000086038
70050000086039
70050000086040
70050000086041
70050000086042
70050000086043
70050000086044
70050000086045
70050000086046
70050000086047
70050000086048
70050000086049
70050000086050
70050000086051
70050000086052
70050000086053
70050000086054
70050000086055
70050000086056
70050000086057
70050000086058
70050000086059
70050000086060
70050000086061
70050000086062
70050000086063
70050000086064
70050000086065
70050000086066
70050000086067
70050000086068
70050000086069
70050000086070
70050000086071
70050000086072
70050000086073
70050000086074
70050000086075
70050000086076
70050000086077
70050000086078
70050000086079
70050000086080
70050000086081
70050000086082
70050000086083
70050000086084
70050000086085
70050000086086
70050000086087
70050000086088
70050000086089
70050000086090
70050000086091
70050000086092
70050000086093
70050000086094
70050000086095
70050000086096
70050000086097
70050000086098
70050000086099
70050000086100
70050000086101
70050000086102
70050000086103
70050000086104
70050000086105
70050000086106
70050000086107
70050000086108
70050000086109
70050000086110
70050000086111
70050000086112
70050000086113
70050000086114
70050000086115
70050000086116
70050000086117
70050000086118
70050000086119
70050000086120
70050000086121
70050000086122
70050000086123
70050000086124
70050000086125
70050000086126
70050000086127
70050000086128
70050000086129
70050000086130
70050000086131
70050000086132
70050000086133
70050000086134
70050000086135
70050000086136
70050000086137
70050000086138
70050000086139
70050000086140
70050000086141
70050000086142
70050000086143
70050000086144
70050000086145
70050000086146
70050000086147
70050000086148
70050000086149
70050000086150
70050000086151
70050000086152
70050000086153
70050000086154
70050000086155
70050000086156
70050000086157
70050000086158
70050000086159
70050000086160
70050000086161
70050000086162
70050000086163
70050000086164
70050000086165
70050000086166
70050000086167
70050000086168
70050000086169
70050000086170
70050000086171
70050000086172
70050000086173
70050000086174
70050000086175
70050000086176
70050000086177
70050000086178
70050000086179
70050000086180
70050000086181
70050000086182
70050000086183
70050000086184
70050000086185
70050000086186
70050000086187
70050000086188
70050000086189
70050000086190
70050000086191
70050000086192
70050000086193
70050000086194
70050000086195
70050000086196
70050000086197
70050000086198
70050000086199
70050000086200
70050000086201
70050000086202
70050000086203
70050000086204
70050000086205
70050000086206
70050000086207
70050000086208
70050000086209
70050000086210
70050000086211
70050000086212
70050000086213
70050000086214
70050000086215
70050000086216
70050000086217
70050000086218
70050000086219
70050000086220
70050000086221
70050000086222
70050000086223
70050000086224
70050000086225
70050000086226
70050000086227
70050000086228
70050000086229
70050000086230
70050000086231
70050000086232
70050000086233
70050000086234
70050000086235
70050000086236
70050000086237
70050000086238
70050000086239
70050000086240
70050000086241
70050000086242
70050000086243
70050000086244
70050000086245
70050000086246
70050000086247
70050000086248
70050000086249
70050000086250
70050000086251
70050000086252
70050000086253
70050000086254
70050000086255
70050000086256
70050000086257
70050000086258
70050000086259
70050000086260
70050000086261
70050000086262
70050000086263
70050000086264
70050000086265
70050000086266
70050000086267
70050000086268
70050000086269
70050000086270
70050000086271
70050000086272
70050000086273
70050000086274
70050000086275
70050000086276
70050000086277
70050000086278
70050000086279
70050000086280
70050000086281
70050000086282
70050000086283
70050000086284
70050000086285
70050000086286
70050000086287
70050000086288
70050000086289
70050000086290
70050000086291
70050000086292
70050000086293
70050000086294
70050000086295
70050000086296
70050000086297
70050000086298
70050000086299
70050000086300
70050000086301
70050000086302
70050000086303
70050000086304
70050000086305
70050000086306
70050000086307
70050000086308
70050000086309
70050000086310
70050000086311
70050000086312
70050000086313
70050000086314
70050000086315
70050000086316
70050000086317
70050000086318
70050000086319
70050000086320
70050000086321
70050000086322
70050000086323
70050000086324
70050000086325
70050000086326
70050000086327
70050000086328
70050000086329
70050000086330
70050000086331
70050000086332
70050000086333
70050000086334
70050000086335
70050000086336
70050000086337
70050000086338
70050000086339
70050000086340
70050000086341
70050000086342
70050000086343
70050000086344
70050000086345
70050000086346
70050000086347
70050000086348
70050000086349
70050000086350
70050000086351
70050000086352
70050000086353
70050000086354
70050000086355
70050000086356
70050000086357
70050000086358
70050000086359
70050000086360
70050000086361
70050000086362
70050000086363
70050000086364
70050000086365
70050000086366
70050000086367
70050000086368
70050000086369
70050000086370
70050000086371
70050000086372
70050000086373
70050000086374
70050000086375
70050000086376
70050000086377
70050000086378
70050000086379
70050000086380
70050000086381
70050000086382
70050000086383
70050000086384
70050000086385
70050000086386
70050000086387
70050000086388
70050000086389
70050000086390
70050000086391
70050000086392
70050000086393
70050000086394
70050000086395
70050000086396
70050000086397
70050000086398
70050000086399
70050000086400
70050000086401
70050000086402
70050000086403
70050000086404
70050000086405
70050000086406
70050000086407
70050000086408
70050000086409
70050000086410
70050000086411
70050000086412
70050000086413
70050000086414
70050000086415
70050000086416
70050000086417
70050000086418
70050000086419
70050000086420
70050000086421
70050000086422
70050000086423
70050000086424
70050000086425
70050000086426
70050000086427
70050000086428
70050000086429
70050000086430
70050000086431
70050000086432
70050000086433
70050000086434
70050000086435
70050000086436
70050000086437
70050000086438
70050000086439
70050000086440
70050000086441
70050000086442
70050000086443
70050000086444
70050000086445
70050000086446
70050000086447
70050000086448
70050000086449
70050000086450
70050000086451
70050000086452
70050000086453
70050000086454
70050000086455
70050000086456
70050000086457
70050000086458
70050000086459
70050000086460
70050000086461
70050000086462
70050000086463
70050000086464
70050000086465
70050000086466
70050000086467
70050000086468
70050000086469
70050000086470
70050000086471
70050000086472
70050000086473
70050000086474
70050000086475
70050000086476
70050000086477
70050000086478
70050000086479
70050000086480
70050000086481
70050000086482
70050000086483
70050000086484
70050000086485
70050000086486
70050000086487
70050000086488
70050000086489
70050000086490
70050000086491
70050000086492
70050000086493
70050000086494
70050000086495
70050000086496
70050000086497
70050000086498
70050000086499
70050000086500
70050000086501
70050000086502
70050000086503
70050000086504
70050000086505
70050000086506
70050000086507
70050000086508
70050000086509
70050000086510
70050000086511
70050000086512
70050000086513
70050000086514
70050000086515
70050000086516
70050000086517
70050000086518
70050000086519
70050000086520
70050000086521
70050000086522
70050000086523
70050000086524
70050000086525
70050000086526
70050000086527
70050000086528
70050000086529
70050000086530
70050000086531
70050000086532
70050000086533
70050000086534
70050000086535
70050000086536
70050000086537
70050000086538
70050000086539
70050000086540
70050000086541
70050000086542
70050000086543
70050000086544
70050000086545
70050000086546
70050000086547
70050000086548
70050000086549
70050000086550
70050000086551
70050000086552
70050000086553
70050000086554
70050000086555
70050000086556
70050000086557
70050000086558
70050000086559
70050000086560
70050000086561
70050000086562
70050000086563
70050000086564
70050000086565
70050000086566
70050000086567
70050000086568
70050000086569
70050000086570
70050000086571
70050000086572
70050000086573
70050000086574
70050000086575
70050000086576
70050000086577
70050000086578
70050000086579
70050000086580
70050000086581
70050000086582
70050000086583
70050000086584
70050000086585
70050000086586
70050000086587
70050000086588
70050000086589
70050000086590
70050000086591
70050000086592
70050000086593
70050000086594
70050000086595
70050000086596
70050000086597
70050000086598
70050000086599
70050000086600
70050000086601
70050000086602
70050000086603
70050000086604
70050000086605
70050000086606
70050000086607
70050000086608
70050000086609
70050000086610
70050000086611
70050000086612
70050000086613
70050000086614
70050000086615
70050000086616
70050000086617
70050000086618
70050000086619
70050000086620
70050000086621
70050000086622
70050000086623
70050000086624
70050000086625
70050000086626
70050000086627
70050000086628
70050000086629
70050000086630
70050000086631
70050000086632
70050000086633
70050000086634
70050000086635
70050000086636
70050000086637
70050000086638
70050000086639
70050000086640
70050000086641
70050000086642
70050000086643
70050000086644
70050000086645
70050000086646
70050000086647
70050000086648
70050000086649
70050000086650
70050000086651
70050000086652
70050000086653
70050000086654
70050000086655
70050000086656
70050000086657
70050000086658
70050000086659
70050000086660
70050000086661
70050000086662
70050000086663
70050000086664
70050000086665
70050000086666
70050000086667
70050000086668
70050000086669
70050000086670
70050000086671
70050000086672
70050000086673
70050000086674
70050000086675
70050000086676
70050000086677
70050000086678
70050000086679
70050000086680
70050000086681
70050000086682
70050000086683
70050000086684
70050000086685
70050000086686
70050000086687
70050000086688
70050000086689
70050000086690
70050000086691
70050000086692
70050000086693
70050000086694
70050000086695
70050000086696
70050000086697
70050000086698
70050000086699
70050000086700
70050000086701
70050000086702
70050000086703
70050000086704
70050000086705
70050000086706
70050000086707
70050000086708
70050000086709
70050000086710
70050000086711
70050000086712
70050000086713
70050000086714
70050000086715
70050000086716
70050000086717
70050000086718
70050000086719
70050000086720
70050000086721
70050000086722
70050000086723
70050000086724
70050000086725
70050000086726
70050000086727
70050000086728
70050000086729
70050000086730
70050000086731
70050000086732
70050000086733
70050000086734
70050000086735
70050000086736
70050000086737
70050000086738
70050000086739
70050000086740
70050000086741
70050000086742
70050000086743
70050000086744
70050000086745
70050000086746
70050000086747
70050000086748
70050000086749
70050000086750
70050000086751
70050000086752
70050000086753
70050000086754
70050000086755
70050000086756
70050000086757
70050000086758
70050000086759
70050000086760
70050000086761
70050000086762
70050000086763
70050000086764
70050000086765
70050000086766
70050000086767
70050000086768
70050000086769
70050000086770
70050000086771
70050000086772
70050000086773
70050000086774
70050000086775
70050000086776
70050000086777
70050000086778
70050000086779
70050000086780
70050000086781
70050000086782
70050000086783
70050000086784
70050000086785
70050000086786
70050000086787
70050000086788
70050000086789
70050000086790
70050000086791
70050000086792
70050000086793
70050000086794
70050000086795
70050000086796
70050000086797
70050000086798
70050000086799
70050000086800
70050000086801
70050000086802
70050000086803
70050000086804
70050000086805
70050000086806
70050000086807
70050000086808
70050000086809
70050000086810
70050000086811
70050000086812
70050000086813
70050000086814
70050000086815
70050000086816
70050000086817
70050000086818
70050000086819
70050000086820
70050000086821
70050000086822
70050000086823
70050000086824
70050000086825
70050000086826
70050000086827
70050000086828
70050000086829
70050000086830
70050000086831
70050000086832
70050000086833
70050000086834
70050000086835
70050000086836
70050000086837
70050000086838
70050000086839
70050000086840
70050000086841
70050000086842
70050000086843
70050000086844
70050000086845
70050000086846
70050000086847
70050000086848
70050000086849
70050000086850
70050000086851
70050000086852
70050000086853
70050000086854
70050000086855
70050000086856
70050000086857
70050000086858
70050000086859
70050000086860
70050000086861
70050000086862
70050000086863
70050000086864
70050000086865
70050000086866
70050000086867
70050000086868
70050000086869
70050000086870
70050000086871
70050000086872
70050000086873
70050000086874
70050000086875
70050000086876
70050000086877
70050000086878
70050000086879
70050000086880
70050000086881
70050000086882
70050000086883
70050000086884
70050000086885
70050000086886
70050000086887
70050000086888
70050000086889
70050000086890
70050000086891
70050000086892
70050000086893
70050000086894
70050000086895
70050000086896
70050000086897
70050000086898
70050000086899
70050000086900
70050000086901
70050000086902
70050000086903
70050000086904
70050000086905
70050000086906
70050000086907
70050000086908
70050000086909
70050000086910
70050000086911
70050000086912
70050000086913
70050000086914
70050000086915
70050000086916
70050000086917
70050000086918
70050000086919
70050000086920
70050000086921
70050000086922
70050000086923
70050000086924
70050000086925
70050000086926
70050000086927
70050000086928
70050000086929
70050000086930
70050000086931
70050000086932
70050000086933
70050000086934
70050000086935
70050000086936
70050000086937
70050000086938
70050000086939
70050000086940
70050000086941
70050000086942
70050000086943
70050000086944
70050000086945
70050000086946
70050000086947
70050000086948
70050000086949
70050000086950
70050000086951
70050000086952
70050000086953
70050000086954
70050000086955
70050000086956
70050000086957
70050000086958
70050000086959
70050000086960
70050000086961
70050000086962
70050000086963
70050000086964
70050000086965
70050000086966
70050000086967
70050000086968
70050000086969
70050000086970
70050000086971
70050000086972
70050000086973
70050000086974
70050000086975
70050000086976
70050000086977
70050000086978
70050000086979
70050000086980
70050000086981
70050000086982
70050000086983
70050000086984
70050000086985
70050000086986
70050000086987
70050000086988
70050000086989
70050000086990
70050000086991
70050000086992
70050000086993
70050000086994
70050000086995
70050000086996
70050000086997
70050000086998
70050000086999
70050000087000
70050000087001
70050000087002
70050000087003
70050000087004
70050000087005
70050000087006
70050000087007
70050000087008
70050000087009
70050000087010
70050000087011
70050000087012
70050000087013
70050000087014
70050000087015
70050000087016
70050000087017
70050000087018
70050000087019
70050000087020
70050000087021
70050000087022
70050000087023
70050000087024
70050000087025
70050000087026
70050000087027
70050000087028
70050000087029
70050000087030
70050000087031
70050000087032
70050000087033
70050000087034
70050000087035
70050000087036
70050000087037
70050000087038
70050000087039
70050000087040
70050000087041
70050000087042
70050000087043
70050000087044
70050000087045
70050000087046
70050000087047
70050000087048
70050000087049
70050000087050
70050000087051
70050000087052
70050000087053
70050000087054
70050000087055
70050000087056
70050000087057
70050000087058
70050000087059
70050000087060
70050000087061
70050000087062
70050000087063
70050000087064
70050000087065
70050000087066
70050000087067
70050000087068
70050000087069
70050000087070
70050000087071
70050000087072
70050000087073
70050000087074
70050000087075
70050000087076
70050000087077
70050000087078
70050000087079
70050000087080
70050000087081
70050000087082
70050000087083
70050000087084
70050000087085
70050000087086
70050000087087
70050000087088
70050000087089
70050000087090
70050000087091
70050000087092
70050000087093
70050000087094
70050000087095
70050000087096
70050000087097
70050000087098
70050000087099
70050000087100
70050000087101
70050000087102
70050000087103
70050000087104
70050000087105
70050000087106
70050000087107
70050000087108
70050000087109
70050000087110
70050000087111
70050000087112
70050000087113
70050000087114
70050000087115
70050000087116
70050000087117
70050000087118
70050000087119
70050000087120
70050000087121
70050000087122
70050000087123
70050000087124
70050000087125
70050000087126
70050000087127
70050000087128
70050000087129
70050000087130
70050000087131
70050000087132
70050000087133
70050000087134
70050000087135
70050000087136
70050000087137
70050000087138
70050000087139
70050000087140
70050000087141
70050000087142
70050000087143
70050000087144
70050000087145
70050000087146
70050000087147
70050000087148
70050000087149
70050000087150
70050000087151
70050000087152
70050000087153
70050000087154
70050000087155
70050000087156
70050000087157
70050000087158
70050000087159
70050000087160
70050000087161
70050000087162
70050000087163
70050000087164
70050000087165
70050000087166
70050000087167
70050000087168
70050000087169
70050000087170
70050000087171
70050000087172
70050000087173
70050000087174
70050000087175
70050000087176
70050000087177
70050000087178
70050000087179
70050000087180
70050000087181
70050000087182
70050000087183
70050000087184
70050000087185
70050000087186
70050000087187
70050000087188
70050000087189
70050000087190
70050000087191
70050000087192
70050000087193
70050000087194
70050000087195
70050000087196
70050000087197
70050000087198
70050000087199
70050000087200
70050000087201
70050000087202
70050000087203
70050000087204
70050000087205
70050000087206
70050000087207
70050000087208
70050000087209
70050000087210
70050000087211
70050000087212
70050000087213
70050000087214
70050000087215
70050000087216
70050000087217
70050000087218
70050000087219
70050000087220
70050000087221
70050000087222
70050000087223
70050000087224
70050000087225
70050000087226
70050000087227
70050000087228
70050000087229
70050000087230
70050000087231
70050000087232
70050000087233
70050000087234
70050000087235
70050000087236
70050000087237
70050000087238
70050000087239
70050000087240
70050000087241
70050000087242
70050000087243
70050000087244
70050000087245
70050000087246
70050000087247
70050000087248
70050000087249
70050000087250
70050000087251
70050000087252
70050000087253
70050000087254
70050000087255
70050000087256
70050000087257
70050000087258
70050000087259
70050000087260
70050000087261
70050000087262
70050000087263
70050000087264
70050000087265
70050000087266
70050000087267
70050000087268
70050000087269
70050000087270
70050000087271
70050000087272
70050000087273
70050000087274
70050000087275
70050000087276
70050000087277
70050000087278
70050000087279
70050000087280
70050000087281
70050000087282
70050000087283
70050000087284
70050000087285
70050000087286
70050000087287
70050000087288
70050000087289
70050000087290
70050000087291
70050000087292
70050000087293
70050000087294
70050000087295
70050000087296
70050000087297
70050000087298
70050000087299
70050000087300
70050000087301
70050000087302
70050000087303
70050000087304
70050000087305
70050000087306
70050000087307
70050000087308
70050000087309
70050000087310
70050000087311
70050000087312
70050000087313
70050000087314
70050000087315
70050000087316
70050000087317
70050000087318
70050000087319
70050000087320
70050000087321
70050000087322
70050000087323
70050000087324
70050000087325
70050000087326
70050000087327
70050000087328
70050000087329
70050000087330
70050000087331
70050000087332
70050000087333
70050000087334
70050000087335
70050000087336
70050000087337
70050000087338
70050000087339
70050000087340
70050000087341
70050000087342
70050000087343
70050000087344
70050000087345
70050000087346
70050000087347
70050000087348
70050000087349
70050000087350
70050000087351
70050000087352
70050000087353
70050000087354
70050000087355
70050000087356
70050000087357
70050000087358
70050000087359
70050000087360
70050000087361
70050000087362
70050000087363
70050000087364
70050000087365
70050000087366
70050000087367
70050000087368
70050000087369
70050000087370
70050000087371
70050000087372
70050000087373
70050000087374
70050000087375
70050000087376
70050000087377
70050000087378
70050000087379
70050000087380
70050000087381
70050000087382
70050000087383
70050000087384
70050000087385
70050000087386
70050000087387
70050000087388
70050000087389
70050000087390
70050000087391
70050000087392
70050000087393
70050000087394
70050000087395
70050000087396
70050000087397
70050000087398
70050000087399
70050000087400
70050000087401
70050000087402
70050000087403
70050000087404
70050000087405
70050000087406
70050000087407
70050000087408
70050000087409
70050000087410
70050000087411
70050000087412
70050000087413
70050000087414
70050000087415
70050000087416
70050000087417
70050000087418
70050000087419
70050000087420
70050000087421
70050000087422
70050000087423
70050000087424
70050000087425
70050000087426
70050000087427
70050000087428
70050000087429
70050000087430
70050000087431
70050000087432
70050000087433
70050000087434
70050000087435
70050000087436
70050000087437
70050000087438
70050000087439
70050000087440
70050000087441
70050000087442
70050000087443
70050000087444
70050000087445
70050000087446
70050000087447
70050000087448
70050000087449
70050000087450
70050000087451
70050000087452
70050000087453
70050000087454
70050000087455
70050000087456
70050000087457
70050000087458
70050000087459
70050000087460
70050000087461
70050000087462
70050000087463
70050000087464
70050000087465
70050000087466
70050000087467
70050000087468
70050000087469
70050000087470
70050000087471
70050000087472
70050000087473
70050000087474
70050000087475
70050000087476
70050000087477
70050000087478
70050000087479
70050000087480
70050000087481
70050000087482
70050000087483
70050000087484
70050000087485
70050000087486
70050000087487
70050000087488
70050000087489
70050000087490
70050000087491
70050000087492
70050000087493
70050000087494
70050000087495
70050000087496
70050000087497
70050000087498
70050000087499
70050000087500
70050000087501
70050000087502
70050000087503
70050000087504
70050000087505
70050000087506
70050000087507
70050000087508
70050000087509
70050000087510
70050000087511
70050000087512
70050000087513
70050000087514
70050000087515
70050000087516
70050000087517
70050000087518
70050000087519
70050000087520
70050000087521
70050000087522
70050000087523
70050000087524
70050000087525
70050000087526
70050000087527
70050000087528
70050000087529
70050000087530
70050000087531
70050000087532
70050000087533
70050000087534
70050000087535
70050000087536
70050000087537
70050000087538
70050000087539
70050000087540
70050000087541
70050000087542
70050000087543
70050000087544
70050000087545
70050000087546
70050000087547
70050000087548
70050000087549
70050000087550
70050000087551
70050000087552
70050000087553
70050000087554
70050000087555
70050000087556
70050000087557
70050000087558
70050000087559
70050000087560
70050000087561
70050000087562
70050000087563
70050000087564
70050000087565
70050000087566
70050000087567
70050000087568
70050000087569
70050000087570
70050000087571
70050000087572
70050000087573
70050000087574
70050000087575
70050000087576
70050000087577
70050000087578
70050000087579
70050000087580
70050000087581
70050000087582
70050000087583
70050000087584
70050000087585
70050000087586
70050000087587
70050000087588
70050000087589
70050000087590
70050000087591
70050000087592
70050000087593
70050000087594
70050000087595
70050000087596
70050000087597
70050000087598
70050000087599
70050000087600
70050000087601
70050000087602
70050000087603
70050000087604
70050000087605
70050000087606
70050000087607
70050000087608
70050000087609
70050000087610
70050000087611
70050000087612
70050000087613
70050000087614
70050000087615
70050000087616
70050000087617
70050000087618
70050000087619
70050000087620
70050000087621
70050000087622
70050000087623
70050000087624
70050000087625
70050000087626
70050000087627
70050000087628
70050000087629
70050000087630
70050000087631
70050000087632
70050000087633
70050000087634
70050000087635
70050000087636
70050000087637
70050000087638
70050000087639
70050000087640
70050000087641
70050000087642
70050000087643
70050000087644
70050000087645
70050000087646
70050000087647
70050000087648
70050000087649
70050000087650
70050000087651
70050000087652
70050000087653
70050000087654
70050000087655
70050000087656
70050000087657
70050000087658
70050000087659
70050000087660
70050000087661
70050000087662
70050000087663
70050000087664
70050000087665
70050000087666
70050000087667
70050000087668
70050000087669
70050000087670
70050000087671
70050000087672
70050000087673
70050000087674
70050000087675
70050000087676
70050000087677
70050000087678
70050000087679
70050000087680
70050000087681
70050000087682
70050000087683
70050000087684
70050000087685
70050000087686
70050000087687
70050000087688
70050000087689
70050000087690
70050000087691
70050000087692
70050000087693
70050000087694
70050000087695
70050000087696
70050000087697
70050000087698
70050000087699
70050000087700
70050000087701
70050000087702
70050000087703
70050000087704
70050000087705
70050000087706
70050000087707
70050000087708
70050000087709
70050000087710
70050000087711
70050000087712
70050000087713
70050000087714
70050000087715
70050000087716
70050000087717
70050000087718
70050000087719
70050000087720
70050000087721
70050000087722
70050000087723
70050000087724
70050000087725
70050000087726
70050000087727
70050000087728
70050000087729
70050000087730
70050000087731
70050000087732
70050000087733
70050000087734
70050000087735
70050000087736
70050000087737
70050000087738
70050000087739
70050000087740
70050000087741
70050000087742
70050000087743
70050000087744
70050000087745
70050000087746
70050000087747
70050000087748
70050000087749
70050000087750
70050000087751
70050000087752
70050000087753
70050000087754
70050000087755
70050000087756
70050000087757
70050000087758
70050000087759
70050000087760
70050000087761
70050000087762
70050000087763
70050000087764
70050000087765
70050000087766
70050000087767
70050000087768
70050000087769
70050000087770
70050000087771
70050000087772
70050000087773
70050000087774
70050000087775
70050000087776
70050000087777
70050000087778
70050000087779
70050000087780
70050000087781
70050000087782
70050000087783
70050000087784
70050000087785
70050000087786
70050000087787
70050000087788
70050000087789
70050000087790
70050000087791
70050000087792
70050000087793
70050000087794
70050000087795
70050000087796
70050000087797
70050000087798
70050000087799
70050000087800
70050000087801
70050000087802
70050000087803
70050000087804
70050000087805
70050000087806
70050000087807
70050000087808
70050000087809
70050000087810
70050000087811
70050000087812
70050000087813
70050000087814
70050000087815
70050000087816
70050000087817
70050000087818
70050000087819
70050000087820
70050000087821
70050000087822
70050000087823
70050000087824
70050000087825
70050000087826
70050000087827
70050000087828
70050000087829
70050000087830
70050000087831
70050000087832
70050000087833
70050000087834
70050000087835
70050000087836
70050000087837
70050000087838
70050000087839
70050000087840
70050000087841
70050000087842
70050000087843
70050000087844
70050000087845
70050000087846
70050000087847
70050000087848
70050000087849
70050000087850
70050000087851
70050000087852
70050000087853
70050000087854
70050000087855
70050000087856
70050000087857
70050000087858
70050000087859
70050000087860
70050000087861
70050000087862
70050000087863
70050000087864
70050000087865
70050000087866
70050000087867
70050000087868
70050000087869
70050000087870
70050000087871
70050000087872
70050000087873
70050000087874
70050000087875
70050000087876
70050000087877
70050000087878
70050000087879
70050000087880
70050000087881
70050000087882
70050000087883
70050000087884
70050000087885
70050000087886
70050000087887
70050000087888
70050000087889
70050000087890
70050000087891
70050000087892
70050000087893
70050000087894
70050000087895
70050000087896
70050000087897
70050000087898
70050000087899
70050000087900
70050000087901
70050000087902
70050000087903
70050000087904
70050000087905
70050000087906
70050000087907
70050000087908
70050000087909
70050000087910
70050000087911
70050000087912
70050000087913
70050000087914
70050000087915
70050000087916
70050000087917
70050000087918
70050000087919
70050000087920
70050000087921
70050000087922
70050000087923
70050000087924
70050000087925
70050000087926
70050000087927
70050000087928
70050000087929
70050000087930
70050000087931
70050000087932
70050000087933
70050000087934
70050000087935
70050000087936
70050000087937
70050000087938
70050000087939
70050000087940
70050000087941
70050000087942
70050000087943
70050000087944
70050000087945
70050000087946
70050000087947
70050000087948
70050000087949
70050000087950
70050000087951
70050000087952
70050000087953
70050000087954
70050000087955
70050000087956
70050000087957
70050000087958
70050000087959
70050000087960
70050000087961
70050000087962
70050000087963
70050000087964
70050000087965
70050000087966
70050000087967
70050000087968
70050000087969
70050000087970
70050000087971
70050000087972
70050000087973
70050000087974
70050000087975
70050000087976
70050000087977
70050000087978
70050000087979
70050000087980
70050000087981
70050000087982
70050000087983
70050000087984
70050000087985
70050000087986
70050000087987
70050000087988
70050000087989
70050000087990
70050000087991
70050000087992
70050000087993
70050000087994
70050000087995
70050000087996
70050000087997
70050000087998
70050000087999
70050000088000
70050000088001
70050000088002
70050000088003
70050000088004
70050000088005
70050000088006
70050000088007
70050000088008
70050000088009
70050000088010
70050000088011
70050000088012
70050000088013
70050000088014
70050000088015
70050000088016
70050000088017
70050000088018
70050000088019
70050000088020
70050000088021
70050000088022
70050000088023
70050000088024
70050000088025
70050000088026
70050000088027
70050000088028
70050000088029
70050000088030
70050000088031
70050000088032
70050000088033
70050000088034
70050000088035
70050000088036
70050000088037
70050000088038
70050000088039
70050000088040
70050000088041
70050000088042
70050000088043
70050000088044
70050000088045
70050000088046
70050000088047
70050000088048
70050000088049
70050000088050
70050000088051
70050000088052
70050000088053
70050000088054
70050000088055
70050000088056
70050000088057
70050000088058
70050000088059
70050000088060
70050000088061
70050000088062
70050000088063
70050000088064
70050000088065
70050000088066
70050000088067
70050000088068
70050000088069
70050000088070
70050000088071
70050000088072
70050000088073
70050000088074
70050000088075
70050000088076
70050000088077
70050000088078
70050000088079
70050000088080
70050000088081
70050000088082
70050000088083
70050000088084
70050000088085
70050000088086
70050000088087
70050000088088
70050000088089
70050000088090
70050000088091
70050000088092
70050000088093
70050000088094
70050000088095
70050000088096
70050000088097
70050000088098
70050000088099
70050000088100
70050000088101
70050000088102
70050000088103
70050000088104
70050000088105
70050000088106
70050000088107
70050000088108
70050000088109
70050000088110
70050000088111
70050000088112
70050000088113
70050000088114
70050000088115
70050000088116
70050000088117
70050000088118
70050000088119
70050000088120
70050000088121
70050000088122
70050000088123
70050000088124
70050000088125
70050000088126
70050000088127
70050000088128
70050000088129
70050000088130
70050000088131
70050000088132
70050000088133
70050000088134
70050000088135
70050000088136
70050000088137
70050000088138
70050000088139
70050000088140
70050000088141
70050000088142
70050000088143
70050000088144
70050000088145
70050000088146
70050000088147
70050000088148
70050000088149
70050000088150
70050000088151
70050000088152
70050000088153
70050000088154
70050000088155
70050000088156
70050000088157
70050000088158
70050000088159
70050000088160
70050000088161
70050000088162
70050000088163
70050000088164
70050000088165
70050000088166
70050000088167
70050000088168
70050000088169
70050000088170
70050000088171
70050000088172
70050000088173
70050000088174
70050000088175
70050000088176
70050000088177
70050000088178
70050000088179
70050000088180
70050000088181
70050000088182
70050000088183
70050000088184
70050000088185
70050000088186
70050000088187
70050000088188
70050000088189
70050000088190
70050000088191
70050000088192
70050000088193
70050000088194
70050000088195
70050000088196
70050000088197
70050000088198
70050000088199
70050000088200
70050000088201
70050000088202
70050000088203
70050000088204
70050000088205
70050000088206
70050000088207
70050000088208
70050000088209
70050000088210
70050000088211
70050000088212
70050000088213
70050000088214
70050000088215
70050000088216
70050000088217
70050000088218
70050000088219
70050000088220
70050000088221
70050000088222
70050000088223
70050000088224
70050000088225
70050000088226
70050000088227
70050000088228
70050000088229
70050000088230
70050000088231
70050000088232
70050000088233
70050000088234
70050000088235
70050000088236
70050000088237
70050000088238
70050000088239
70050000088240
70050000088241
70050000088242
70050000088243
70050000088244
70050000088245
70050000088246
70050000088247
70050000088248
70050000088249
70050000088250
70050000088251
70050000088252
70050000088253
70050000088254
70050000088255
70050000088256
70050000088257
70050000088258
70050000088259
70050000088260
70050000088261
70050000088262
70050000088263
70050000088264
70050000088265
70050000088266
70050000088267
70050000088268
70050000088269
70050000088270
70050000088271
70050000088272
70050000088273
70050000088274
70050000088275
70050000088276
70050000088277
70050000088278
70050000088279
70050000088280
70050000088281
70050000088282
70050000088283
70050000088284
70050000088285
70050000088286
70050000088287
70050000088288
70050000088289
70050000088290
70050000088291
70050000088292
70050000088293
70050000088294
70050000088295
70050000088296
70050000088297
70050000088298
70050000088299
70050000088300
70050000088301
70050000088302
70050000088303
70050000088304
70050000088305
70050000088306
70050000088307
70050000088308
70050000088309
70050000088310
70050000088311
70050000088312
70050000088313
70050000088314
70050000088315
70050000088316
70050000088317
70050000088318
70050000088319
70050000088320
70050000088321
70050000088322
70050000088323
70050000088324
70050000088325
70050000088326
70050000088327
70050000088328
70050000088329
70050000088330
70050000088331
70050000088332
70050000088333
70050000088334
70050000088335
70050000088336
70050000088337
70050000088338
70050000088339
70050000088340
70050000088341
70050000088342
70050000088343
70050000088344
70050000088345
70050000088346
70050000088347
70050000088348
70050000088349
70050000088350
70050000088351
70050000088352
70050000088353
70050000088354
70050000088355
70050000088356
70050000088357
70050000088358
70050000088359
70050000088360
70050000088361
70050000088362
70050000088363
70050000088364
70050000088365
70050000088366
70050000088367
70050000088368
70050000088369
70050000088370
70050000088371
70050000088372
70050000088373
70050000088374
70050000088375
70050000088376
70050000088377
70050000088378
70050000088379
70050000088380
70050000088381
70050000088382
70050000088383
70050000088384
70050000088385
70050000088386
70050000088387
70050000088388
70050000088389
70050000088390
70050000088391
70050000088392
70050000088393
70050000088394
70050000088395
70050000088396
70050000088397
70050000088398
70050000088399
70050000088400
70050000088401
70050000088402
70050000088403
70050000088404
70050000088405
70050000088406
70050000088407
70050000088408
70050000088409
70050000088410
70050000088411
70050000088412
70050000088413
70050000088414
70050000088415
70050000088416
70050000088417
70050000088418
70050000088419
70050000088420
70050000088421
70050000088422
70050000088423
70050000088424
70050000088425
70050000088426
70050000088427
70050000088428
70050000088429
70050000088430
70050000088431
70050000088432
70050000088433
70050000088434
70050000088435
70050000088436
70050000088437
70050000088438
70050000088439
70050000088440
70050000088441
70050000088442
70050000088443
70050000088444
70050000088445
70050000088446
70050000088447
70050000088448
70050000088449
70050000088450
70050000088451
70050000088452
70050000088453
70050000088454
70050000088455
70050000088456
70050000088457
70050000088458
70050000088459
70050000088460
70050000088461
70050000088462
70050000088463
70050000088464
70050000088465
70050000088466
70050000088467
70050000088468
70050000088469
70050000088470
70050000088471
70050000088472
70050000088473
70050000088474
70050000088475
70050000088476
70050000088477
70050000088478
70050000088479
70050000088480
70050000088481
70050000088482
70050000088483
70050000088484
70050000088485
70050000088486
70050000088487
70050000088488
70050000088489
70050000088490
70050000088491
70050000088492
70050000088493
70050000088494
70050000088495
70050000088496
70050000088497
70050000088498
70050000088499
70050000088500
70050000088501
70050000088502
70050000088503
70050000088504
70050000088505
70050000088506
70050000088507
70050000088508
70050000088509
70050000088510
70050000088511
70050000088512
70050000088513
70050000088514
70050000088515
70050000088516
70050000088517
70050000088518
70050000088519
70050000088520
70050000088521
70050000088522
70050000088523
70050000088524
70050000088525
70050000088526
70050000088527
70050000088528
70050000088529
70050000088530
70050000088531
70050000088532
70050000088533
70050000088534
70050000088535
70050000088536
70050000088537
70050000088538
70050000088539
70050000088540
70050000088541
70050000088542
70050000088543
70050000088544
70050000088545
70050000088546
70050000088547
70050000088548
70050000088549
70050000088550
70050000088551
70050000088552
70050000088553
70050000088554
70050000088555
70050000088556
70050000088557
70050000088558
70050000088559
70050000088560
70050000088561
70050000088562
70050000088563
70050000088564
70050000088565
70050000088566
70050000088567
70050000088568
70050000088569
70050000088570
70050000088571
70050000088572
70050000088573
70050000088574
70050000088575
70050000088576
70050000088577
70050000088578
70050000088579
70050000088580
70050000088581
70050000088582
70050000088583
70050000088584
70050000088585
70050000088586
70050000088587
70050000088588
70050000088589
70050000088590
70050000088591
70050000088592
70050000088593
70050000088594
70050000088595
70050000088596
70050000088597
70050000088598
70050000088599
70050000088600
70050000088601
70050000088602
70050000088603
70050000088604
70050000088605
70050000088606
70050000088607
70050000088608
70050000088609
70050000088610
70050000088611
70050000088612
70050000088613
70050000088614
70050000088615
70050000088616
70050000088617
70050000088618
70050000088619
70050000088620
70050000088621
70050000088622
70050000088623
70050000088624
70050000088625
70050000088626
70050000088627
70050000088628
70050000088629
70050000088630
70050000088631
70050000088632
70050000088633
70050000088634
70050000088635
70050000088636
70050000088637
70050000088638
70050000088639
70050000088640
70050000088641
70050000088642
70050000088643
70050000088644
70050000088645
70050000088646
70050000088647
70050000088648
70050000088649
70050000088650
70050000088651
70050000088652
70050000088653
70050000088654
70050000088655
70050000088656
70050000088657
70050000088658
70050000088659
70050000088660
70050000088661
70050000088662
70050000088663
70050000088664
70050000088665
70050000088666
70050000088667
70050000088668
70050000088669
70050000088670
70050000088671
70050000088672
70050000088673
70050000088674
70050000088675
70050000088676
70050000088677
70050000088678
70050000088679
70050000088680
70050000088681
70050000088682
70050000088683
70050000088684
70050000088685
70050000088686
70050000088687
70050000088688
70050000088689
70050000088690
70050000088691
70050000088692
70050000088693
70050000088694
70050000088695
70050000088696
70050000088697
70050000088698
70050000088699
70050000088700
70050000088701
70050000088702
70050000088703
70050000088704
70050000088705
70050000088706
70050000088707
70050000088708
70050000088709
70050000088710
70050000088711
70050000088712
70050000088713
70050000088714
70050000088715
70050000088716
70050000088717
70050000088718
70050000088719
70050000088720
70050000088721
70050000088722
70050000088723
70050000088724
70050000088725
70050000088726
70050000088727
70050000088728
70050000088729
70050000088730
70050000088731
70050000088732
70050000088733
70050000088734
70050000088735
70050000088736
70050000088737
70050000088738
70050000088739
70050000088740
70050000088741
70050000088742
70050000088743
70050000088744
70050000088745
70050000088746
70050000088747
70050000088748
70050000088749
70050000088750
70050000088751
70050000088752
70050000088753
70050000088754
70050000088755
70050000088756
70050000088757
70050000088758
70050000088759
70050000088760
70050000088761
70050000088762
70050000088763
70050000088764
70050000088765
70050000088766
70050000088767
70050000088768
70050000088769
70050000088770
70050000088771
70050000088772
70050000088773
70050000088774
70050000088775
70050000088776
70050000088777
70050000088778
70050000088779
70050000088780
70050000088781
70050000088782
70050000088783
70050000088784
70050000088785
70050000088786
70050000088787
70050000088788
70050000088789
70050000088790
70050000088791
70050000088792
70050000088793
70050000088794
70050000088795
70050000088796
70050000088797
70050000088798
70050000088799
70050000088800
70050000088801
70050000088802
70050000088803
70050000088804
70050000088805
70050000088806
70050000088807
70050000088808
70050000088809
70050000088810
70050000088811
70050000088812
70050000088813
70050000088814
70050000088815
70050000088816
70050000088817
70050000088818
70050000088819
70050000088820
70050000088821
70050000088822
70050000088823
70050000088824
70050000088825
70050000088826
70050000088827
70050000088828
70050000088829
70050000088830
70050000088831
70050000088832
70050000088833
70050000088834
70050000088835
70050000088836
70050000088837
70050000088838
70050000088839
70050000088840
70050000088841
70050000088842
70050000088843
70050000088844
70050000088845
70050000088846
70050000088847
70050000088848
70050000088849
70050000088850
70050000088851
70050000088852
70050000088853
70050000088854
70050000088855
70050000088856
70050000088857
70050000088858
70050000088859
70050000088860
70050000088861
70050000088862
70050000088863
70050000088864
70050000088865
70050000088866
70050000088867
70050000088868
70050000088869
70050000088870
70050000088871
70050000088872
70050000088873
70050000088874
70050000088875
70050000088876
70050000088877
70050000088878
70050000088879
70050000088880
70050000088881
70050000088882
70050000088883
70050000088884
70050000088885
70050000088886
70050000088887
70050000088888
70050000088889
70050000088890
70050000088891
70050000088892
70050000088893
70050000088894
70050000088895
70050000088896
70050000088897
70050000088898
70050000088899
70050000088900
70050000088901
70050000088902
70050000088903
70050000088904
70050000088905
70050000088906
70050000088907
70050000088908
70050000088909
70050000088910
70050000088911
70050000088912
70050000088913
70050000088914
70050000088915
70050000088916
70050000088917
70050000088918
70050000088919
70050000088920
70050000088921
70050000088922
70050000088923
70050000088924
70050000088925
70050000088926
70050000088927
70050000088928
70050000088929
70050000088930
70050000088931
70050000088932
70050000088933
70050000088934
70050000088935
70050000088936
70050000088937
70050000088938
70050000088939
70050000088940
70050000088941
70050000088942
70050000088943
70050000088944
70050000088945
70050000088946
70050000088947
70050000088948
70050000088949
70050000088950
70050000088951
70050000088952
70050000088953
70050000088954
70050000088955
70050000088956
70050000088957
70050000088958
70050000088959
70050000088960
70050000088961
70050000088962
70050000088963
70050000088964
70050000088965
70050000088966
70050000088967
70050000088968
70050000088969
70050000088970
70050000088971
70050000088972
70050000088973
70050000088974
70050000088975
70050000088976
70050000088977
70050000088978
70050000088979
70050000088980
70050000088981
70050000088982
70050000088983
70050000088984
70050000088985
70050000088986
70050000088987
70050000088988
70050000088989
70050000088990
70050000088991
70050000088992
70050000088993
70050000088994
70050000088995
70050000088996
70050000088997
70050000088998
70050000088999
70050000089000
70050000089001
70050000089002
70050000089003
70050000089004
70050000089005
70050000089006
70050000089007
70050000089008
70050000089009
70050000089010
70050000089011
70050000089012
70050000089013
70050000089014
70050000089015
70050000089016
70050000089017
70050000089018
70050000089019
70050000089020
70050000089021
70050000089022
70050000089023
70050000089024
70050000089025
70050000089026
70050000089027
70050000089028
70050000089029
70050000089030
70050000089031
70050000089032
70050000089033
70050000089034
70050000089035
70050000089036
70050000089037
70050000089038
70050000089039
70050000089040
70050000089041
70050000089042
70050000089043
70050000089044
70050000089045
70050000089046
70050000089047
70050000089048
70050000089049
70050000089050
70050000089051
70050000089052
70050000089053
70050000089054
70050000089055
70050000089056
70050000089057
70050000089058
70050000089059
70050000089060
70050000089061
70050000089062
70050000089063
70050000089064
70050000089065
70050000089066
70050000089067
70050000089068
70050000089069
70050000089070
70050000089071
70050000089072
70050000089073
70050000089074
70050000089075
70050000089076
70050000089077
70050000089078
70050000089079
70050000089080
70050000089081
70050000089082
70050000089083
70050000089084
70050000089085
70050000089086
70050000089087
70050000089088
70050000089089
70050000089090
70050000089091
70050000089092
70050000089093
70050000089094
70050000089095
70050000089096
70050000089097
70050000089098
70050000089099
70050000089100
70050000089101
70050000089102
70050000089103
70050000089104
70050000089105
70050000089106
70050000089107
70050000089108
70050000089109
70050000089110
70050000089111
70050000089112
70050000089113
70050000089114
70050000089115
70050000089116
70050000089117
70050000089118
70050000089119
70050000089120
70050000089121
70050000089122
70050000089123
70050000089124
70050000089125
70050000089126
70050000089127
70050000089128
70050000089129
70050000089130
70050000089131
70050000089132
70050000089133
70050000089134
70050000089135
70050000089136
70050000089137
70050000089138
70050000089139
70050000089140
70050000089141
70050000089142
70050000089143
70050000089144
70050000089145
70050000089146
70050000089147
70050000089148
70050000089149
70050000089150
70050000089151
70050000089152
70050000089153
70050000089154
70050000089155
70050000089156
70050000089157
70050000089158
70050000089159
70050000089160
70050000089161
70050000089162
70050000089163
70050000089164
70050000089165
70050000089166
70050000089167
70050000089168
70050000089169
70050000089170
70050000089171
70050000089172
70050000089173
70050000089174
70050000089175
70050000089176
70050000089177
70050000089178
70050000089179
70050000089180
70050000089181
70050000089182
70050000089183
70050000089184
70050000089185
70050000089186
70050000089187
70050000089188
70050000089189
70050000089190
70050000089191
70050000089192
70050000089193
70050000089194
70050000089195
70050000089196
70050000089197
70050000089198
70050000089199
70050000089200
70050000089201
70050000089202
70050000089203
70050000089204
70050000089205
70050000089206
70050000089207
70050000089208
70050000089209
70050000089210
70050000089211
70050000089212
70050000089213
70050000089214
70050000089215
70050000089216
70050000089217
70050000089218
70050000089219
70050000089220
70050000089221
70050000089222
70050000089223
70050000089224
70050000089225
70050000089226
70050000089227
70050000089228
70050000089229
70050000089230
70050000089231
70050000089232
70050000089233
70050000089234
70050000089235
70050000089236
70050000089237
70050000089238
70050000089239
70050000089240
70050000089241
70050000089242
70050000089243
70050000089244
70050000089245
70050000089246
70050000089247
70050000089248
70050000089249
70050000089250
70050000089251
70050000089252
70050000089253
70050000089254
70050000089255
70050000089256
70050000089257
70050000089258
70050000089259
70050000089260
70050000089261
70050000089262
70050000089263
70050000089264
70050000089265
70050000089266
70050000089267
70050000089268
70050000089269
70050000089270
70050000089271
70050000089272
70050000089273
70050000089274
70050000089275
70050000089276
70050000089277
70050000089278
70050000089279
70050000089280
70050000089281
70050000089282
70050000089283
70050000089284
70050000089285
70050000089286
70050000089287
70050000089288
70050000089289
70050000089290
70050000089291
70050000089292
70050000089293
70050000089294
70050000089295
70050000089296
70050000089297
70050000089298
70050000089299
70050000089300
70050000089301
70050000089302
70050000089303
70050000089304
70050000089305
70050000089306
70050000089307
70050000089308
70050000089309
70050000089310
70050000089311
70050000089312
70050000089313
70050000089314
70050000089315
70050000089316
70050000089317
70050000089318
70050000089319
70050000089320
70050000089321
70050000089322
70050000089323
70050000089324
70050000089325
70050000089326
70050000089327
70050000089328
70050000089329
70050000089330
70050000089331
70050000089332
70050000089333
70050000089334
70050000089335
70050000089336
70050000089337
70050000089338
70050000089339
70050000089340
70050000089341
70050000089342
70050000089343
70050000089344
70050000089345
70050000089346
70050000089347
70050000089348
70050000089349
70050000089350
70050000089351
70050000089352
70050000089353
70050000089354
70050000089355
70050000089356
70050000089357
70050000089358
70050000089359
70050000089360
70050000089361
70050000089362
70050000089363
70050000089364
70050000089365
70050000089366
70050000089367
70050000089368
70050000089369
70050000089370
70050000089371
70050000089372
70050000089373
70050000089374
70050000089375
70050000089376
70050000089377
70050000089378
70050000089379
70050000089380
70050000089381
70050000089382
70050000089383
70050000089384
70050000089385
70050000089386
70050000089387
70050000089388
70050000089389
70050000089390
70050000089391
70050000089392
70050000089393
70050000089394
70050000089395
70050000089396
70050000089397
70050000089398
70050000089399
70050000089400
70050000089401
70050000089402
70050000089403
70050000089404
70050000089405
70050000089406
70050000089407
70050000089408
70050000089409
70050000089410
70050000089411
70050000089412
70050000089413
70050000089414
70050000089415
70050000089416
70050000089417
70050000089418
70050000089419
70050000089420
70050000089421
70050000089422
70050000089423
70050000089424
70050000089425
70050000089426
70050000089427
70050000089428
70050000089429
70050000089430
70050000089431
70050000089432
70050000089433
70050000089434
70050000089435
70050000089436
70050000089437
70050000089438
70050000089439
70050000089440
70050000089441
70050000089442
70050000089443
70050000089444
70050000089445
70050000089446
70050000089447
70050000089448
70050000089449
70050000089450
70050000089451
70050000089452
70050000089453
70050000089454
70050000089455
70050000089456
70050000089457
70050000089458
70050000089459
70050000089460
70050000089461
70050000089462
70050000089463
70050000089464
70050000089465
70050000089466
70050000089467
70050000089468
70050000089469
70050000089470
70050000089471
70050000089472
70050000089473
70050000089474
70050000089475
70050000089476
70050000089477
70050000089478
70050000089479
70050000089480
70050000089481
70050000089482
70050000089483
70050000089484
70050000089485
70050000089486
70050000089487
70050000089488
70050000089489
70050000089490
70050000089491
70050000089492
70050000089493
70050000089494
70050000089495
70050000089496
70050000089497
70050000089498
70050000089499
70050000089500
70050000089501
70050000089502
70050000089503
70050000089504
70050000089505
70050000089506
70050000089507
70050000089508
70050000089509
70050000089510
70050000089511
70050000089512
70050000089513
70050000089514
70050000089515
70050000089516
70050000089517
70050000089518
70050000089519
70050000089520
70050000089521
70050000089522
70050000089523
70050000089524
70050000089525
70050000089526
70050000089527
70050000089528
70050000089529
70050000089530
70050000089531
70050000089532
70050000089533
70050000089534
70050000089535
70050000089536
70050000089537
70050000089538
70050000089539
70050000089540
70050000089541
70050000089542
70050000089543
70050000089544
70050000089545
70050000089546
70050000089547
70050000089548
70050000089549
70050000089550
70050000089551
70050000089552
70050000089553
70050000089554
70050000089555
70050000089556
70050000089557
70050000089558
70050000089559
70050000089560
70050000089561
70050000089562
70050000089563
70050000089564
70050000089565
70050000089566
70050000089567
70050000089568
70050000089569
70050000089570
70050000089571
70050000089572
70050000089573
70050000089574
70050000089575
70050000089576
70050000089577
70050000089578
70050000089579
70050000089580
70050000089581
70050000089582
70050000089583
70050000089584
70050000089585
70050000089586
70050000089587
70050000089588
70050000089589
70050000089590
70050000089591
70050000089592
70050000089593
70050000089594
70050000089595
70050000089596
70050000089597
70050000089598
70050000089599
70050000089600
70050000089601
70050000089602
70050000089603
70050000089604
70050000089605
70050000089606
70050000089607
70050000089608
70050000089609
70050000089610
70050000089611
70050000089612
70050000089613
70050000089614
70050000089615
70050000089616
70050000089617
70050000089618
70050000089619
70050000089620
70050000089621
70050000089622
70050000089623
70050000089624
70050000089625
70050000089626
70050000089627
70050000089628
70050000089629
70050000089630
70050000089631
70050000089632
70050000089633
70050000089634
70050000089635
70050000089636
70050000089637
70050000089638
70050000089639
70050000089640
70050000089641
70050000089642
70050000089643
70050000089644
70050000089645
70050000089646
70050000089647
70050000089648
70050000089649
70050000089650
70050000089651
70050000089652
70050000089653
70050000089654
70050000089655
70050000089656
70050000089657
70050000089658
70050000089659
70050000089660
70050000089661
70050000089662
70050000089663
70050000089664
70050000089665
70050000089666
70050000089667
70050000089668
70050000089669
70050000089670
70050000089671
70050000089672
70050000089673
70050000089674
70050000089675
70050000089676
70050000089677
70050000089678
70050000089679
70050000089680
70050000089681
70050000089682
70050000089683
70050000089684
70050000089685
70050000089686
70050000089687
70050000089688
70050000089689
70050000089690
70050000089691
70050000089692
70050000089693
70050000089694
70050000089695
70050000089696
70050000089697
70050000089698
70050000089699
70050000089700
70050000089701
70050000089702
70050000089703
70050000089704
70050000089705
70050000089706
70050000089707
70050000089708
70050000089709
70050000089710
70050000089711
70050000089712
70050000089713
70050000089714
70050000089715
70050000089716
70050000089717
70050000089718
70050000089719
70050000089720
70050000089721
70050000089722
70050000089723
70050000089724
70050000089725
70050000089726
70050000089727
70050000089728
70050000089729
70050000089730
70050000089731
70050000089732
70050000089733
70050000089734
70050000089735
70050000089736
70050000089737
70050000089738
70050000089739
70050000089740
70050000089741
70050000089742
70050000089743
70050000089744
70050000089745
70050000089746
70050000089747
70050000089748
70050000089749
70050000089750
70050000089751
70050000089752
70050000089753
70050000089754
70050000089755
70050000089756
70050000089757
70050000089758
70050000089759
70050000089760
70050000089761
70050000089762
70050000089763
70050000089764
70050000089765
70050000089766
70050000089767
70050000089768
70050000089769
70050000089770
70050000089771
70050000089772
70050000089773
70050000089774
70050000089775
70050000089776
70050000089777
70050000089778
70050000089779
70050000089780
70050000089781
70050000089782
70050000089783
70050000089784
70050000089785
70050000089786
70050000089787
70050000089788
70050000089789
70050000089790
70050000089791
70050000089792
70050000089793
70050000089794
70050000089795
70050000089796
70050000089797
70050000089798
70050000089799
70050000089800
70050000089801
70050000089802
70050000089803
70050000089804
70050000089805
70050000089806
70050000089807
70050000089808
70050000089809
70050000089810
70050000089811
70050000089812
70050000089813
70050000089814
70050000089815
70050000089816
70050000089817
70050000089818
70050000089819
70050000089820
70050000089821
70050000089822
70050000089823
70050000089824
70050000089825
70050000089826
70050000089827
70050000089828
70050000089829
70050000089830
70050000089831
70050000089832
70050000089833
70050000089834
70050000089835
70050000089836
70050000089837
70050000089838
70050000089839
70050000089840
70050000089841
70050000089842
70050000089843
70050000089844
70050000089845
70050000089846
70050000089847
70050000089848
70050000089849
70050000089850
70050000089851
70050000089852
70050000089853
70050000089854
70050000089855
70050000089856
70050000089857
70050000089858
70050000089859
70050000089860
70050000089861
70050000089862
70050000089863
70050000089864
70050000089865
70050000089866
70050000089867
70050000089868
70050000089869
70050000089870
70050000089871
70050000089872
70050000089873
70050000089874
70050000089875
70050000089876
70050000089877
70050000089878
70050000089879
70050000089880
70050000089881
70050000089882
70050000089883
70050000089884
70050000089885
70050000089886
70050000089887
70050000089888
70050000089889
70050000089890
70050000089891
70050000089892
70050000089893
70050000089894
70050000089895
70050000089896
70050000089897
70050000089898
70050000089899
70050000089900
70050000089901
70050000089902
70050000089903
70050000089904
70050000089905
70050000089906
70050000089907
70050000089908
70050000089909
70050000089910
70050000089911
70050000089912
70050000089913
70050000089914
70050000089915
70050000089916
70050000089917
70050000089918
70050000089919
70050000089920
70050000089921
70050000089922
70050000089923
70050000089924
70050000089925
70050000089926
70050000089927
70050000089928
70050000089929
70050000089930
70050000089931
70050000089932
70050000089933
70050000089934
70050000089935
70050000089936
70050000089937
70050000089938
70050000089939
70050000089940
70050000089941
70050000089942
70050000089943
70050000089944
70050000089945
70050000089946
70050000089947
70050000089948
70050000089949
70050000089950
70050000089951
70050000089952
70050000089953
70050000089954
70050000089955
70050000089956
70050000089957
70050000089958
70050000089959
70050000089960
70050000089961
70050000089962
70050000089963
70050000089964
70050000089965
70050000089966
70050000089967
70050000089968
70050000089969
70050000089970
70050000089971
70050000089972
70050000089973
70050000089974
70050000089975
70050000089976
70050000089977
70050000089978
70050000089979
70050000089980
70050000089981
70050000089982
70050000089983
70050000089984
70050000089985
70050000089986
70050000089987
70050000089988
70050000089989
70050000089990
70050000089991
70050000089992
70050000089993
70050000089994
70050000089995
70050000089996
70050000089997
70050000089998
70050000089999
70050000090000
70050000090001
70050000090002
70050000090003
70050000090004
70050000090005
70050000090006
70050000090007
70050000090008
70050000090009
70050000090010
70050000090011
70050000090012
70050000090013
70050000090014
70050000090015
70050000090016
70050000090017
70050000090018
70050000090019
70050000090020
70050000090021
70050000090022
70050000090023
70050000090024
70050000090025
70050000090026
70050000090027
70050000090028
70050000090029
70050000090030
70050000090031
70050000090032
70050000090033
70050000090034
70050000090035
70050000090036
70050000090037
70050000090038
70050000090039
70050000090040
70050000090041
70050000090042
70050000090043
70050000090044
70050000090045
70050000090046
70050000090047
70050000090048
70050000090049
70050000090050
70050000090051
70050000090052
70050000090053
70050000090054
70050000090055
70050000090056
70050000090057
70050000090058
70050000090059
70050000090060
70050000090061
70050000090062
70050000090063
70050000090064
70050000090065
70050000090066
70050000090067
70050000090068
70050000090069
70050000090070
70050000090071
70050000090072
70050000090073
70050000090074
70050000090075
70050000090076
70050000090077
70050000090078
70050000090079
70050000090080
70050000090081
70050000090082
70050000090083
70050000090084
70050000090085
70050000090086
70050000090087
70050000090088
70050000090089
70050000090090
70050000090091
70050000090092
70050000090093
70050000090094
70050000090095
70050000090096
70050000090097
70050000090098
70050000090099
70050000090100
70050000090101
70050000090102
70050000090103
70050000090104
70050000090105
70050000090106
70050000090107
70050000090108
70050000090109
70050000090110
70050000090111
70050000090112
70050000090113
70050000090114
70050000090115
70050000090116
70050000090117
70050000090118
70050000090119
70050000090120
70050000090121
70050000090122
70050000090123
70050000090124
70050000090125
70050000090126
70050000090127
70050000090128
70050000090129
70050000090130
70050000090131
70050000090132
70050000090133
70050000090134
70050000090135
70050000090136
70050000090137
70050000090138
70050000090139
70050000090140
70050000090141
70050000090142
70050000090143
70050000090144
70050000090145
70050000090146
70050000090147
70050000090148
70050000090149
70050000090150
70050000090151
70050000090152
70050000090153
70050000090154
70050000090155
70050000090156
70050000090157
70050000090158
70050000090159
70050000090160
70050000090161
70050000090162
70050000090163
70050000090164
70050000090165
70050000090166
70050000090167
70050000090168
70050000090169
70050000090170
70050000090171
70050000090172
70050000090173
70050000090174
70050000090175
70050000090176
70050000090177
70050000090178
70050000090179
70050000090180
70050000090181
70050000090182
70050000090183
70050000090184
70050000090185
70050000090186
70050000090187
70050000090188
70050000090189
70050000090190
70050000090191
70050000090192
70050000090193
70050000090194
70050000090195
70050000090196
70050000090197
70050000090198
70050000090199
70050000090200
70050000090201
70050000090202
70050000090203
70050000090204
70050000090205
70050000090206
70050000090207
70050000090208
70050000090209
70050000090210
70050000090211
70050000090212
70050000090213
70050000090214
70050000090215
70050000090216
70050000090217
70050000090218
70050000090219
70050000090220
70050000090221
70050000090222
70050000090223
70050000090224
70050000090225
70050000090226
70050000090227
70050000090228
70050000090229
70050000090230
70050000090231
70050000090232
70050000090233
70050000090234
70050000090235
70050000090236
70050000090237
70050000090238
70050000090239
70050000090240
70050000090241
70050000090242
70050000090243
70050000090244
70050000090245
70050000090246
70050000090247
70050000090248
70050000090249
70050000090250
70050000090251
70050000090252
70050000090253
70050000090254
70050000090255
70050000090256
70050000090257
70050000090258
70050000090259
70050000090260
70050000090261
70050000090262
70050000090263
70050000090264
70050000090265
70050000090266
70050000090267
70050000090268
70050000090269
70050000090270
70050000090271
70050000090272
70050000090273
70050000090274
70050000090275
70050000090276
70050000090277
70050000090278
70050000090279
70050000090280
70050000090281
70050000090282
70050000090283
70050000090284
70050000090285
70050000090286
70050000090287
70050000090288
70050000090289
70050000090290
70050000090291
70050000090292
70050000090293
70050000090294
70050000090295
70050000090296
70050000090297
70050000090298
70050000090299
70050000090300
70050000090301
70050000090302
70050000090303
70050000090304
70050000090305
70050000090306
70050000090307
70050000090308
70050000090309
70050000090310
70050000090311
70050000090312
70050000090313
70050000090314
70050000090315
70050000090316
70050000090317
70050000090318
70050000090319
70050000090320
70050000090321
70050000090322
70050000090323
70050000090324
70050000090325
70050000090326
70050000090327
70050000090328
70050000090329
70050000090330
70050000090331
70050000090332
70050000090333
70050000090334
70050000090335
70050000090336
70050000090337
70050000090338
70050000090339
70050000090340
70050000090341
70050000090342
70050000090343
70050000090344
70050000090345
70050000090346
70050000090347
70050000090348
70050000090349
70050000090350
70050000090351
70050000090352
70050000090353
70050000090354
70050000090355
70050000090356
70050000090357
70050000090358
70050000090359
70050000090360
70050000090361
70050000090362
70050000090363
70050000090364
70050000090365
70050000090366
70050000090367
70050000090368
70050000090369
70050000090370
70050000090371
70050000090372
70050000090373
70050000090374
70050000090375
70050000090376
70050000090377
70050000090378
70050000090379
70050000090380
70050000090381
70050000090382
70050000090383
70050000090384
70050000090385
70050000090386
70050000090387
70050000090388
70050000090389
70050000090390
70050000090391
70050000090392
70050000090393
70050000090394
70050000090395
70050000090396
70050000090397
70050000090398
70050000090399
70050000090400
70050000090401
70050000090402
70050000090403
70050000090404
70050000090405
70050000090406
70050000090407
70050000090408
70050000090409
70050000090410
70050000090411
70050000090412
70050000090413
70050000090414
70050000090415
70050000090416
70050000090417
70050000090418
70050000090419
70050000090420
70050000090421
70050000090422
70050000090423
70050000090424
70050000090425
70050000090426
70050000090427
70050000090428
70050000090429
70050000090430
70050000090431
70050000090432
70050000090433
70050000090434
70050000090435
70050000090436
70050000090437
70050000090438
70050000090439
70050000090440
70050000090441
70050000090442
70050000090443
70050000090444
70050000090445
70050000090446
70050000090447
70050000090448
70050000090449
70050000090450
70050000090451
70050000090452
70050000090453
70050000090454
70050000090455
70050000090456
70050000090457
70050000090458
70050000090459
70050000090460
70050000090461
70050000090462
70050000090463
70050000090464
70050000090465
70050000090466
70050000090467
70050000090468
70050000090469
70050000090470
70050000090471
70050000090472
70050000090473
70050000090474
70050000090475
70050000090476
70050000090477
70050000090478
70050000090479
70050000090480
70050000090481
70050000090482
70050000090483
70050000090484
70050000090485
70050000090486
70050000090487
70050000090488
70050000090489
70050000090490
70050000090491
70050000090492
70050000090493
70050000090494
70050000090495
70050000090496
70050000090497
70050000090498
70050000090499
70050000090500
70050000090501
70050000090502
70050000090503
70050000090504
70050000090505
70050000090506
70050000090507
70050000090508
70050000090509
70050000090510
70050000090511
70050000090512
70050000090513
70050000090514
70050000090515
70050000090516
70050000090517
70050000090518
70050000090519
70050000090520
70050000090521
70050000090522
70050000090523
70050000090524
70050000090525
70050000090526
70050000090527
70050000090528
70050000090529
70050000090530
70050000090531
70050000090532
70050000090533
70050000090534
70050000090535
70050000090536
70050000090537
70050000090538
70050000090539
70050000090540
70050000090541
70050000090542
70050000090543
70050000090544
70050000090545
70050000090546
70050000090547
70050000090548
70050000090549
70050000090550
70050000090551
70050000090552
70050000090553
70050000090554
70050000090555
70050000090556
70050000090557
70050000090558
70050000090559
70050000090560
70050000090561
70050000090562
70050000090563
70050000090564
70050000090565
70050000090566
70050000090567
70050000090568
70050000090569
70050000090570
70050000090571
70050000090572
70050000090573
70050000090574
70050000090575
70050000090576
70050000090577
70050000090578
70050000090579
70050000090580
70050000090581
70050000090582
70050000090583
70050000090584
70050000090585
70050000090586
70050000090587
70050000090588
70050000090589
70050000090590
70050000090591
70050000090592
70050000090593
70050000090594
70050000090595
70050000090596
70050000090597
70050000090598
70050000090599
70050000090600
70050000090601
70050000090602
70050000090603
70050000090604
70050000090605
70050000090606
70050000090607
70050000090608
70050000090609
70050000090610
70050000090611
70050000090612
70050000090613
70050000090614
70050000090615
70050000090616
70050000090617
70050000090618
70050000090619
70050000090620
70050000090621
70050000090622
70050000090623
70050000090624
70050000090625
70050000090626
70050000090627
70050000090628
70050000090629
70050000090630
70050000090631
70050000090632
70050000090633
70050000090634
70050000090635
70050000090636
70050000090637
70050000090638
70050000090639
70050000090640
70050000090641
70050000090642
70050000090643
70050000090644
70050000090645
70050000090646
70050000090647
70050000090648
70050000090649
70050000090650
70050000090651
70050000090652
70050000090653
70050000090654
70050000090655
70050000090656
70050000090657
70050000090658
70050000090659
70050000090660
70050000090661
70050000090662
70050000090663
70050000090664
70050000090665
70050000090666
70050000090667
70050000090668
70050000090669
70050000090670
70050000090671
70050000090672
70050000090673
70050000090674
70050000090675
70050000090676
70050000090677
70050000090678
70050000090679
70050000090680
70050000090681
70050000090682
70050000090683
70050000090684
70050000090685
70050000090686
70050000090687
70050000090688
70050000090689
70050000090690
70050000090691
70050000090692
70050000090693
70050000090694
70050000090695
70050000090696
70050000090697
70050000090698
70050000090699
70050000090700
70050000090701
70050000090702
70050000090703
70050000090704
70050000090705
70050000090706
70050000090707
70050000090708
70050000090709
70050000090710
70050000090711
70050000090712
70050000090713
70050000090714
70050000090715
70050000090716
70050000090717
70050000090718
70050000090719
70050000090720
70050000090721
70050000090722
70050000090723
70050000090724
70050000090725
70050000090726
70050000090727
70050000090728
70050000090729
70050000090730
70050000090731
70050000090732
70050000090733
70050000090734
70050000090735
70050000090736
70050000090737
70050000090738
70050000090739
70050000090740
70050000090741
70050000090742
70050000090743
70050000090744
70050000090745
70050000090746
70050000090747
70050000090748
70050000090749
70050000090750
70050000090751
70050000090752
70050000090753
70050000090754
70050000090755
70050000090756
70050000090757
70050000090758
70050000090759
70050000090760
70050000090761
70050000090762
70050000090763
70050000090764
70050000090765
70050000090766
70050000090767
70050000090768
70050000090769
70050000090770
70050000090771
70050000090772
70050000090773
70050000090774
70050000090775
70050000090776
70050000090777
70050000090778
70050000090779
70050000090780
70050000090781
70050000090782
70050000090783
70050000090784
70050000090785
70050000090786
70050000090787
70050000090788
70050000090789
70050000090790
70050000090791
70050000090792
70050000090793
70050000090794
70050000090795
70050000090796
70050000090797
70050000090798
70050000090799
70050000090800
70050000090801
70050000090802
70050000090803
70050000090804
70050000090805
70050000090806
70050000090807
70050000090808
70050000090809
70050000090810
70050000090811
70050000090812
70050000090813
70050000090814
70050000090815
70050000090816
70050000090817
70050000090818
70050000090819
70050000090820
70050000090821
70050000090822
70050000090823
70050000090824
70050000090825
70050000090826
70050000090827
70050000090828
70050000090829
70050000090830
70050000090831
70050000090832
70050000090833
70050000090834
70050000090835
70050000090836
70050000090837
70050000090838
70050000090839
70050000090840
70050000090841
70050000090842
70050000090843
70050000090844
70050000090845
70050000090846
70050000090847
70050000090848
70050000090849
70050000090850
70050000090851
70050000090852
70050000090853
70050000090854
70050000090855
70050000090856
70050000090857
70050000090858
70050000090859
70050000090860
70050000090861
70050000090862
70050000090863
70050000090864
70050000090865
70050000090866
70050000090867
70050000090868
70050000090869
70050000090870
70050000090871
70050000090872
70050000090873
70050000090874
70050000090875
70050000090876
70050000090877
70050000090878
70050000090879
70050000090880
70050000090881
70050000090882
70050000090883
70050000090884
70050000090885
70050000090886
70050000090887
70050000090888
70050000090889
70050000090890
70050000090891
70050000090892
70050000090893
70050000090894
70050000090895
70050000090896
70050000090897
70050000090898
70050000090899
70050000090900
70050000090901
70050000090902
70050000090903
70050000090904
70050000090905
70050000090906
70050000090907
70050000090908
70050000090909
70050000090910
70050000090911
70050000090912
70050000090913
70050000090914
70050000090915
70050000090916
70050000090917
70050000090918
70050000090919
70050000090920
70050000090921
70050000090922
70050000090923
70050000090924
70050000090925
70050000090926
70050000090927
70050000090928
70050000090929
70050000090930
70050000090931
70050000090932
70050000090933
70050000090934
70050000090935
70050000090936
70050000090937
70050000090938
70050000090939
70050000090940
70050000090941
70050000090942
70050000090943
70050000090944
70050000090945
70050000090946
70050000090947
70050000090948
70050000090949
70050000090950
70050000090951
70050000090952
70050000090953
70050000090954
70050000090955
70050000090956
70050000090957
70050000090958
70050000090959
70050000090960
70050000090961
70050000090962
70050000090963
70050000090964
70050000090965
70050000090966
70050000090967
70050000090968
70050000090969
70050000090970
70050000090971
70050000090972
70050000090973
70050000090974
70050000090975
70050000090976
70050000090977
70050000090978
70050000090979
70050000090980
70050000090981
70050000090982
70050000090983
70050000090984
70050000090985
70050000090986
70050000090987
70050000090988
70050000090989
70050000090990
70050000090991
70050000090992
70050000090993
70050000090994
70050000090995
70050000090996
70050000090997
70050000090998
70050000090999
70050000091000
70050000091001
70050000091002
70050000091003
70050000091004
70050000091005
70050000091006
70050000091007
70050000091008
70050000091009
70050000091010
70050000091011
70050000091012
70050000091013
70050000091014
70050000091015
70050000091016
70050000091017
70050000091018
70050000091019
70050000091020
70050000091021
70050000091022
70050000091023
70050000091024
70050000091025
70050000091026
70050000091027
70050000091028
70050000091029
70050000091030
70050000091031
70050000091032
70050000091033
70050000091034
70050000091035
70050000091036
70050000091037
70050000091038
70050000091039
70050000091040
70050000091041
70050000091042
70050000091043
70050000091044
70050000091045
70050000091046
70050000091047
70050000091048
70050000091049
70050000091050
70050000091051
70050000091052
70050000091053
70050000091054
70050000091055
70050000091056
70050000091057
70050000091058
70050000091059
70050000091060
70050000091061
70050000091062
70050000091063
70050000091064
70050000091065
70050000091066
70050000091067
70050000091068
70050000091069
70050000091070
70050000091071
70050000091072
70050000091073
70050000091074
70050000091075
70050000091076
70050000091077
70050000091078
70050000091079
70050000091080
70050000091081
70050000091082
70050000091083
70050000091084
70050000091085
70050000091086
70050000091087
70050000091088
70050000091089
70050000091090
70050000091091
70050000091092
70050000091093
70050000091094
70050000091095
70050000091096
70050000091097
70050000091098
70050000091099
70050000091100
70050000091101
70050000091102
70050000091103
70050000091104
70050000091105
70050000091106
70050000091107
70050000091108
70050000091109
70050000091110
70050000091111
70050000091112
70050000091113
70050000091114
70050000091115
70050000091116
70050000091117
70050000091118
70050000091119
70050000091120
70050000091121
70050000091122
70050000091123
70050000091124
70050000091125
70050000091126
70050000091127
70050000091128
70050000091129
70050000091130
70050000091131
70050000091132
70050000091133
70050000091134
70050000091135
70050000091136
70050000091137
70050000091138
70050000091139
70050000091140
70050000091141
70050000091142
70050000091143
70050000091144
70050000091145
70050000091146
70050000091147
70050000091148
70050000091149
70050000091150
70050000091151
70050000091152
70050000091153
70050000091154
70050000091155
70050000091156
70050000091157
70050000091158
70050000091159
70050000091160
70050000091161
70050000091162
70050000091163
70050000091164
70050000091165
70050000091166
70050000091167
70050000091168
70050000091169
70050000091170
70050000091171
70050000091172
70050000091173
70050000091174
70050000091175
70050000091176
70050000091177
70050000091178
70050000091179
70050000091180
70050000091181
70050000091182
70050000091183
70050000091184
70050000091185
70050000091186
70050000091187
70050000091188
70050000091189
70050000091190
70050000091191
70050000091192
70050000091193
70050000091194
70050000091195
70050000091196
70050000091197
70050000091198
70050000091199
70050000091200
70050000091201
70050000091202
70050000091203
70050000091204
70050000091205
70050000091206
70050000091207
70050000091208
70050000091209
70050000091210
70050000091211
70050000091212
70050000091213
70050000091214
70050000091215
70050000091216
70050000091217
70050000091218
70050000091219
70050000091220
70050000091221
70050000091222
70050000091223
70050000091224
70050000091225
70050000091226
70050000091227
70050000091228
70050000091229
70050000091230
70050000091231
70050000091232
70050000091233
70050000091234
70050000091235
70050000091236
70050000091237
70050000091238
70050000091239
70050000091240
70050000091241
70050000091242
70050000091243
70050000091244
70050000091245
70050000091246
70050000091247
70050000091248
70050000091249
70050000091250
70050000091251
70050000091252
70050000091253
70050000091254
70050000091255
70050000091256
70050000091257
70050000091258
70050000091259
70050000091260
70050000091261
70050000091262
70050000091263
70050000091264
70050000091265
70050000091266
70050000091267
70050000091268
70050000091269
70050000091270
70050000091271
70050000091272
70050000091273
70050000091274
70050000091275
70050000091276
70050000091277
70050000091278
70050000091279
70050000091280
70050000091281
70050000091282
70050000091283
70050000091284
70050000091285
70050000091286
70050000091287
70050000091288
70050000091289
70050000091290
70050000091291
70050000091292
70050000091293
70050000091294
70050000091295
70050000091296
70050000091297
70050000091298
70050000091299
70050000091300
70050000091301
70050000091302
70050000091303
70050000091304
70050000091305
70050000091306
70050000091307
70050000091308
70050000091309
70050000091310
70050000091311
70050000091312
70050000091313
70050000091314
70050000091315
70050000091316
70050000091317
70050000091318
70050000091319
70050000091320
70050000091321
70050000091322
70050000091323
70050000091324
70050000091325
70050000091326
70050000091327
70050000091328
70050000091329
70050000091330
70050000091331
70050000091332
70050000091333
70050000091334
70050000091335
70050000091336
70050000091337
70050000091338
70050000091339
70050000091340
70050000091341
70050000091342
70050000091343
70050000091344
70050000091345
70050000091346
70050000091347
70050000091348
70050000091349
70050000091350
70050000091351
70050000091352
70050000091353
70050000091354
70050000091355
70050000091356
70050000091357
70050000091358
70050000091359
70050000091360
70050000091361
70050000091362
70050000091363
70050000091364
70050000091365
70050000091366
70050000091367
70050000091368
70050000091369
70050000091370
70050000091371
70050000091372
70050000091373
70050000091374
70050000091375
70050000091376
70050000091377
70050000091378
70050000091379
70050000091380
70050000091381
70050000091382
70050000091383
70050000091384
70050000091385
70050000091386
70050000091387
70050000091388
70050000091389
70050000091390
70050000091391
70050000091392
70050000091393
70050000091394
70050000091395
70050000091396
70050000091397
70050000091398
70050000091399
70050000091400
70050000091401
70050000091402
70050000091403
70050000091404
70050000091405
70050000091406
70050000091407
70050000091408
70050000091409
70050000091410
70050000091411
70050000091412
70050000091413
70050000091414
70050000091415
70050000091416
70050000091417
70050000091418
70050000091419
70050000091420
70050000091421
70050000091422
70050000091423
70050000091424
70050000091425
70050000091426
70050000091427
70050000091428
70050000091429
70050000091430
70050000091431
70050000091432
70050000091433
70050000091434
70050000091435
70050000091436
70050000091437
70050000091438
70050000091439
70050000091440
70050000091441
70050000091442
70050000091443
70050000091444
70050000091445
70050000091446
70050000091447
70050000091448
70050000091449
70050000091450
70050000091451
70050000091452
70050000091453
70050000091454
70050000091455
70050000091456
70050000091457
70050000091458
70050000091459
70050000091460
70050000091461
70050000091462
70050000091463
70050000091464
70050000091465
70050000091466
70050000091467
70050000091468
70050000091469
70050000091470
70050000091471
70050000091472
70050000091473
70050000091474
70050000091475
70050000091476
70050000091477
70050000091478
70050000091479
70050000091480
70050000091481
70050000091482
70050000091483
70050000091484
70050000091485
70050000091486
70050000091487
70050000091488
70050000091489
70050000091490
70050000091491
70050000091492
70050000091493
70050000091494
70050000091495
70050000091496
70050000091497
70050000091498
70050000091499
70050000091500
70050000091501
70050000091502
70050000091503
70050000091504
70050000091505
70050000091506
70050000091507
70050000091508
70050000091509
70050000091510
70050000091511
70050000091512
70050000091513
70050000091514
70050000091515
70050000091516
70050000091517
70050000091518
70050000091519
70050000091520
70050000091521
70050000091522
70050000091523
70050000091524
70050000091525
70050000091526
70050000091527
70050000091528
70050000091529
70050000091530
70050000091531
70050000091532
70050000091533
70050000091534
70050000091535
70050000091536
70050000091537
70050000091538
70050000091539
70050000091540
70050000091541
70050000091542
70050000091543
70050000091544
70050000091545
70050000091546
70050000091547
70050000091548
70050000091549
70050000091550
70050000091551
70050000091552
70050000091553
70050000091554
70050000091555
70050000091556
70050000091557
70050000091558
70050000091559
70050000091560
70050000091561
70050000091562
70050000091563
70050000091564
70050000091565
70050000091566
70050000091567
70050000091568
70050000091569
70050000091570
70050000091571
70050000091572
70050000091573
70050000091574
70050000091575
70050000091576
70050000091577
70050000091578
70050000091579
70050000091580
70050000091581
70050000091582
70050000091583
70050000091584
70050000091585
70050000091586
70050000091587
70050000091588
70050000091589
70050000091590
70050000091591
70050000091592
70050000091593
70050000091594
70050000091595
70050000091596
70050000091597
70050000091598
70050000091599
70050000091600
70050000091601
70050000091602
70050000091603
70050000091604
70050000091605
70050000091606
70050000091607
70050000091608
70050000091609
70050000091610
70050000091611
70050000091612
70050000091613
70050000091614
70050000091615
70050000091616
70050000091617
70050000091618
70050000091619
70050000091620
70050000091621
70050000091622
70050000091623
70050000091624
70050000091625
70050000091626
70050000091627
70050000091628
70050000091629
70050000091630
70050000091631
70050000091632
70050000091633
70050000091634
70050000091635
70050000091636
70050000091637
70050000091638
70050000091639
70050000091640
70050000091641
70050000091642
70050000091643
70050000091644
70050000091645
70050000091646
70050000091647
70050000091648
70050000091649
70050000091650
70050000091651
70050000091652
70050000091653
70050000091654
70050000091655
70050000091656
70050000091657
70050000091658
70050000091659
70050000091660
70050000091661
70050000091662
70050000091663
70050000091664
70050000091665
70050000091666
70050000091667
70050000091668
70050000091669
70050000091670
70050000091671
70050000091672
70050000091673
70050000091674
70050000091675
70050000091676
70050000091677
70050000091678
70050000091679
70050000091680
70050000091681
70050000091682
70050000091683
70050000091684
70050000091685
70050000091686
70050000091687
70050000091688
70050000091689
70050000091690
70050000091691
70050000091692
70050000091693
70050000091694
70050000091695
70050000091696
70050000091697
70050000091698
70050000091699
70050000091700
70050000091701
70050000091702
70050000091703
70050000091704
70050000091705
70050000091706
70050000091707
70050000091708
70050000091709
70050000091710
70050000091711
70050000091712
70050000091713
70050000091714
70050000091715
70050000091716
70050000091717
70050000091718
70050000091719
70050000091720
70050000091721
70050000091722
70050000091723
70050000091724
70050000091725
70050000091726
70050000091727
70050000091728
70050000091729
70050000091730
70050000091731
70050000091732
70050000091733
70050000091734
70050000091735
70050000091736
70050000091737
70050000091738
70050000091739
70050000091740
70050000091741
70050000091742
70050000091743
70050000091744
70050000091745
70050000091746
70050000091747
70050000091748
70050000091749
70050000091750
70050000091751
70050000091752
70050000091753
70050000091754
70050000091755
70050000091756
70050000091757
70050000091758
70050000091759
70050000091760
70050000091761
70050000091762
70050000091763
70050000091764
70050000091765
70050000091766
70050000091767
70050000091768
70050000091769
70050000091770
70050000091771
70050000091772
70050000091773
70050000091774
70050000091775
70050000091776
70050000091777
70050000091778
70050000091779
70050000091780
70050000091781
70050000091782
70050000091783
70050000091784
70050000091785
70050000091786
70050000091787
70050000091788
70050000091789
70050000091790
70050000091791
70050000091792
70050000091793
70050000091794
70050000091795
70050000091796
70050000091797
70050000091798
70050000091799
70050000091800
70050000091801
70050000091802
70050000091803
70050000091804
70050000091805
70050000091806
70050000091807
70050000091808
70050000091809
70050000091810
70050000091811
70050000091812
70050000091813
70050000091814
70050000091815
70050000091816
70050000091817
70050000091818
70050000091819
70050000091820
70050000091821
70050000091822
70050000091823
70050000091824
70050000091825
70050000091826
70050000091827
70050000091828
70050000091829
70050000091830
70050000091831
70050000091832
70050000091833
70050000091834
70050000091835
70050000091836
70050000091837
70050000091838
70050000091839
70050000091840
70050000091841
70050000091842
70050000091843
70050000091844
70050000091845
70050000091846
70050000091847
70050000091848
70050000091849
70050000091850
70050000091851
70050000091852
70050000091853
70050000091854
70050000091855
70050000091856
70050000091857
70050000091858
70050000091859
70050000091860
70050000091861
70050000091862
70050000091863
70050000091864
70050000091865
70050000091866
70050000091867
70050000091868
70050000091869
70050000091870
70050000091871
70050000091872
70050000091873
70050000091874
70050000091875
70050000091876
70050000091877
70050000091878
70050000091879
70050000091880
70050000091881
70050000091882
70050000091883
70050000091884
70050000091885
70050000091886
70050000091887
70050000091888
70050000091889
70050000091890
70050000091891
70050000091892
70050000091893
70050000091894
70050000091895
70050000091896
70050000091897
70050000091898
70050000091899
70050000091900
70050000091901
70050000091902
70050000091903
70050000091904
70050000091905
70050000091906
70050000091907
70050000091908
70050000091909
70050000091910
70050000091911
70050000091912
70050000091913
70050000091914
70050000091915
70050000091916
70050000091917
70050000091918
70050000091919
70050000091920
70050000091921
70050000091922
70050000091923
70050000091924
70050000091925
70050000091926
70050000091927
70050000091928
70050000091929
70050000091930
70050000091931
70050000091932
70050000091933
70050000091934
70050000091935
70050000091936
70050000091937
70050000091938
70050000091939
70050000091940
70050000091941
70050000091942
70050000091943
70050000091944
70050000091945
70050000091946
70050000091947
70050000091948
70050000091949
70050000091950
70050000091951
70050000091952
70050000091953
70050000091954
70050000091955
70050000091956
70050000091957
70050000091958
70050000091959
70050000091960
70050000091961
70050000091962
70050000091963
70050000091964
70050000091965
70050000091966
70050000091967
70050000091968
70050000091969
70050000091970
70050000091971
70050000091972
70050000091973
70050000091974
70050000091975
70050000091976
70050000091977
70050000091978
70050000091979
70050000091980
70050000091981
70050000091982
70050000091983
70050000091984
70050000091985
70050000091986
70050000091987
70050000091988
70050000091989
70050000091990
70050000091991
70050000091992
70050000091993
70050000091994
70050000091995
70050000091996
70050000091997
70050000091998
70050000091999
70050000092000
70050000092001
70050000092002
70050000092003
70050000092004
70050000092005
70050000092006
70050000092007
70050000092008
70050000092009
70050000092010
70050000092011
70050000092012
70050000092013
70050000092014
70050000092015
70050000092016
70050000092017
70050000092018
70050000092019
70050000092020
70050000092021
70050000092022
70050000092023
70050000092024
70050000092025
70050000092026
70050000092027
70050000092028
70050000092029
70050000092030
70050000092031
70050000092032
70050000092033
70050000092034
70050000092035
70050000092036
70050000092037
70050000092038
70050000092039
70050000092040
70050000092041
70050000092042
70050000092043
70050000092044
70050000092045
70050000092046
70050000092047
70050000092048
70050000092049
70050000092050
70050000092051
70050000092052
70050000092053
70050000092054
70050000092055
70050000092056
70050000092057
70050000092058
70050000092059
70050000092060
70050000092061
70050000092062
70050000092063
70050000092064
70050000092065
70050000092066
70050000092067
70050000092068
70050000092069
70050000092070
70050000092071
70050000092072
70050000092073
70050000092074
70050000092075
70050000092076
70050000092077
70050000092078
70050000092079
70050000092080
70050000092081
70050000092082
70050000092083
70050000092084
70050000092085
70050000092086
70050000092087
70050000092088
70050000092089
70050000092090
70050000092091
70050000092092
70050000092093
70050000092094
70050000092095
70050000092096
70050000092097
70050000092098
70050000092099
70050000092100
70050000092101
70050000092102
70050000092103
70050000092104
70050000092105
70050000092106
70050000092107
70050000092108
70050000092109
70050000092110
70050000092111
70050000092112
70050000092113
70050000092114
70050000092115
70050000092116
70050000092117
70050000092118
70050000092119
70050000092120
70050000092121
70050000092122
70050000092123
70050000092124
70050000092125
70050000092126
70050000092127
70050000092128
70050000092129
70050000092130
70050000092131
70050000092132
70050000092133
70050000092134
70050000092135
70050000092136
70050000092137
70050000092138
70050000092139
70050000092140
70050000092141
70050000092142
70050000092143
70050000092144
70050000092145
70050000092146
70050000092147
70050000092148
70050000092149
70050000092150
70050000092151
70050000092152
70050000092153
70050000092154
70050000092155
70050000092156
70050000092157
70050000092158
70050000092159
70050000092160
70050000092161
70050000092162
70050000092163
70050000092164
70050000092165
70050000092166
70050000092167
70050000092168
70050000092169
70050000092170
70050000092171
70050000092172
70050000092173
70050000092174
70050000092175
70050000092176
70050000092177
70050000092178
70050000092179
70050000092180
70050000092181
70050000092182
70050000092183
70050000092184
70050000092185
70050000092186
70050000092187
70050000092188
70050000092189
70050000092190
70050000092191
70050000092192
70050000092193
70050000092194
70050000092195
70050000092196
70050000092197
70050000092198
70050000092199
70050000092200
70050000092201
70050000092202
70050000092203
70050000092204
70050000092205
70050000092206
70050000092207
70050000092208
70050000092209
70050000092210
70050000092211
70050000092212
70050000092213
70050000092214
70050000092215
70050000092216
70050000092217
70050000092218
70050000092219
70050000092220
70050000092221
70050000092222
70050000092223
70050000092224
70050000092225
70050000092226
70050000092227
70050000092228
70050000092229
70050000092230
70050000092231
70050000092232
70050000092233
70050000092234
70050000092235
70050000092236
70050000092237
70050000092238
70050000092239
70050000092240
70050000092241
70050000092242
70050000092243
70050000092244
70050000092245
70050000092246
70050000092247
70050000092248
70050000092249
70050000092250
70050000092251
70050000092252
70050000092253
70050000092254
70050000092255
70050000092256
70050000092257
70050000092258
70050000092259
70050000092260
70050000092261
70050000092262
70050000092263
70050000092264
70050000092265
70050000092266
70050000092267
70050000092268
70050000092269
70050000092270
70050000092271
70050000092272
70050000092273
70050000092274
70050000092275
70050000092276
70050000092277
70050000092278
70050000092279
70050000092280
70050000092281
70050000092282
70050000092283
70050000092284
70050000092285
70050000092286
70050000092287
70050000092288
70050000092289
70050000092290
70050000092291
70050000092292
70050000092293
70050000092294
70050000092295
70050000092296
70050000092297
70050000092298
70050000092299
70050000092300
70050000092301
70050000092302
70050000092303
70050000092304
70050000092305
70050000092306
70050000092307
70050000092308
70050000092309
70050000092310
70050000092311
70050000092312
70050000092313
70050000092314
70050000092315
70050000092316
70050000092317
70050000092318
70050000092319
70050000092320
70050000092321
70050000092322
70050000092323
70050000092324
70050000092325
70050000092326
70050000092327
70050000092328
70050000092329
70050000092330
70050000092331
70050000092332
70050000092333
70050000092334
70050000092335
70050000092336
70050000092337
70050000092338
70050000092339
70050000092340
70050000092341
70050000092342
70050000092343
70050000092344
70050000092345
70050000092346
70050000092347
70050000092348
70050000092349
70050000092350
70050000092351
70050000092352
70050000092353
70050000092354
70050000092355
70050000092356
70050000092357
70050000092358
70050000092359
70050000092360
70050000092361
70050000092362
70050000092363
70050000092364
70050000092365
70050000092366
70050000092367
70050000092368
70050000092369
70050000092370
70050000092371
70050000092372
70050000092373
70050000092374
70050000092375
70050000092376
70050000092377
70050000092378
70050000092379
70050000092380
70050000092381
70050000092382
70050000092383
70050000092384
70050000092385
70050000092386
70050000092387
70050000092388
70050000092389
70050000092390
70050000092391
70050000092392
70050000092393
70050000092394
70050000092395
70050000092396
70050000092397
70050000092398
70050000092399
70050000092400
70050000092401
70050000092402
70050000092403
70050000092404
70050000092405
70050000092406
70050000092407
70050000092408
70050000092409
70050000092410
70050000092411
70050000092412
70050000092413
70050000092414
70050000092415
70050000092416
70050000092417
70050000092418
70050000092419
70050000092420
70050000092421
70050000092422
70050000092423
70050000092424
70050000092425
70050000092426
70050000092427
70050000092428
70050000092429
70050000092430
70050000092431
70050000092432
70050000092433
70050000092434
70050000092435
70050000092436
70050000092437
70050000092438
70050000092439
70050000092440
70050000092441
70050000092442
70050000092443
70050000092444
70050000092445
70050000092446
70050000092447
70050000092448
70050000092449
70050000092450
70050000092451
70050000092452
70050000092453
70050000092454
70050000092455
70050000092456
70050000092457
70050000092458
70050000092459
70050000092460
70050000092461
70050000092462
70050000092463
70050000092464
70050000092465
70050000092466
70050000092467
70050000092468
70050000092469
70050000092470
70050000092471
70050000092472
70050000092473
70050000092474
70050000092475
70050000092476
70050000092477
70050000092478
70050000092479
70050000092480
70050000092481
70050000092482
70050000092483
70050000092484
70050000092485
70050000092486
70050000092487
70050000092488
70050000092489
70050000092490
70050000092491
70050000092492
70050000092493
70050000092494
70050000092495
70050000092496
70050000092497
70050000092498
70050000092499
70050000092500
70050000092501
70050000092502
70050000092503
70050000092504
70050000092505
70050000092506
70050000092507
70050000092508
70050000092509
70050000092510
70050000092511
70050000092512
70050000092513
70050000092514
70050000092515
70050000092516
70050000092517
70050000092518
70050000092519
70050000092520
70050000092521
70050000092522
70050000092523
70050000092524
70050000092525
70050000092526
70050000092527
70050000092528
70050000092529
70050000092530
70050000092531
70050000092532
70050000092533
70050000092534
70050000092535
70050000092536
70050000092537
70050000092538
70050000092539
70050000092540
70050000092541
70050000092542
70050000092543
70050000092544
70050000092545
70050000092546
70050000092547
70050000092548
70050000092549
70050000092550
70050000092551
70050000092552
70050000092553
70050000092554
70050000092555
70050000092556
70050000092557
70050000092558
70050000092559
70050000092560
70050000092561
70050000092562
70050000092563
70050000092564
70050000092565
70050000092566
70050000092567
70050000092568
70050000092569
70050000092570
70050000092571
70050000092572
70050000092573
70050000092574
70050000092575
70050000092576
70050000092577
70050000092578
70050000092579
70050000092580
70050000092581
70050000092582
70050000092583
70050000092584
70050000092585
70050000092586
70050000092587
70050000092588
70050000092589
70050000092590
70050000092591
70050000092592
70050000092593
70050000092594
70050000092595
70050000092596
70050000092597
70050000092598
70050000092599
70050000092600
70050000092601
70050000092602
70050000092603
70050000092604
70050000092605
70050000092606
70050000092607
70050000092608
70050000092609
70050000092610
70050000092611
70050000092612
70050000092613
70050000092614
70050000092615
70050000092616
70050000092617
70050000092618
70050000092619
70050000092620
70050000092621
70050000092622
70050000092623
70050000092624
70050000092625
70050000092626
70050000092627
70050000092628
70050000092629
70050000092630
70050000092631
70050000092632
70050000092633
70050000092634
70050000092635
70050000092636
70050000092637
70050000092638
70050000092639
70050000092640
70050000092641
70050000092642
70050000092643
70050000092644
70050000092645
70050000092646
70050000092647
70050000092648
70050000092649
70050000092650
70050000092651
70050000092652
70050000092653
70050000092654
70050000092655
70050000092656
70050000092657
70050000092658
70050000092659
70050000092660
70050000092661
70050000092662
70050000092663
70050000092664
70050000092665
70050000092666
70050000092667
70050000092668
70050000092669
70050000092670
70050000092671
70050000092672
70050000092673
70050000092674
70050000092675
70050000092676
70050000092677
70050000092678
70050000092679
70050000092680
70050000092681
70050000092682
70050000092683
70050000092684
70050000092685
70050000092686
70050000092687
70050000092688
70050000092689
70050000092690
70050000092691
70050000092692
70050000092693
70050000092694
70050000092695
70050000092696
70050000092697
70050000092698
70050000092699
70050000092700
70050000092701
70050000092702
70050000092703
70050000092704
70050000092705
70050000092706
70050000092707
70050000092708
70050000092709
70050000092710
70050000092711
70050000092712
70050000092713
70050000092714
70050000092715
70050000092716
70050000092717
70050000092718
70050000092719
70050000092720
70050000092721
70050000092722
70050000092723
70050000092724
70050000092725
70050000092726
70050000092727
70050000092728
70050000092729
70050000092730
70050000092731
70050000092732
70050000092733
70050000092734
70050000092735
70050000092736
70050000092737
70050000092738
70050000092739
70050000092740
70050000092741
70050000092742
70050000092743
70050000092744
70050000092745
70050000092746
70050000092747
70050000092748
70050000092749
70050000092750
70050000092751
70050000092752
70050000092753
70050000092754
70050000092755
70050000092756
70050000092757
70050000092758
70050000092759
70050000092760
70050000092761
70050000092762
70050000092763
70050000092764
70050000092765
70050000092766
70050000092767
70050000092768
70050000092769
70050000092770
70050000092771
70050000092772
70050000092773
70050000092774
70050000092775
70050000092776
70050000092777
70050000092778
70050000092779
70050000092780
70050000092781
70050000092782
70050000092783
70050000092784
70050000092785
70050000092786
70050000092787
70050000092788
70050000092789
70050000092790
70050000092791
70050000092792
70050000092793
70050000092794
70050000092795
70050000092796
70050000092797
70050000092798
70050000092799
70050000092800
70050000092801
70050000092802
70050000092803
70050000092804
70050000092805
70050000092806
70050000092807
70050000092808
70050000092809
70050000092810
70050000092811
70050000092812
70050000092813
70050000092814
70050000092815
70050000092816
70050000092817
70050000092818
70050000092819
70050000092820
70050000092821
70050000092822
70050000092823
70050000092824
70050000092825
70050000092826
70050000092827
70050000092828
70050000092829
70050000092830
70050000092831
70050000092832
70050000092833
70050000092834
70050000092835
70050000092836
70050000092837
70050000092838
70050000092839
70050000092840
70050000092841
70050000092842
70050000092843
70050000092844
70050000092845
70050000092846
70050000092847
70050000092848
70050000092849
70050000092850
70050000092851
70050000092852
70050000092853
70050000092854
70050000092855
70050000092856
70050000092857
70050000092858
70050000092859
70050000092860
70050000092861
70050000092862
70050000092863
70050000092864
70050000092865
70050000092866
70050000092867
70050000092868
70050000092869
70050000092870
70050000092871
70050000092872
70050000092873
70050000092874
70050000092875
70050000092876
70050000092877
70050000092878
70050000092879
70050000092880
70050000092881
70050000092882
70050000092883
70050000092884
70050000092885
70050000092886
70050000092887
70050000092888
70050000092889
70050000092890
70050000092891
70050000092892
70050000092893
70050000092894
70050000092895
70050000092896
70050000092897
70050000092898
70050000092899
70050000092900
70050000092901
70050000092902
70050000092903
70050000092904
70050000092905
70050000092906
70050000092907
70050000092908
70050000092909
70050000092910
70050000092911
70050000092912
70050000092913
70050000092914
70050000092915
70050000092916
70050000092917
70050000092918
70050000092919
70050000092920
70050000092921
70050000092922
70050000092923
70050000092924
70050000092925
70050000092926
70050000092927
70050000092928
70050000092929
70050000092930
70050000092931
70050000092932
70050000092933
70050000092934
70050000092935
70050000092936
70050000092937
70050000092938
70050000092939
70050000092940
70050000092941
70050000092942
70050000092943
70050000092944
70050000092945
70050000092946
70050000092947
70050000092948
70050000092949
70050000092950
70050000092951
70050000092952
70050000092953
70050000092954
70050000092955
70050000092956
70050000092957
70050000092958
70050000092959
70050000092960
70050000092961
70050000092962
70050000092963
70050000092964
70050000092965
70050000092966
70050000092967
70050000092968
70050000092969
70050000092970
70050000092971
70050000092972
70050000092973
70050000092974
70050000092975
70050000092976
70050000092977
70050000092978
70050000092979
70050000092980
70050000092981
70050000092982
70050000092983
70050000092984
70050000092985
70050000092986
70050000092987
70050000092988
70050000092989
70050000092990
70050000092991
70050000092992
70050000092993
70050000092994
70050000092995
70050000092996
70050000092997
70050000092998
70050000092999
70050000093000
70050000093001
70050000093002
70050000093003
70050000093004
70050000093005
70050000093006
70050000093007
70050000093008
70050000093009
70050000093010
70050000093011
70050000093012
70050000093013
70050000093014
70050000093015
70050000093016
70050000093017
70050000093018
70050000093019
70050000093020
70050000093021
70050000093022
70050000093023
70050000093024
70050000093025
70050000093026
70050000093027
70050000093028
70050000093029
70050000093030
70050000093031
70050000093032
70050000093033
70050000093034
70050000093035
70050000093036
70050000093037
70050000093038
70050000093039
70050000093040
70050000093041
70050000093042
70050000093043
70050000093044
70050000093045
70050000093046
70050000093047
70050000093048
70050000093049
70050000093050
70050000093051
70050000093052
70050000093053
70050000093054
70050000093055
70050000093056
70050000093057
70050000093058
70050000093059
70050000093060
70050000093061
70050000093062
70050000093063
70050000093064
70050000093065
70050000093066
70050000093067
70050000093068
70050000093069
70050000093070
70050000093071
70050000093072
70050000093073
70050000093074
70050000093075
70050000093076
70050000093077
70050000093078
70050000093079
70050000093080
70050000093081
70050000093082
70050000093083
70050000093084
70050000093085
70050000093086
70050000093087
70050000093088
70050000093089
70050000093090
70050000093091
70050000093092
70050000093093
70050000093094
70050000093095
70050000093096
70050000093097
70050000093098
70050000093099
70050000093100
70050000093101
70050000093102
70050000093103
70050000093104
70050000093105
70050000093106
70050000093107
70050000093108
70050000093109
70050000093110
70050000093111
70050000093112
70050000093113
70050000093114
70050000093115
70050000093116
70050000093117
70050000093118
70050000093119
70050000093120
70050000093121
70050000093122
70050000093123
70050000093124
70050000093125
70050000093126
70050000093127
70050000093128
70050000093129
70050000093130
70050000093131
70050000093132
70050000093133
70050000093134
70050000093135
70050000093136
70050000093137
70050000093138
70050000093139
70050000093140
70050000093141
70050000093142
70050000093143
70050000093144
70050000093145
70050000093146
70050000093147
70050000093148
70050000093149
70050000093150
70050000093151
70050000093152
70050000093153
70050000093154
70050000093155
70050000093156
70050000093157
70050000093158
70050000093159
70050000093160
70050000093161
70050000093162
70050000093163
70050000093164
70050000093165
70050000093166
70050000093167
70050000093168
70050000093169
70050000093170
70050000093171
70050000093172
70050000093173
70050000093174
70050000093175
70050000093176
70050000093177
70050000093178
70050000093179
70050000093180
70050000093181
70050000093182
70050000093183
70050000093184
70050000093185
70050000093186
70050000093187
70050000093188
70050000093189
70050000093190
70050000093191
70050000093192
70050000093193
70050000093194
70050000093195
70050000093196
70050000093197
70050000093198
70050000093199
70050000093200
70050000093201
70050000093202
70050000093203
70050000093204
70050000093205
70050000093206
70050000093207
70050000093208
70050000093209
70050000093210
70050000093211
70050000093212
70050000093213
70050000093214
70050000093215
70050000093216
70050000093217
70050000093218
70050000093219
70050000093220
70050000093221
70050000093222
70050000093223
70050000093224
70050000093225
70050000093226
70050000093227
70050000093228
70050000093229
70050000093230
70050000093231
70050000093232
70050000093233
70050000093234
70050000093235
70050000093236
70050000093237
70050000093238
70050000093239
70050000093240
70050000093241
70050000093242
70050000093243
70050000093244
70050000093245
70050000093246
70050000093247
70050000093248
70050000093249
70050000093250
70050000093251
70050000093252
70050000093253
70050000093254
70050000093255
70050000093256
70050000093257
70050000093258
70050000093259
70050000093260
70050000093261
70050000093262
70050000093263
70050000093264
70050000093265
70050000093266
70050000093267
70050000093268
70050000093269
70050000093270
70050000093271
70050000093272
70050000093273
70050000093274
70050000093275
70050000093276
70050000093277
70050000093278
70050000093279
70050000093280
70050000093281
70050000093282
70050000093283
70050000093284
70050000093285
70050000093286
70050000093287
70050000093288
70050000093289
70050000093290
70050000093291
70050000093292
70050000093293
70050000093294
70050000093295
70050000093296
70050000093297
70050000093298
70050000093299
70050000093300
70050000093301
70050000093302
70050000093303
70050000093304
70050000093305
70050000093306
70050000093307
70050000093308
70050000093309
70050000093310
70050000093311
70050000093312
70050000093313
70050000093314
70050000093315
70050000093316
70050000093317
70050000093318
70050000093319
70050000093320
70050000093321
70050000093322
70050000093323
70050000093324
70050000093325
70050000093326
70050000093327
70050000093328
70050000093329
70050000093330
70050000093331
70050000093332
70050000093333
70050000093334
70050000093335
70050000093336
70050000093337
70050000093338
70050000093339
70050000093340
70050000093341
70050000093342
70050000093343
70050000093344
70050000093345
70050000093346
70050000093347
70050000093348
70050000093349
70050000093350
70050000093351
70050000093352
70050000093353
70050000093354
70050000093355
70050000093356
70050000093357
70050000093358
70050000093359
70050000093360
70050000093361
70050000093362
70050000093363
70050000093364
70050000093365
70050000093366
70050000093367
70050000093368
70050000093369
70050000093370
70050000093371
70050000093372
70050000093373
70050000093374
70050000093375
70050000093376
70050000093377
70050000093378
70050000093379
70050000093380
70050000093381
70050000093382
70050000093383
70050000093384
70050000093385
70050000093386
70050000093387
70050000093388
70050000093389
70050000093390
70050000093391
70050000093392
70050000093393
70050000093394
70050000093395
70050000093396
70050000093397
70050000093398
70050000093399
70050000093400
70050000093401
70050000093402
70050000093403
70050000093404
70050000093405
70050000093406
70050000093407
70050000093408
70050000093409
70050000093410
70050000093411
70050000093412
70050000093413
70050000093414
70050000093415
70050000093416
70050000093417
70050000093418
70050000093419
70050000093420
70050000093421
70050000093422
70050000093423
70050000093424
70050000093425
70050000093426
70050000093427
70050000093428
70050000093429
70050000093430
70050000093431
70050000093432
70050000093433
70050000093434
70050000093435
70050000093436
70050000093437
70050000093438
70050000093439
70050000093440
70050000093441
70050000093442
70050000093443
70050000093444
70050000093445
70050000093446
70050000093447
70050000093448
70050000093449
70050000093450
70050000093451
70050000093452
70050000093453
70050000093454
70050000093455
70050000093456
70050000093457
70050000093458
70050000093459
70050000093460
70050000093461
70050000093462
70050000093463
70050000093464
70050000093465
70050000093466
70050000093467
70050000093468
70050000093469
70050000093470
70050000093471
70050000093472
70050000093473
70050000093474
70050000093475
70050000093476
70050000093477
70050000093478
70050000093479
70050000093480
70050000093481
70050000093482
70050000093483
70050000093484
70050000093485
70050000093486
70050000093487
70050000093488
70050000093489
70050000093490
70050000093491
70050000093492
70050000093493
70050000093494
70050000093495
70050000093496
70050000093497
70050000093498
70050000093499
70050000093500
70050000093501
70050000093502
70050000093503
70050000093504
70050000093505
70050000093506
70050000093507
70050000093508
70050000093509
70050000093510
70050000093511
70050000093512
70050000093513
70050000093514
70050000093515
70050000093516
70050000093517
70050000093518
70050000093519
70050000093520
70050000093521
70050000093522
70050000093523
70050000093524
70050000093525
70050000093526
70050000093527
70050000093528
70050000093529
70050000093530
70050000093531
70050000093532
70050000093533
70050000093534
70050000093535
70050000093536
70050000093537
70050000093538
70050000093539
70050000093540
70050000093541
70050000093542
70050000093543
70050000093544
70050000093545
70050000093546
70050000093547
70050000093548
70050000093549
70050000093550
70050000093551
70050000093552
70050000093553
70050000093554
70050000093555
70050000093556
70050000093557
70050000093558
70050000093559
70050000093560
70050000093561
70050000093562
70050000093563
70050000093564
70050000093565
70050000093566
70050000093567
70050000093568
70050000093569
70050000093570
70050000093571
70050000093572
70050000093573
70050000093574
70050000093575
70050000093576
70050000093577
70050000093578
70050000093579
70050000093580
70050000093581
70050000093582
70050000093583
70050000093584
70050000093585
70050000093586
70050000093587
70050000093588
70050000093589
70050000093590
70050000093591
70050000093592
70050000093593
70050000093594
70050000093595
70050000093596
70050000093597
70050000093598
70050000093599
70050000093600
70050000093601
70050000093602
70050000093603
70050000093604
70050000093605
70050000093606
70050000093607
70050000093608
70050000093609
70050000093610
70050000093611
70050000093612
70050000093613
70050000093614
70050000093615
70050000093616
70050000093617
70050000093618
70050000093619
70050000093620
70050000093621
70050000093622
70050000093623
70050000093624
70050000093625
70050000093626
70050000093627
70050000093628
70050000093629
70050000093630
70050000093631
70050000093632
70050000093633
70050000093634
70050000093635
70050000093636
70050000093637
70050000093638
70050000093639
70050000093640
70050000093641
70050000093642
70050000093643
70050000093644
70050000093645
70050000093646
70050000093647
70050000093648
70050000093649
70050000093650
70050000093651
70050000093652
70050000093653
70050000093654
70050000093655
70050000093656
70050000093657
70050000093658
70050000093659
70050000093660
70050000093661
70050000093662
70050000093663
70050000093664
70050000093665
70050000093666
70050000093667
70050000093668
70050000093669
70050000093670
70050000093671
70050000093672
70050000093673
70050000093674
70050000093675
70050000093676
70050000093677
70050000093678
70050000093679
70050000093680
70050000093681
70050000093682
70050000093683
70050000093684
70050000093685
70050000093686
70050000093687
70050000093688
70050000093689
70050000093690
70050000093691
70050000093692
70050000093693
70050000093694
70050000093695
70050000093696
70050000093697
70050000093698
70050000093699
70050000093700
70050000093701
70050000093702
70050000093703
70050000093704
70050000093705
70050000093706
70050000093707
70050000093708
70050000093709
70050000093710
70050000093711
70050000093712
70050000093713
70050000093714
70050000093715
70050000093716
70050000093717
70050000093718
70050000093719
70050000093720
70050000093721
70050000093722
70050000093723
70050000093724
70050000093725
70050000093726
70050000093727
70050000093728
70050000093729
70050000093730
70050000093731
70050000093732
70050000093733
70050000093734
70050000093735
70050000093736
70050000093737
70050000093738
70050000093739
70050000093740
70050000093741
70050000093742
70050000093743
70050000093744
70050000093745
70050000093746
70050000093747
70050000093748
70050000093749
70050000093750
70050000093751
70050000093752
70050000093753
70050000093754
70050000093755
70050000093756
70050000093757
70050000093758
70050000093759
70050000093760
70050000093761
70050000093762
70050000093763
70050000093764
70050000093765
70050000093766
70050000093767
70050000093768
70050000093769
70050000093770
70050000093771
70050000093772
70050000093773
70050000093774
70050000093775
70050000093776
70050000093777
70050000093778
70050000093779
70050000093780
70050000093781
70050000093782
70050000093783
70050000093784
70050000093785
70050000093786
70050000093787
70050000093788
70050000093789
70050000093790
70050000093791
70050000093792
70050000093793
70050000093794
70050000093795
70050000093796
70050000093797
70050000093798
70050000093799
70050000093800
70050000093801
70050000093802
70050000093803
70050000093804
70050000093805
70050000093806
70050000093807
70050000093808
70050000093809
70050000093810
70050000093811
70050000093812
70050000093813
70050000093814
70050000093815
70050000093816
70050000093817
70050000093818
70050000093819
70050000093820
70050000093821
70050000093822
70050000093823
70050000093824
70050000093825
70050000093826
70050000093827
70050000093828
70050000093829
70050000093830
70050000093831
70050000093832
70050000093833
70050000093834
70050000093835
70050000093836
70050000093837
70050000093838
70050000093839
70050000093840
70050000093841
70050000093842
70050000093843
70050000093844
70050000093845
70050000093846
70050000093847
70050000093848
70050000093849
70050000093850
70050000093851
70050000093852
70050000093853
70050000093854
70050000093855
70050000093856
70050000093857
70050000093858
70050000093859
70050000093860
70050000093861
70050000093862
70050000093863
70050000093864
70050000093865
70050000093866
70050000093867
70050000093868
70050000093869
70050000093870
70050000093871
70050000093872
70050000093873
70050000093874
70050000093875
70050000093876
70050000093877
70050000093878
70050000093879
70050000093880
70050000093881
70050000093882
70050000093883
70050000093884
70050000093885
70050000093886
70050000093887
70050000093888
70050000093889
70050000093890
70050000093891
70050000093892
70050000093893
70050000093894
70050000093895
70050000093896
70050000093897
70050000093898
70050000093899
70050000093900
70050000093901
70050000093902
70050000093903
70050000093904
70050000093905
70050000093906
70050000093907
70050000093908
70050000093909
70050000093910
70050000093911
70050000093912
70050000093913
70050000093914
70050000093915
70050000093916
70050000093917
70050000093918
70050000093919
70050000093920
70050000093921
70050000093922
70050000093923
70050000093924
70050000093925
70050000093926
70050000093927
70050000093928
70050000093929
70050000093930
70050000093931
70050000093932
70050000093933
70050000093934
70050000093935
70050000093936
70050000093937
70050000093938
70050000093939
70050000093940
70050000093941
70050000093942
70050000093943
70050000093944
70050000093945
70050000093946
70050000093947
70050000093948
70050000093949
70050000093950
70050000093951
70050000093952
70050000093953
70050000093954
70050000093955
70050000093956
70050000093957
70050000093958
70050000093959
70050000093960
70050000093961
70050000093962
70050000093963
70050000093964
70050000093965
70050000093966
70050000093967
70050000093968
70050000093969
70050000093970
70050000093971
70050000093972
70050000093973
70050000093974
70050000093975
70050000093976
70050000093977
70050000093978
70050000093979
70050000093980
70050000093981
70050000093982
70050000093983
70050000093984
70050000093985
70050000093986
70050000093987
70050000093988
70050000093989
70050000093990
70050000093991
70050000093992
70050000093993
70050000093994
70050000093995
70050000093996
70050000093997
70050000093998
70050000093999
70050000094000
70050000094001
70050000094002
70050000094003
70050000094004
70050000094005
70050000094006
70050000094007
70050000094008
70050000094009
70050000094010
70050000094011
70050000094012
70050000094013
70050000094014
70050000094015
70050000094016
70050000094017
70050000094018
70050000094019
70050000094020
70050000094021
70050000094022
70050000094023
70050000094024
70050000094025
70050000094026
70050000094027
70050000094028
70050000094029
70050000094030
70050000094031
70050000094032
70050000094033
70050000094034
70050000094035
70050000094036
70050000094037
70050000094038
70050000094039
70050000094040
70050000094041
70050000094042
70050000094043
70050000094044
70050000094045
70050000094046
70050000094047
70050000094048
70050000094049
70050000094050
70050000094051
70050000094052
70050000094053
70050000094054
70050000094055
70050000094056
70050000094057
70050000094058
70050000094059
70050000094060
70050000094061
70050000094062
70050000094063
70050000094064
70050000094065
70050000094066
70050000094067
70050000094068
70050000094069
70050000094070
70050000094071
70050000094072
70050000094073
70050000094074
70050000094075
70050000094076
70050000094077
70050000094078
70050000094079
70050000094080
70050000094081
70050000094082
70050000094083
70050000094084
70050000094085
70050000094086
70050000094087
70050000094088
70050000094089
70050000094090
70050000094091
70050000094092
70050000094093
70050000094094
70050000094095
70050000094096
70050000094097
70050000094098
70050000094099
70050000094100
70050000094101
70050000094102
70050000094103
70050000094104
70050000094105
70050000094106
70050000094107
70050000094108
70050000094109
70050000094110
70050000094111
70050000094112
70050000094113
70050000094114
70050000094115
70050000094116
70050000094117
70050000094118
70050000094119
70050000094120
70050000094121
70050000094122
70050000094123
70050000094124
70050000094125
70050000094126
70050000094127
70050000094128
70050000094129
70050000094130
70050000094131
70050000094132
70050000094133
70050000094134
70050000094135
70050000094136
70050000094137
70050000094138
70050000094139
70050000094140
70050000094141
70050000094142
70050000094143
70050000094144
70050000094145
70050000094146
70050000094147
70050000094148
70050000094149
70050000094150
70050000094151
70050000094152
70050000094153
70050000094154
70050000094155
70050000094156
70050000094157
70050000094158
70050000094159
70050000094160
70050000094161
70050000094162
70050000094163
70050000094164
70050000094165
70050000094166
70050000094167
70050000094168
70050000094169
70050000094170
70050000094171
70050000094172
70050000094173
70050000094174
70050000094175
70050000094176
70050000094177
70050000094178
70050000094179
70050000094180
70050000094181
70050000094182
70050000094183
70050000094184
70050000094185
70050000094186
70050000094187
70050000094188
70050000094189
70050000094190
70050000094191
70050000094192
70050000094193
70050000094194
70050000094195
70050000094196
70050000094197
70050000094198
70050000094199
70050000094200
70050000094201
70050000094202
70050000094203
70050000094204
70050000094205
70050000094206
70050000094207
70050000094208
70050000094209
70050000094210
70050000094211
70050000094212
70050000094213
70050000094214
70050000094215
70050000094216
70050000094217
70050000094218
70050000094219
70050000094220
70050000094221
70050000094222
70050000094223
70050000094224
70050000094225
70050000094226
70050000094227
70050000094228
70050000094229
70050000094230
70050000094231
70050000094232
70050000094233
70050000094234
70050000094235
70050000094236
70050000094237
70050000094238
70050000094239
70050000094240
70050000094241
70050000094242
70050000094243
70050000094244
70050000094245
70050000094246
70050000094247
70050000094248
70050000094249
70050000094250
70050000094251
70050000094252
70050000094253
70050000094254
70050000094255
70050000094256
70050000094257
70050000094258
70050000094259
70050000094260
70050000094261
70050000094262
70050000094263
70050000094264
70050000094265
70050000094266
70050000094267
70050000094268
70050000094269
70050000094270
70050000094271
70050000094272
70050000094273
70050000094274
70050000094275
70050000094276
70050000094277
70050000094278
70050000094279
70050000094280
70050000094281
70050000094282
70050000094283
70050000094284
70050000094285
70050000094286
70050000094287
70050000094288
70050000094289
70050000094290
70050000094291
70050000094292
70050000094293
70050000094294
70050000094295
70050000094296
70050000094297
70050000094298
70050000094299
70050000094300
70050000094301
70050000094302
70050000094303
70050000094304
70050000094305
70050000094306
70050000094307
70050000094308
70050000094309
70050000094310
70050000094311
70050000094312
70050000094313
70050000094314
70050000094315
70050000094316
70050000094317
70050000094318
70050000094319
70050000094320
70050000094321
70050000094322
70050000094323
70050000094324
70050000094325
70050000094326
70050000094327
70050000094328
70050000094329
70050000094330
70050000094331
70050000094332
70050000094333
70050000094334
70050000094335
70050000094336
70050000094337
70050000094338
70050000094339
70050000094340
70050000094341
70050000094342
70050000094343
70050000094344
70050000094345
70050000094346
70050000094347
70050000094348
70050000094349
70050000094350
70050000094351
70050000094352
70050000094353
70050000094354
70050000094355
70050000094356
70050000094357
70050000094358
70050000094359
70050000094360
70050000094361
70050000094362
70050000094363
70050000094364
70050000094365
70050000094366
70050000094367
70050000094368
70050000094369
70050000094370
70050000094371
70050000094372
70050000094373
70050000094374
70050000094375
70050000094376
70050000094377
70050000094378
70050000094379
70050000094380
70050000094381
70050000094382
70050000094383
70050000094384
70050000094385
70050000094386
70050000094387
70050000094388
70050000094389
70050000094390
70050000094391
70050000094392
70050000094393
70050000094394
70050000094395
70050000094396
70050000094397
70050000094398
70050000094399
70050000094400
70050000094401
70050000094402
70050000094403
70050000094404
70050000094405
70050000094406
70050000094407
70050000094408
70050000094409
70050000094410
70050000094411
70050000094412
70050000094413
70050000094414
70050000094415
70050000094416
70050000094417
70050000094418
70050000094419
70050000094420
70050000094421
70050000094422
70050000094423
70050000094424
70050000094425
70050000094426
70050000094427
70050000094428
70050000094429
70050000094430
70050000094431
70050000094432
70050000094433
70050000094434
70050000094435
70050000094436
70050000094437
70050000094438
70050000094439
70050000094440
70050000094441
70050000094442
70050000094443
70050000094444
70050000094445
70050000094446
70050000094447
70050000094448
70050000094449
70050000094450
70050000094451
70050000094452
70050000094453
70050000094454
70050000094455
70050000094456
70050000094457
70050000094458
70050000094459
70050000094460
70050000094461
70050000094462
70050000094463
70050000094464
70050000094465
70050000094466
70050000094467
70050000094468
70050000094469
70050000094470
70050000094471
70050000094472
70050000094473
70050000094474
70050000094475
70050000094476
70050000094477
70050000094478
70050000094479
70050000094480
70050000094481
70050000094482
70050000094483
70050000094484
70050000094485
70050000094486
70050000094487
70050000094488
70050000094489
70050000094490
70050000094491
70050000094492
70050000094493
70050000094494
70050000094495
70050000094496
70050000094497
70050000094498
70050000094499
70050000094500
70050000094501
70050000094502
70050000094503
70050000094504
70050000094505
70050000094506
70050000094507
70050000094508
70050000094509
70050000094510
70050000094511
70050000094512
70050000094513
70050000094514
70050000094515
70050000094516
70050000094517
70050000094518
70050000094519
70050000094520
70050000094521
70050000094522
70050000094523
70050000094524
70050000094525
70050000094526
70050000094527
70050000094528
70050000094529
70050000094530
70050000094531
70050000094532
70050000094533
70050000094534
70050000094535
70050000094536
70050000094537
70050000094538
70050000094539
70050000094540
70050000094541
70050000094542
70050000094543
70050000094544
70050000094545
70050000094546
70050000094547
70050000094548
70050000094549
70050000094550
70050000094551
70050000094552
70050000094553
70050000094554
70050000094555
70050000094556
70050000094557
70050000094558
70050000094559
70050000094560
70050000094561
70050000094562
70050000094563
70050000094564
70050000094565
70050000094566
70050000094567
70050000094568
70050000094569
70050000094570
70050000094571
70050000094572
70050000094573
70050000094574
70050000094575
70050000094576
70050000094577
70050000094578
70050000094579
70050000094580
70050000094581
70050000094582
70050000094583
70050000094584
70050000094585
70050000094586
70050000094587
70050000094588
70050000094589
70050000094590
70050000094591
70050000094592
70050000094593
70050000094594
70050000094595
70050000094596
70050000094597
70050000094598
70050000094599
70050000094600
70050000094601
70050000094602
70050000094603
70050000094604
70050000094605
70050000094606
70050000094607
70050000094608
70050000094609
70050000094610
70050000094611
70050000094612
70050000094613
70050000094614
70050000094615
70050000094616
70050000094617
70050000094618
70050000094619
70050000094620
70050000094621
70050000094622
70050000094623
70050000094624
70050000094625
70050000094626
70050000094627
70050000094628
70050000094629
70050000094630
70050000094631
70050000094632
70050000094633
70050000094634
70050000094635
70050000094636
70050000094637
70050000094638
70050000094639
70050000094640
70050000094641
70050000094642
70050000094643
70050000094644
70050000094645
70050000094646
70050000094647
70050000094648
70050000094649
70050000094650
70050000094651
70050000094652
70050000094653
70050000094654
70050000094655
70050000094656
70050000094657
70050000094658
70050000094659
70050000094660
70050000094661
70050000094662
70050000094663
70050000094664
70050000094665
70050000094666
70050000094667
70050000094668
70050000094669
70050000094670
70050000094671
70050000094672
70050000094673
70050000094674
70050000094675
70050000094676
70050000094677
70050000094678
70050000094679
70050000094680
70050000094681
70050000094682
70050000094683
70050000094684
70050000094685
70050000094686
70050000094687
70050000094688
70050000094689
70050000094690
70050000094691
70050000094692
70050000094693
70050000094694
70050000094695
70050000094696
70050000094697
70050000094698
70050000094699
70050000094700
70050000094701
70050000094702
70050000094703
70050000094704
70050000094705
70050000094706
70050000094707
70050000094708
70050000094709
70050000094710
70050000094711
70050000094712
70050000094713
70050000094714
70050000094715
70050000094716
70050000094717
70050000094718
70050000094719
70050000094720
70050000094721
70050000094722
70050000094723
70050000094724
70050000094725
70050000094726
70050000094727
70050000094728
70050000094729
70050000094730
70050000094731
70050000094732
70050000094733
70050000094734
70050000094735
70050000094736
70050000094737
70050000094738
70050000094739
70050000094740
70050000094741
70050000094742
70050000094743
70050000094744
70050000094745
70050000094746
70050000094747
70050000094748
70050000094749
70050000094750
70050000094751
70050000094752
70050000094753
70050000094754
70050000094755
70050000094756
70050000094757
70050000094758
70050000094759
70050000094760
70050000094761
70050000094762
70050000094763
70050000094764
70050000094765
70050000094766
70050000094767
70050000094768
70050000094769
70050000094770
70050000094771
70050000094772
70050000094773
70050000094774
70050000094775
70050000094776
70050000094777
70050000094778
70050000094779
70050000094780
70050000094781
70050000094782
70050000094783
70050000094784
70050000094785
70050000094786
70050000094787
70050000094788
70050000094789
70050000094790
70050000094791
70050000094792
70050000094793
70050000094794
70050000094795
70050000094796
70050000094797
70050000094798
70050000094799
70050000094800
70050000094801
70050000094802
70050000094803
70050000094804
70050000094805
70050000094806
70050000094807
70050000094808
70050000094809
70050000094810
70050000094811
70050000094812
70050000094813
70050000094814
70050000094815
70050000094816
70050000094817
70050000094818
70050000094819
70050000094820
70050000094821
70050000094822
70050000094823
70050000094824
70050000094825
70050000094826
70050000094827
70050000094828
70050000094829
70050000094830
70050000094831
70050000094832
70050000094833
70050000094834
70050000094835
70050000094836
70050000094837
70050000094838
70050000094839
70050000094840
70050000094841
70050000094842
70050000094843
70050000094844
70050000094845
70050000094846
70050000094847
70050000094848
70050000094849
70050000094850
70050000094851
70050000094852
70050000094853
70050000094854
70050000094855
70050000094856
70050000094857
70050000094858
70050000094859
70050000094860
70050000094861
70050000094862
70050000094863
70050000094864
70050000094865
70050000094866
70050000094867
70050000094868
70050000094869
70050000094870
70050000094871
70050000094872
70050000094873
70050000094874
70050000094875
70050000094876
70050000094877
70050000094878
70050000094879
70050000094880
70050000094881
70050000094882
70050000094883
70050000094884
70050000094885
70050000094886
70050000094887
70050000094888
70050000094889
70050000094890
70050000094891
70050000094892
70050000094893
70050000094894
70050000094895
70050000094896
70050000094897
70050000094898
70050000094899
70050000094900
70050000094901
70050000094902
70050000094903
70050000094904
70050000094905
70050000094906
70050000094907
70050000094908
70050000094909
70050000094910
70050000094911
70050000094912
70050000094913
70050000094914
70050000094915
70050000094916
70050000094917
70050000094918
70050000094919
70050000094920
70050000094921
70050000094922
70050000094923
70050000094924
70050000094925
70050000094926
70050000094927
70050000094928
70050000094929
70050000094930
70050000094931
70050000094932
70050000094933
70050000094934
70050000094935
70050000094936
70050000094937
70050000094938
70050000094939
70050000094940
70050000094941
70050000094942
70050000094943
70050000094944
70050000094945
70050000094946
70050000094947
70050000094948
70050000094949
70050000094950
70050000094951
70050000094952
70050000094953
70050000094954
70050000094955
70050000094956
70050000094957
70050000094958
70050000094959
70050000094960
70050000094961
70050000094962
70050000094963
70050000094964
70050000094965
70050000094966
70050000094967
70050000094968
70050000094969
70050000094970
70050000094971
70050000094972
70050000094973
70050000094974
70050000094975
70050000094976
70050000094977
70050000094978
70050000094979
70050000094980
70050000094981
70050000094982
70050000094983
70050000094984
70050000094985
70050000094986
70050000094987
70050000094988
70050000094989
70050000094990
70050000094991
70050000094992
70050000094993
70050000094994
70050000094995
70050000094996
70050000094997
70050000094998
70050000094999
70050000095000
70050000095001
70050000095002
70050000095003
70050000095004
70050000095005
70050000095006
70050000095007
70050000095008
70050000095009
70050000095010
70050000095011
70050000095012
70050000095013
70050000095014
70050000095015
70050000095016
70050000095017
70050000095018
70050000095019
70050000095020
70050000095021
70050000095022
70050000095023
70050000095024
70050000095025
70050000095026
70050000095027
70050000095028
70050000095029
70050000095030
70050000095031
70050000095032
70050000095033
70050000095034
70050000095035
70050000095036
70050000095037
70050000095038
70050000095039
70050000095040
70050000095041
70050000095042
70050000095043
70050000095044
70050000095045
70050000095046
70050000095047
70050000095048
70050000095049
70050000095050
70050000095051
70050000095052
70050000095053
70050000095054
70050000095055
70050000095056
70050000095057
70050000095058
70050000095059
70050000095060
70050000095061
70050000095062
70050000095063
70050000095064
70050000095065
70050000095066
70050000095067
70050000095068
70050000095069
70050000095070
70050000095071
70050000095072
70050000095073
70050000095074
70050000095075
70050000095076
70050000095077
70050000095078
70050000095079
70050000095080
70050000095081
70050000095082
70050000095083
70050000095084
70050000095085
70050000095086
70050000095087
70050000095088
70050000095089
70050000095090
70050000095091
70050000095092
70050000095093
70050000095094
70050000095095
70050000095096
70050000095097
70050000095098
70050000095099
70050000095100
70050000095101
70050000095102
70050000095103
70050000095104
70050000095105
70050000095106
70050000095107
70050000095108
70050000095109
70050000095110
70050000095111
70050000095112
70050000095113
70050000095114
70050000095115
70050000095116
70050000095117
70050000095118
70050000095119
70050000095120
70050000095121
70050000095122
70050000095123
70050000095124
70050000095125
70050000095126
70050000095127
70050000095128
70050000095129
70050000095130
70050000095131
70050000095132
70050000095133
70050000095134
70050000095135
70050000095136
70050000095137
70050000095138
70050000095139
70050000095140
70050000095141
70050000095142
70050000095143
70050000095144
70050000095145
70050000095146
70050000095147
70050000095148
70050000095149
70050000095150
70050000095151
70050000095152
70050000095153
70050000095154
70050000095155
70050000095156
70050000095157
70050000095158
70050000095159
70050000095160
70050000095161
70050000095162
70050000095163
70050000095164
70050000095165
70050000095166
70050000095167
70050000095168
70050000095169
70050000095170
70050000095171
70050000095172
70050000095173
70050000095174
70050000095175
70050000095176
70050000095177
70050000095178
70050000095179
70050000095180
70050000095181
70050000095182
70050000095183
70050000095184
70050000095185
70050000095186
70050000095187
70050000095188
70050000095189
70050000095190
70050000095191
70050000095192
70050000095193
70050000095194
70050000095195
70050000095196
70050000095197
70050000095198
70050000095199
70050000095200
70050000095201
70050000095202
70050000095203
70050000095204
70050000095205
70050000095206
70050000095207
70050000095208
70050000095209
70050000095210
70050000095211
70050000095212
70050000095213
70050000095214
70050000095215
70050000095216
70050000095217
70050000095218
70050000095219
70050000095220
70050000095221
70050000095222
70050000095223
70050000095224
70050000095225
70050000095226
70050000095227
70050000095228
70050000095229
70050000095230
70050000095231
70050000095232
70050000095233
70050000095234
70050000095235
70050000095236
70050000095237
70050000095238
70050000095239
70050000095240
70050000095241
70050000095242
70050000095243
70050000095244
70050000095245
70050000095246
70050000095247
70050000095248
70050000095249
70050000095250
70050000095251
70050000095252
70050000095253
70050000095254
70050000095255
70050000095256
70050000095257
70050000095258
70050000095259
70050000095260
70050000095261
70050000095262
70050000095263
70050000095264
70050000095265
70050000095266
70050000095267
70050000095268
70050000095269
70050000095270
70050000095271
70050000095272
70050000095273
70050000095274
70050000095275
70050000095276
70050000095277
70050000095278
70050000095279
70050000095280
70050000095281
70050000095282
70050000095283
70050000095284
70050000095285
70050000095286
70050000095287
70050000095288
70050000095289
70050000095290
70050000095291
70050000095292
70050000095293
70050000095294
70050000095295
70050000095296
70050000095297
70050000095298
70050000095299
70050000095300
70050000095301
70050000095302
70050000095303
70050000095304
70050000095305
70050000095306
70050000095307
70050000095308
70050000095309
70050000095310
70050000095311
70050000095312
70050000095313
70050000095314
70050000095315
70050000095316
70050000095317
70050000095318
70050000095319
70050000095320
70050000095321
70050000095322
70050000095323
70050000095324
70050000095325
70050000095326
70050000095327
70050000095328
70050000095329
70050000095330
70050000095331
70050000095332
70050000095333
70050000095334
70050000095335
70050000095336
70050000095337
70050000095338
70050000095339
70050000095340
70050000095341
70050000095342
70050000095343
70050000095344
70050000095345
70050000095346
70050000095347
70050000095348
70050000095349
70050000095350
70050000095351
70050000095352
70050000095353
70050000095354
70050000095355
70050000095356
70050000095357
70050000095358
70050000095359
70050000095360
70050000095361
70050000095362
70050000095363
70050000095364
70050000095365
70050000095366
70050000095367
70050000095368
70050000095369
70050000095370
70050000095371
70050000095372
70050000095373
70050000095374
70050000095375
70050000095376
70050000095377
70050000095378
70050000095379
70050000095380
70050000095381
70050000095382
70050000095383
70050000095384
70050000095385
70050000095386
70050000095387
70050000095388
70050000095389
70050000095390
70050000095391
70050000095392
70050000095393
70050000095394
70050000095395
70050000095396
70050000095397
70050000095398
70050000095399
70050000095400
70050000095401
70050000095402
70050000095403
70050000095404
70050000095405
70050000095406
70050000095407
70050000095408
70050000095409
70050000095410
70050000095411
70050000095412
70050000095413
70050000095414
70050000095415
70050000095416
70050000095417
70050000095418
70050000095419
70050000095420
70050000095421
70050000095422
70050000095423
70050000095424
70050000095425
70050000095426
70050000095427
70050000095428
70050000095429
70050000095430
70050000095431
70050000095432
70050000095433
70050000095434
70050000095435
70050000095436
70050000095437
70050000095438
70050000095439
70050000095440
70050000095441
70050000095442
70050000095443
70050000095444
70050000095445
70050000095446
70050000095447
70050000095448
70050000095449
70050000095450
70050000095451
70050000095452
70050000095453
70050000095454
70050000095455
70050000095456
70050000095457
70050000095458
70050000095459
70050000095460
70050000095461
70050000095462
70050000095463
70050000095464
70050000095465
70050000095466
70050000095467
70050000095468
70050000095469
70050000095470
70050000095471
70050000095472
70050000095473
70050000095474
70050000095475
70050000095476
70050000095477
70050000095478
70050000095479
70050000095480
70050000095481
70050000095482
70050000095483
70050000095484
70050000095485
70050000095486
70050000095487
70050000095488
70050000095489
70050000095490
70050000095491
70050000095492
70050000095493
70050000095494
70050000095495
70050000095496
70050000095497
70050000095498
70050000095499
70050000095500
70050000095501
70050000095502
70050000095503
70050000095504
70050000095505
70050000095506
70050000095507
70050000095508
70050000095509
70050000095510
70050000095511
70050000095512
70050000095513
70050000095514
70050000095515
70050000095516
70050000095517
70050000095518
70050000095519
70050000095520
70050000095521
70050000095522
70050000095523
70050000095524
70050000095525
70050000095526
70050000095527
70050000095528
70050000095529
70050000095530
70050000095531
70050000095532
70050000095533
70050000095534
70050000095535
70050000095536
70050000095537
70050000095538
70050000095539
70050000095540
70050000095541
70050000095542
70050000095543
70050000095544
70050000095545
70050000095546
70050000095547
70050000095548
70050000095549
70050000095550
70050000095551
70050000095552
70050000095553
70050000095554
70050000095555
70050000095556
70050000095557
70050000095558
70050000095559
70050000095560
70050000095561
70050000095562
70050000095563
70050000095564
70050000095565
70050000095566
70050000095567
70050000095568
70050000095569
70050000095570
70050000095571
70050000095572
70050000095573
70050000095574
70050000095575
70050000095576
70050000095577
70050000095578
70050000095579
70050000095580
70050000095581
70050000095582
70050000095583
70050000095584
70050000095585
70050000095586
70050000095587
70050000095588
70050000095589
70050000095590
70050000095591
70050000095592
70050000095593
70050000095594
70050000095595
70050000095596
70050000095597
70050000095598
70050000095599
70050000095600
70050000095601
70050000095602
70050000095603
70050000095604
70050000095605
70050000095606
70050000095607
70050000095608
70050000095609
70050000095610
70050000095611
70050000095612
70050000095613
70050000095614
70050000095615
70050000095616
70050000095617
70050000095618
70050000095619
70050000095620
70050000095621
70050000095622
70050000095623
70050000095624
70050000095625
70050000095626
70050000095627
70050000095628
70050000095629
70050000095630
70050000095631
70050000095632
70050000095633
70050000095634
70050000095635
70050000095636
70050000095637
70050000095638
70050000095639
70050000095640
70050000095641
70050000095642
70050000095643
70050000095644
70050000095645
70050000095646
70050000095647
70050000095648
70050000095649
70050000095650
70050000095651
70050000095652
70050000095653
70050000095654
70050000095655
70050000095656
70050000095657
70050000095658
70050000095659
70050000095660
70050000095661
70050000095662
70050000095663
70050000095664
70050000095665
70050000095666
70050000095667
70050000095668
70050000095669
70050000095670
70050000095671
70050000095672
70050000095673
70050000095674
70050000095675
70050000095676
70050000095677
70050000095678
70050000095679
70050000095680
70050000095681
70050000095682
70050000095683
70050000095684
70050000095685
70050000095686
70050000095687
70050000095688
70050000095689
70050000095690
70050000095691
70050000095692
70050000095693
70050000095694
70050000095695
70050000095696
70050000095697
70050000095698
70050000095699
70050000095700
70050000095701
70050000095702
70050000095703
70050000095704
70050000095705
70050000095706
70050000095707
70050000095708
70050000095709
70050000095710
70050000095711
70050000095712
70050000095713
70050000095714
70050000095715
70050000095716
70050000095717
70050000095718
70050000095719
70050000095720
70050000095721
70050000095722
70050000095723
70050000095724
70050000095725
70050000095726
70050000095727
70050000095728
70050000095729
70050000095730
70050000095731
70050000095732
70050000095733
70050000095734
70050000095735
70050000095736
70050000095737
70050000095738
70050000095739
70050000095740
70050000095741
70050000095742
70050000095743
70050000095744
70050000095745
70050000095746
70050000095747
70050000095748
70050000095749
70050000095750
70050000095751
70050000095752
70050000095753
70050000095754
70050000095755
70050000095756
70050000095757
70050000095758
70050000095759
70050000095760
70050000095761
70050000095762
70050000095763
70050000095764
70050000095765
70050000095766
70050000095767
70050000095768
70050000095769
70050000095770
70050000095771
70050000095772
70050000095773
70050000095774
70050000095775
70050000095776
70050000095777
70050000095778
70050000095779
70050000095780
70050000095781
70050000095782
70050000095783
70050000095784
70050000095785
70050000095786
70050000095787
70050000095788
70050000095789
70050000095790
70050000095791
70050000095792
70050000095793
70050000095794
70050000095795
70050000095796
70050000095797
70050000095798
70050000095799
70050000095800
70050000095801
70050000095802
70050000095803
70050000095804
70050000095805
70050000095806
70050000095807
70050000095808
70050000095809
70050000095810
70050000095811
70050000095812
70050000095813
70050000095814
70050000095815
70050000095816
70050000095817
70050000095818
70050000095819
70050000095820
70050000095821
70050000095822
70050000095823
70050000095824
70050000095825
70050000095826
70050000095827
70050000095828
70050000095829
70050000095830
70050000095831
70050000095832
70050000095833
70050000095834
70050000095835
70050000095836
70050000095837
70050000095838
70050000095839
70050000095840
70050000095841
70050000095842
70050000095843
70050000095844
70050000095845
70050000095846
70050000095847
70050000095848
70050000095849
70050000095850
70050000095851
70050000095852
70050000095853
70050000095854
70050000095855
70050000095856
70050000095857
70050000095858
70050000095859
70050000095860
70050000095861
70050000095862
70050000095863
70050000095864
70050000095865
70050000095866
70050000095867
70050000095868
70050000095869
70050000095870
70050000095871
70050000095872
70050000095873
70050000095874
70050000095875
70050000095876
70050000095877
70050000095878
70050000095879
70050000095880
70050000095881
70050000095882
70050000095883
70050000095884
70050000095885
70050000095886
70050000095887
70050000095888
70050000095889
70050000095890
70050000095891
70050000095892
70050000095893
70050000095894
70050000095895
70050000095896
70050000095897
70050000095898
70050000095899
70050000095900
70050000095901
70050000095902
70050000095903
70050000095904
70050000095905
70050000095906
70050000095907
70050000095908
70050000095909
70050000095910
70050000095911
70050000095912
70050000095913
70050000095914
70050000095915
70050000095916
70050000095917
70050000095918
70050000095919
70050000095920
70050000095921
70050000095922
70050000095923
70050000095924
70050000095925
70050000095926
70050000095927
70050000095928
70050000095929
70050000095930
70050000095931
70050000095932
70050000095933
70050000095934
70050000095935
70050000095936
70050000095937
70050000095938
70050000095939
70050000095940
70050000095941
70050000095942
70050000095943
70050000095944
70050000095945
70050000095946
70050000095947
70050000095948
70050000095949
70050000095950
70050000095951
70050000095952
70050000095953
70050000095954
70050000095955
70050000095956
70050000095957
70050000095958
70050000095959
70050000095960
70050000095961
70050000095962
70050000095963
70050000095964
70050000095965
70050000095966
70050000095967
70050000095968
70050000095969
70050000095970
70050000095971
70050000095972
70050000095973
70050000095974
70050000095975
70050000095976
70050000095977
70050000095978
70050000095979
70050000095980
70050000095981
70050000095982
70050000095983
70050000095984
70050000095985
70050000095986
70050000095987
70050000095988
70050000095989
70050000095990
70050000095991
70050000095992
70050000095993
70050000095994
70050000095995
70050000095996
70050000095997
70050000095998
70050000095999
70050000096000
70050000096001
70050000096002
70050000096003
70050000096004
70050000096005
70050000096006
70050000096007
70050000096008
70050000096009
70050000096010
70050000096011
70050000096012
70050000096013
70050000096014
70050000096015
70050000096016
70050000096017
70050000096018
70050000096019
70050000096020
70050000096021
70050000096022
70050000096023
70050000096024
70050000096025
70050000096026
70050000096027
70050000096028
70050000096029
70050000096030
70050000096031
70050000096032
70050000096033
70050000096034
70050000096035
70050000096036
70050000096037
70050000096038
70050000096039
70050000096040
70050000096041
70050000096042
70050000096043
70050000096044
70050000096045
70050000096046
70050000096047
70050000096048
70050000096049
70050000096050
70050000096051
70050000096052
70050000096053
70050000096054
70050000096055
70050000096056
70050000096057
70050000096058
70050000096059
70050000096060
70050000096061
70050000096062
70050000096063
70050000096064
70050000096065
70050000096066
70050000096067
70050000096068
70050000096069
70050000096070
70050000096071
70050000096072
70050000096073
70050000096074
70050000096075
70050000096076
70050000096077
70050000096078
70050000096079
70050000096080
70050000096081
70050000096082
70050000096083
70050000096084
70050000096085
70050000096086
70050000096087
70050000096088
70050000096089
70050000096090
70050000096091
70050000096092
70050000096093
70050000096094
70050000096095
70050000096096
70050000096097
70050000096098
70050000096099
70050000096100
70050000096101
70050000096102
70050000096103
70050000096104
70050000096105
70050000096106
70050000096107
70050000096108
70050000096109
70050000096110
70050000096111
70050000096112
70050000096113
70050000096114
70050000096115
70050000096116
70050000096117
70050000096118
70050000096119
70050000096120
70050000096121
70050000096122
70050000096123
70050000096124
70050000096125
70050000096126
70050000096127
70050000096128
70050000096129
70050000096130
70050000096131
70050000096132
70050000096133
70050000096134
70050000096135
70050000096136
70050000096137
70050000096138
70050000096139
70050000096140
70050000096141
70050000096142
70050000096143
70050000096144
70050000096145
70050000096146
70050000096147
70050000096148
70050000096149
70050000096150
70050000096151
70050000096152
70050000096153
70050000096154
70050000096155
70050000096156
70050000096157
70050000096158
70050000096159
70050000096160
70050000096161
70050000096162
70050000096163
70050000096164
70050000096165
70050000096166
70050000096167
70050000096168
70050000096169
70050000096170
70050000096171
70050000096172
70050000096173
70050000096174
70050000096175
70050000096176
70050000096177
70050000096178
70050000096179
70050000096180
70050000096181
70050000096182
70050000096183
70050000096184
70050000096185
70050000096186
70050000096187
70050000096188
70050000096189
70050000096190
70050000096191
70050000096192
70050000096193
70050000096194
70050000096195
70050000096196
70050000096197
70050000096198
70050000096199
70050000096200
70050000096201
70050000096202
70050000096203
70050000096204
70050000096205
70050000096206
70050000096207
70050000096208
70050000096209
70050000096210
70050000096211
70050000096212
70050000096213
70050000096214
70050000096215
70050000096216
70050000096217
70050000096218
70050000096219
70050000096220
70050000096221
70050000096222
70050000096223
70050000096224
70050000096225
70050000096226
70050000096227
70050000096228
70050000096229
70050000096230
70050000096231
70050000096232
70050000096233
70050000096234
70050000096235
70050000096236
70050000096237
70050000096238
70050000096239
70050000096240
70050000096241
70050000096242
70050000096243
70050000096244
70050000096245
70050000096246
70050000096247
70050000096248
70050000096249
70050000096250
70050000096251
70050000096252
70050000096253
70050000096254
70050000096255
70050000096256
70050000096257
70050000096258
70050000096259
70050000096260
70050000096261
70050000096262
70050000096263
70050000096264
70050000096265
70050000096266
70050000096267
70050000096268
70050000096269
70050000096270
70050000096271
70050000096272
70050000096273
70050000096274
70050000096275
70050000096276
70050000096277
70050000096278
70050000096279
70050000096280
70050000096281
70050000096282
70050000096283
70050000096284
70050000096285
70050000096286
70050000096287
70050000096288
70050000096289
70050000096290
70050000096291
70050000096292
70050000096293
70050000096294
70050000096295
70050000096296
70050000096297
70050000096298
70050000096299
70050000096300
70050000096301
70050000096302
70050000096303
70050000096304
70050000096305
70050000096306
70050000096307
70050000096308
70050000096309
70050000096310
70050000096311
70050000096312
70050000096313
70050000096314
70050000096315
70050000096316
70050000096317
70050000096318
70050000096319
70050000096320
70050000096321
70050000096322
70050000096323
70050000096324
70050000096325
70050000096326
70050000096327
70050000096328
70050000096329
70050000096330
70050000096331
70050000096332
70050000096333
70050000096334
70050000096335
70050000096336
70050000096337
70050000096338
70050000096339
70050000096340
70050000096341
70050000096342
70050000096343
70050000096344
70050000096345
70050000096346
70050000096347
70050000096348
70050000096349
70050000096350
70050000096351
70050000096352
70050000096353
70050000096354
70050000096355
70050000096356
70050000096357
70050000096358
70050000096359
70050000096360
70050000096361
70050000096362
70050000096363
70050000096364
70050000096365
70050000096366
70050000096367
70050000096368
70050000096369
70050000096370
70050000096371
70050000096372
70050000096373
70050000096374
70050000096375
70050000096376
70050000096377
70050000096378
70050000096379
70050000096380
70050000096381
70050000096382
70050000096383
70050000096384
70050000096385
70050000096386
70050000096387
70050000096388
70050000096389
70050000096390
70050000096391
70050000096392
70050000096393
70050000096394
70050000096395
70050000096396
70050000096397
70050000096398
70050000096399
70050000096400
70050000096401
70050000096402
70050000096403
70050000096404
70050000096405
70050000096406
70050000096407
70050000096408
70050000096409
70050000096410
70050000096411
70050000096412
70050000096413
70050000096414
70050000096415
70050000096416
70050000096417
70050000096418
70050000096419
70050000096420
70050000096421
70050000096422
70050000096423
70050000096424
70050000096425
70050000096426
70050000096427
70050000096428
70050000096429
70050000096430
70050000096431
70050000096432
70050000096433
70050000096434
70050000096435
70050000096436
70050000096437
70050000096438
70050000096439
70050000096440
70050000096441
70050000096442
70050000096443
70050000096444
70050000096445
70050000096446
70050000096447
70050000096448
70050000096449
70050000096450
70050000096451
70050000096452
70050000096453
70050000096454
70050000096455
70050000096456
70050000096457
70050000096458
70050000096459
70050000096460
70050000096461
70050000096462
70050000096463
70050000096464
70050000096465
70050000096466
70050000096467
70050000096468
70050000096469
70050000096470
70050000096471
70050000096472
70050000096473
70050000096474
70050000096475
70050000096476
70050000096477
70050000096478
70050000096479
70050000096480
70050000096481
70050000096482
70050000096483
70050000096484
70050000096485
70050000096486
70050000096487
70050000096488
70050000096489
70050000096490
70050000096491
70050000096492
70050000096493
70050000096494
70050000096495
70050000096496
70050000096497
70050000096498
70050000096499
70050000096500
70050000096501
70050000096502
70050000096503
70050000096504
70050000096505
70050000096506
70050000096507
70050000096508
70050000096509
70050000096510
70050000096511
70050000096512
70050000096513
70050000096514
70050000096515
70050000096516
70050000096517
70050000096518
70050000096519
70050000096520
70050000096521
70050000096522
70050000096523
70050000096524
70050000096525
70050000096526
70050000096527
70050000096528
70050000096529
70050000096530
70050000096531
70050000096532
70050000096533
70050000096534
70050000096535
70050000096536
70050000096537
70050000096538
70050000096539
70050000096540
70050000096541
70050000096542
70050000096543
70050000096544
70050000096545
70050000096546
70050000096547
70050000096548
70050000096549
70050000096550
70050000096551
70050000096552
70050000096553
70050000096554
70050000096555
70050000096556
70050000096557
70050000096558
70050000096559
70050000096560
70050000096561
70050000096562
70050000096563
70050000096564
70050000096565
70050000096566
70050000096567
70050000096568
70050000096569
70050000096570
70050000096571
70050000096572
70050000096573
70050000096574
70050000096575
70050000096576
70050000096577
70050000096578
70050000096579
70050000096580
70050000096581
70050000096582
70050000096583
70050000096584
70050000096585
70050000096586
70050000096587
70050000096588
70050000096589
70050000096590
70050000096591
70050000096592
70050000096593
70050000096594
70050000096595
70050000096596
70050000096597
70050000096598
70050000096599
70050000096600
70050000096601
70050000096602
70050000096603
70050000096604
70050000096605
70050000096606
70050000096607
70050000096608
70050000096609
70050000096610
70050000096611
70050000096612
70050000096613
70050000096614
70050000096615
70050000096616
70050000096617
70050000096618
70050000096619
70050000096620
70050000096621
70050000096622
70050000096623
70050000096624
70050000096625
70050000096626
70050000096627
70050000096628
70050000096629
70050000096630
70050000096631
70050000096632
70050000096633
70050000096634
70050000096635
70050000096636
70050000096637
70050000096638
70050000096639
70050000096640
70050000096641
70050000096642
70050000096643
70050000096644
70050000096645
70050000096646
70050000096647
70050000096648
70050000096649
70050000096650
70050000096651
70050000096652
70050000096653
70050000096654
70050000096655
70050000096656
70050000096657
70050000096658
70050000096659
70050000096660
70050000096661
70050000096662
70050000096663
70050000096664
70050000096665
70050000096666
70050000096667
70050000096668
70050000096669
70050000096670
70050000096671
70050000096672
70050000096673
70050000096674
70050000096675
70050000096676
70050000096677
70050000096678
70050000096679
70050000096680
70050000096681
70050000096682
70050000096683
70050000096684
70050000096685
70050000096686
70050000096687
70050000096688
70050000096689
70050000096690
70050000096691
70050000096692
70050000096693
70050000096694
70050000096695
70050000096696
70050000096697
70050000096698
70050000096699
70050000096700
70050000096701
70050000096702
70050000096703
70050000096704
70050000096705
70050000096706
70050000096707
70050000096708
70050000096709
70050000096710
70050000096711
70050000096712
70050000096713
70050000096714
70050000096715
70050000096716
70050000096717
70050000096718
70050000096719
70050000096720
70050000096721
70050000096722
70050000096723
70050000096724
70050000096725
70050000096726
70050000096727
70050000096728
70050000096729
70050000096730
70050000096731
70050000096732
70050000096733
70050000096734
70050000096735
70050000096736
70050000096737
70050000096738
70050000096739
70050000096740
70050000096741
70050000096742
70050000096743
70050000096744
70050000096745
70050000096746
70050000096747
70050000096748
70050000096749
70050000096750
70050000096751
70050000096752
70050000096753
70050000096754
70050000096755
70050000096756
70050000096757
70050000096758
70050000096759
70050000096760
70050000096761
70050000096762
70050000096763
70050000096764
70050000096765
70050000096766
70050000096767
70050000096768
70050000096769
70050000096770
70050000096771
70050000096772
70050000096773
70050000096774
70050000096775
70050000096776
70050000096777
70050000096778
70050000096779
70050000096780
70050000096781
70050000096782
70050000096783
70050000096784
70050000096785
70050000096786
70050000096787
70050000096788
70050000096789
70050000096790
70050000096791
70050000096792
70050000096793
70050000096794
70050000096795
70050000096796
70050000096797
70050000096798
70050000096799
70050000096800
70050000096801
70050000096802
70050000096803
70050000096804
70050000096805
70050000096806
70050000096807
70050000096808
70050000096809
70050000096810
70050000096811
70050000096812
70050000096813
70050000096814
70050000096815
70050000096816
70050000096817
70050000096818
70050000096819
70050000096820
70050000096821
70050000096822
70050000096823
70050000096824
70050000096825
70050000096826
70050000096827
70050000096828
70050000096829
70050000096830
70050000096831
70050000096832
70050000096833
70050000096834
70050000096835
70050000096836
70050000096837
70050000096838
70050000096839
70050000096840
70050000096841
70050000096842
70050000096843
70050000096844
70050000096845
70050000096846
70050000096847
70050000096848
70050000096849
70050000096850
70050000096851
70050000096852
70050000096853
70050000096854
70050000096855
70050000096856
70050000096857
70050000096858
70050000096859
70050000096860
70050000096861
70050000096862
70050000096863
70050000096864
70050000096865
70050000096866
70050000096867
70050000096868
70050000096869
70050000096870
70050000096871
70050000096872
70050000096873
70050000096874
70050000096875
70050000096876
70050000096877
70050000096878
70050000096879
70050000096880
70050000096881
70050000096882
70050000096883
70050000096884
70050000096885
70050000096886
70050000096887
70050000096888
70050000096889
70050000096890
70050000096891
70050000096892
70050000096893
70050000096894
70050000096895
70050000096896
70050000096897
70050000096898
70050000096899
70050000096900
70050000096901
70050000096902
70050000096903
70050000096904
70050000096905
70050000096906
70050000096907
70050000096908
70050000096909
70050000096910
70050000096911
70050000096912
70050000096913
70050000096914
70050000096915
70050000096916
70050000096917
70050000096918
70050000096919
70050000096920
70050000096921
70050000096922
70050000096923
70050000096924
70050000096925
70050000096926
70050000096927
70050000096928
70050000096929
70050000096930
70050000096931
70050000096932
70050000096933
70050000096934
70050000096935
70050000096936
70050000096937
70050000096938
70050000096939
70050000096940
70050000096941
70050000096942
70050000096943
70050000096944
70050000096945
70050000096946
70050000096947
70050000096948
70050000096949
70050000096950
70050000096951
70050000096952
70050000096953
70050000096954
70050000096955
70050000096956
70050000096957
70050000096958
70050000096959
70050000096960
70050000096961
70050000096962
70050000096963
70050000096964
70050000096965
70050000096966
70050000096967
70050000096968
70050000096969
70050000096970
70050000096971
70050000096972
70050000096973
70050000096974
70050000096975
70050000096976
70050000096977
70050000096978
70050000096979
70050000096980
70050000096981
70050000096982
70050000096983
70050000096984
70050000096985
70050000096986
70050000096987
70050000096988
70050000096989
70050000096990
70050000096991
70050000096992
70050000096993
70050000096994
70050000096995
70050000096996
70050000096997
70050000096998
70050000096999
70050000097000
70050000097001
70050000097002
70050000097003
70050000097004
70050000097005
70050000097006
70050000097007
70050000097008
70050000097009
70050000097010
70050000097011
70050000097012
70050000097013
70050000097014
70050000097015
70050000097016
70050000097017
70050000097018
70050000097019
70050000097020
70050000097021
70050000097022
70050000097023
70050000097024
70050000097025
70050000097026
70050000097027
70050000097028
70050000097029
70050000097030
70050000097031
70050000097032
70050000097033
70050000097034
70050000097035
70050000097036
70050000097037
70050000097038
70050000097039
70050000097040
70050000097041
70050000097042
70050000097043
70050000097044
70050000097045
70050000097046
70050000097047
70050000097048
70050000097049
70050000097050
70050000097051
70050000097052
70050000097053
70050000097054
70050000097055
70050000097056
70050000097057
70050000097058
70050000097059
70050000097060
70050000097061
70050000097062
70050000097063
70050000097064
70050000097065
70050000097066
70050000097067
70050000097068
70050000097069
70050000097070
70050000097071
70050000097072
70050000097073
70050000097074
70050000097075
70050000097076
70050000097077
70050000097078
70050000097079
70050000097080
70050000097081
70050000097082
70050000097083
70050000097084
70050000097085
70050000097086
70050000097087
70050000097088
70050000097089
70050000097090
70050000097091
70050000097092
70050000097093
70050000097094
70050000097095
70050000097096
70050000097097
70050000097098
70050000097099
70050000097100
70050000097101
70050000097102
70050000097103
70050000097104
70050000097105
70050000097106
70050000097107
70050000097108
70050000097109
70050000097110
70050000097111
70050000097112
70050000097113
70050000097114
70050000097115
70050000097116
70050000097117
70050000097118
70050000097119
70050000097120
70050000097121
70050000097122
70050000097123
70050000097124
70050000097125
70050000097126
70050000097127
70050000097128
70050000097129
70050000097130
70050000097131
70050000097132
70050000097133
70050000097134
70050000097135
70050000097136
70050000097137
70050000097138
70050000097139
70050000097140
70050000097141
70050000097142
70050000097143
70050000097144
70050000097145
70050000097146
70050000097147
70050000097148
70050000097149
70050000097150
70050000097151
70050000097152
70050000097153
70050000097154
70050000097155
70050000097156
70050000097157
70050000097158
70050000097159
70050000097160
70050000097161
70050000097162
70050000097163
70050000097164
70050000097165
70050000097166
70050000097167
70050000097168
70050000097169
70050000097170
70050000097171
70050000097172
70050000097173
70050000097174
70050000097175
70050000097176
70050000097177
70050000097178
70050000097179
70050000097180
70050000097181
70050000097182
70050000097183
70050000097184
70050000097185
70050000097186
70050000097187
70050000097188
70050000097189
70050000097190
70050000097191
70050000097192
70050000097193
70050000097194
70050000097195
70050000097196
70050000097197
70050000097198
70050000097199
70050000097200
70050000097201
70050000097202
70050000097203
70050000097204
70050000097205
70050000097206
70050000097207
70050000097208
70050000097209
70050000097210
70050000097211
70050000097212
70050000097213
70050000097214
70050000097215
70050000097216
70050000097217
70050000097218
70050000097219
70050000097220
70050000097221
70050000097222
70050000097223
70050000097224
70050000097225
70050000097226
70050000097227
70050000097228
70050000097229
70050000097230
70050000097231
70050000097232
70050000097233
70050000097234
70050000097235
70050000097236
70050000097237
70050000097238
70050000097239
70050000097240
70050000097241
70050000097242
70050000097243
70050000097244
70050000097245
70050000097246
70050000097247
70050000097248
70050000097249
70050000097250
70050000097251
70050000097252
70050000097253
70050000097254
70050000097255
70050000097256
70050000097257
70050000097258
70050000097259
70050000097260
70050000097261
70050000097262
70050000097263
70050000097264
70050000097265
70050000097266
70050000097267
70050000097268
70050000097269
70050000097270
70050000097271
70050000097272
70050000097273
70050000097274
70050000097275
70050000097276
70050000097277
70050000097278
70050000097279
70050000097280
70050000097281
70050000097282
70050000097283
70050000097284
70050000097285
70050000097286
70050000097287
70050000097288
70050000097289
70050000097290
70050000097291
70050000097292
70050000097293
70050000097294
70050000097295
70050000097296
70050000097297
70050000097298
70050000097299
70050000097300
70050000097301
70050000097302
70050000097303
70050000097304
70050000097305
70050000097306
70050000097307
70050000097308
70050000097309
70050000097310
70050000097311
70050000097312
70050000097313
70050000097314
70050000097315
70050000097316
70050000097317
70050000097318
70050000097319
70050000097320
70050000097321
70050000097322
70050000097323
70050000097324
70050000097325
70050000097326
70050000097327
70050000097328
70050000097329
70050000097330
70050000097331
70050000097332
70050000097333
70050000097334
70050000097335
70050000097336
70050000097337
70050000097338
70050000097339
70050000097340
70050000097341
70050000097342
70050000097343
70050000097344
70050000097345
70050000097346
70050000097347
70050000097348
70050000097349
70050000097350
70050000097351
70050000097352
70050000097353
70050000097354
70050000097355
70050000097356
70050000097357
70050000097358
70050000097359
70050000097360
70050000097361
70050000097362
70050000097363
70050000097364
70050000097365
70050000097366
70050000097367
70050000097368
70050000097369
70050000097370
70050000097371
70050000097372
70050000097373
70050000097374
70050000097375
70050000097376
70050000097377
70050000097378
70050000097379
70050000097380
70050000097381
70050000097382
70050000097383
70050000097384
70050000097385
70050000097386
70050000097387
70050000097388
70050000097389
70050000097390
70050000097391
70050000097392
70050000097393
70050000097394
70050000097395
70050000097396
70050000097397
70050000097398
70050000097399
70050000097400
70050000097401
70050000097402
70050000097403
70050000097404
70050000097405
70050000097406
70050000097407
70050000097408
70050000097409
70050000097410
70050000097411
70050000097412
70050000097413
70050000097414
70050000097415
70050000097416
70050000097417
70050000097418
70050000097419
70050000097420
70050000097421
70050000097422
70050000097423
70050000097424
70050000097425
70050000097426
70050000097427
70050000097428
70050000097429
70050000097430
70050000097431
70050000097432
70050000097433
70050000097434
70050000097435
70050000097436
70050000097437
70050000097438
70050000097439
70050000097440
70050000097441
70050000097442
70050000097443
70050000097444
70050000097445
70050000097446
70050000097447
70050000097448
70050000097449
70050000097450
70050000097451
70050000097452
70050000097453
70050000097454
70050000097455
70050000097456
70050000097457
70050000097458
70050000097459
70050000097460
70050000097461
70050000097462
70050000097463
70050000097464
70050000097465
70050000097466
70050000097467
70050000097468
70050000097469
70050000097470
70050000097471
70050000097472
70050000097473
70050000097474
70050000097475
70050000097476
70050000097477
70050000097478
70050000097479
70050000097480
70050000097481
70050000097482
70050000097483
70050000097484
70050000097485
70050000097486
70050000097487
70050000097488
70050000097489
70050000097490
70050000097491
70050000097492
70050000097493
70050000097494
70050000097495
70050000097496
70050000097497
70050000097498
70050000097499
70050000097500
70050000097501
70050000097502
70050000097503
70050000097504
70050000097505
70050000097506
70050000097507
70050000097508
70050000097509
70050000097510
70050000097511
70050000097512
70050000097513
70050000097514
70050000097515
70050000097516
70050000097517
70050000097518
70050000097519
70050000097520
70050000097521
70050000097522
70050000097523
70050000097524
70050000097525
70050000097526
70050000097527
70050000097528
70050000097529
70050000097530
70050000097531
70050000097532
70050000097533
70050000097534
70050000097535
70050000097536
70050000097537
70050000097538
70050000097539
70050000097540
70050000097541
70050000097542
70050000097543
70050000097544
70050000097545
70050000097546
70050000097547
70050000097548
70050000097549
70050000097550
70050000097551
70050000097552
70050000097553
70050000097554
70050000097555
70050000097556
70050000097557
70050000097558
70050000097559
70050000097560
70050000097561
70050000097562
70050000097563
70050000097564
70050000097565
70050000097566
70050000097567
70050000097568
70050000097569
70050000097570
70050000097571
70050000097572
70050000097573
70050000097574
70050000097575
70050000097576
70050000097577
70050000097578
70050000097579
70050000097580
70050000097581
70050000097582
70050000097583
70050000097584
70050000097585
70050000097586
70050000097587
70050000097588
70050000097589
70050000097590
70050000097591
70050000097592
70050000097593
70050000097594
70050000097595
70050000097596
70050000097597
70050000097598
70050000097599
70050000097600
70050000097601
70050000097602
70050000097603
70050000097604
70050000097605
70050000097606
70050000097607
70050000097608
70050000097609
70050000097610
70050000097611
70050000097612
70050000097613
70050000097614
70050000097615
70050000097616
70050000097617
70050000097618
70050000097619
70050000097620
70050000097621
70050000097622
70050000097623
70050000097624
70050000097625
70050000097626
70050000097627
70050000097628
70050000097629
70050000097630
70050000097631
70050000097632
70050000097633
70050000097634
70050000097635
70050000097636
70050000097637
70050000097638
70050000097639
70050000097640
70050000097641
70050000097642
70050000097643
70050000097644
70050000097645
70050000097646
70050000097647
70050000097648
70050000097649
70050000097650
70050000097651
70050000097652
70050000097653
70050000097654
70050000097655
70050000097656
70050000097657
70050000097658
70050000097659
70050000097660
70050000097661
70050000097662
70050000097663
70050000097664
70050000097665
70050000097666
70050000097667
70050000097668
70050000097669
70050000097670
70050000097671
70050000097672
70050000097673
70050000097674
70050000097675
70050000097676
70050000097677
70050000097678
70050000097679
70050000097680
70050000097681
70050000097682
70050000097683
70050000097684
70050000097685
70050000097686
70050000097687
70050000097688
70050000097689
70050000097690
70050000097691
70050000097692
70050000097693
70050000097694
70050000097695
70050000097696
70050000097697
70050000097698
70050000097699
70050000097700
70050000097701
70050000097702
70050000097703
70050000097704
70050000097705
70050000097706
70050000097707
70050000097708
70050000097709
70050000097710
70050000097711
70050000097712
70050000097713
70050000097714
70050000097715
70050000097716
70050000097717
70050000097718
70050000097719
70050000097720
70050000097721
70050000097722
70050000097723
70050000097724
70050000097725
70050000097726
70050000097727
70050000097728
70050000097729
70050000097730
70050000097731
70050000097732
70050000097733
70050000097734
70050000097735
70050000097736
70050000097737
70050000097738
70050000097739
70050000097740
70050000097741
70050000097742
70050000097743
70050000097744
70050000097745
70050000097746
70050000097747
70050000097748
70050000097749
70050000097750
70050000097751
70050000097752
70050000097753
70050000097754
70050000097755
70050000097756
70050000097757
70050000097758
70050000097759
70050000097760
70050000097761
70050000097762
70050000097763
70050000097764
70050000097765
70050000097766
70050000097767
70050000097768
70050000097769
70050000097770
70050000097771
70050000097772
70050000097773
70050000097774
70050000097775
70050000097776
70050000097777
70050000097778
70050000097779
70050000097780
70050000097781
70050000097782
70050000097783
70050000097784
70050000097785
70050000097786
70050000097787
70050000097788
70050000097789
70050000097790
70050000097791
70050000097792
70050000097793
70050000097794
70050000097795
70050000097796
70050000097797
70050000097798
70050000097799
70050000097800
70050000097801
70050000097802
70050000097803
70050000097804
70050000097805
70050000097806
70050000097807
70050000097808
70050000097809
70050000097810
70050000097811
70050000097812
70050000097813
70050000097814
70050000097815
70050000097816
70050000097817
70050000097818
70050000097819
70050000097820
70050000097821
70050000097822
70050000097823
70050000097824
70050000097825
70050000097826
70050000097827
70050000097828
70050000097829
70050000097830
70050000097831
70050000097832
70050000097833
70050000097834
70050000097835
70050000097836
70050000097837
70050000097838
70050000097839
70050000097840
70050000097841
70050000097842
70050000097843
70050000097844
70050000097845
70050000097846
70050000097847
70050000097848
70050000097849
70050000097850
70050000097851
70050000097852
70050000097853
70050000097854
70050000097855
70050000097856
70050000097857
70050000097858
70050000097859
70050000097860
70050000097861
70050000097862
70050000097863
70050000097864
70050000097865
70050000097866
70050000097867
70050000097868
70050000097869
70050000097870
70050000097871
70050000097872
70050000097873
70050000097874
70050000097875
70050000097876
70050000097877
70050000097878
70050000097879
70050000097880
70050000097881
70050000097882
70050000097883
70050000097884
70050000097885
70050000097886
70050000097887
70050000097888
70050000097889
70050000097890
70050000097891
70050000097892
70050000097893
70050000097894
70050000097895
70050000097896
70050000097897
70050000097898
70050000097899
70050000097900
70050000097901
70050000097902
70050000097903
70050000097904
70050000097905
70050000097906
70050000097907
70050000097908
70050000097909
70050000097910
70050000097911
70050000097912
70050000097913
70050000097914
70050000097915
70050000097916
70050000097917
70050000097918
70050000097919
70050000097920
70050000097921
70050000097922
70050000097923
70050000097924
70050000097925
70050000097926
70050000097927
70050000097928
70050000097929
70050000097930
70050000097931
70050000097932
70050000097933
70050000097934
70050000097935
70050000097936
70050000097937
70050000097938
70050000097939
70050000097940
70050000097941
70050000097942
70050000097943
70050000097944
70050000097945
70050000097946
70050000097947
70050000097948
70050000097949
70050000097950
70050000097951
70050000097952
70050000097953
70050000097954
70050000097955
70050000097956
70050000097957
70050000097958
70050000097959
70050000097960
70050000097961
70050000097962
70050000097963
70050000097964
70050000097965
70050000097966
70050000097967
70050000097968
70050000097969
70050000097970
70050000097971
70050000097972
70050000097973
70050000097974
70050000097975
70050000097976
70050000097977
70050000097978
70050000097979
70050000097980
70050000097981
70050000097982
70050000097983
70050000097984
70050000097985
70050000097986
70050000097987
70050000097988
70050000097989
70050000097990
70050000097991
70050000097992
70050000097993
70050000097994
70050000097995
70050000097996
70050000097997
70050000097998
70050000097999
70050000098000
70050000098001
70050000098002
70050000098003
70050000098004
70050000098005
70050000098006
70050000098007
70050000098008
70050000098009
70050000098010
70050000098011
70050000098012
70050000098013
70050000098014
70050000098015
70050000098016
70050000098017
70050000098018
70050000098019
70050000098020
70050000098021
70050000098022
70050000098023
70050000098024
70050000098025
70050000098026
70050000098027
70050000098028
70050000098029
70050000098030
70050000098031
70050000098032
70050000098033
70050000098034
70050000098035
70050000098036
70050000098037
70050000098038
70050000098039
70050000098040
70050000098041
70050000098042
70050000098043
70050000098044
70050000098045
70050000098046
70050000098047
70050000098048
70050000098049
70050000098050
70050000098051
70050000098052
70050000098053
70050000098054
70050000098055
70050000098056
70050000098057
70050000098058
70050000098059
70050000098060
70050000098061
70050000098062
70050000098063
70050000098064
70050000098065
70050000098066
70050000098067
70050000098068
70050000098069
70050000098070
70050000098071
70050000098072
70050000098073
70050000098074
70050000098075
70050000098076
70050000098077
70050000098078
70050000098079
70050000098080
70050000098081
70050000098082
70050000098083
70050000098084
70050000098085
70050000098086
70050000098087
70050000098088
70050000098089
70050000098090
70050000098091
70050000098092
70050000098093
70050000098094
70050000098095
70050000098096
70050000098097
70050000098098
70050000098099
70050000098100
70050000098101
70050000098102
70050000098103
70050000098104
70050000098105
70050000098106
70050000098107
70050000098108
70050000098109
70050000098110
70050000098111
70050000098112
70050000098113
70050000098114
70050000098115
70050000098116
70050000098117
70050000098118
70050000098119
70050000098120
70050000098121
70050000098122
70050000098123
70050000098124
70050000098125
70050000098126
70050000098127
70050000098128
70050000098129
70050000098130
70050000098131
70050000098132
70050000098133
70050000098134
70050000098135
70050000098136
70050000098137
70050000098138
70050000098139
70050000098140
70050000098141
70050000098142
70050000098143
70050000098144
70050000098145
70050000098146
70050000098147
70050000098148
70050000098149
70050000098150
70050000098151
70050000098152
70050000098153
70050000098154
70050000098155
70050000098156
70050000098157
70050000098158
70050000098159
70050000098160
70050000098161
70050000098162
70050000098163
70050000098164
70050000098165
70050000098166
70050000098167
70050000098168
70050000098169
70050000098170
70050000098171
70050000098172
70050000098173
70050000098174
70050000098175
70050000098176
70050000098177
70050000098178
70050000098179
70050000098180
70050000098181
70050000098182
70050000098183
70050000098184
70050000098185
70050000098186
70050000098187
70050000098188
70050000098189
70050000098190
70050000098191
70050000098192
70050000098193
70050000098194
70050000098195
70050000098196
70050000098197
70050000098198
70050000098199
70050000098200
70050000098201
70050000098202
70050000098203
70050000098204
70050000098205
70050000098206
70050000098207
70050000098208
70050000098209
70050000098210
70050000098211
70050000098212
70050000098213
70050000098214
70050000098215
70050000098216
70050000098217
70050000098218
70050000098219
70050000098220
70050000098221
70050000098222
70050000098223
70050000098224
70050000098225
70050000098226
70050000098227
70050000098228
70050000098229
70050000098230
70050000098231
70050000098232
70050000098233
70050000098234
70050000098235
70050000098236
70050000098237
70050000098238
70050000098239
70050000098240
70050000098241
70050000098242
70050000098243
70050000098244
70050000098245
70050000098246
70050000098247
70050000098248
70050000098249
70050000098250
70050000098251
70050000098252
70050000098253
70050000098254
70050000098255
70050000098256
70050000098257
70050000098258
70050000098259
70050000098260
70050000098261
70050000098262
70050000098263
70050000098264
70050000098265
70050000098266
70050000098267
70050000098268
70050000098269
70050000098270
70050000098271
70050000098272
70050000098273
70050000098274
70050000098275
70050000098276
70050000098277
70050000098278
70050000098279
70050000098280
70050000098281
70050000098282
70050000098283
70050000098284
70050000098285
70050000098286
70050000098287
70050000098288
70050000098289
70050000098290
70050000098291
70050000098292
70050000098293
70050000098294
70050000098295
70050000098296
70050000098297
70050000098298
70050000098299
70050000098300
70050000098301
70050000098302
70050000098303
70050000098304
70050000098305
70050000098306
70050000098307
70050000098308
70050000098309
70050000098310
70050000098311
70050000098312
70050000098313
70050000098314
70050000098315
70050000098316
70050000098317
70050000098318
70050000098319
70050000098320
70050000098321
70050000098322
70050000098323
70050000098324
70050000098325
70050000098326
70050000098327
70050000098328
70050000098329
70050000098330
70050000098331
70050000098332
70050000098333
70050000098334
70050000098335
70050000098336
70050000098337
70050000098338
70050000098339
70050000098340
70050000098341
70050000098342
70050000098343
70050000098344
70050000098345
70050000098346
70050000098347
70050000098348
70050000098349
70050000098350
70050000098351
70050000098352
70050000098353
70050000098354
70050000098355
70050000098356
70050000098357
70050000098358
70050000098359
70050000098360
70050000098361
70050000098362
70050000098363
70050000098364
70050000098365
70050000098366
70050000098367
70050000098368
70050000098369
70050000098370
70050000098371
70050000098372
70050000098373
70050000098374
70050000098375
70050000098376
70050000098377
70050000098378
70050000098379
70050000098380
70050000098381
70050000098382
70050000098383
70050000098384
70050000098385
70050000098386
70050000098387
70050000098388
70050000098389
70050000098390
70050000098391
70050000098392
70050000098393
70050000098394
70050000098395
70050000098396
70050000098397
70050000098398
70050000098399
70050000098400
70050000098401
70050000098402
70050000098403
70050000098404
70050000098405
70050000098406
70050000098407
70050000098408
70050000098409
70050000098410
70050000098411
70050000098412
70050000098413
70050000098414
70050000098415
70050000098416
70050000098417
70050000098418
70050000098419
70050000098420
70050000098421
70050000098422
70050000098423
70050000098424
70050000098425
70050000098426
70050000098427
70050000098428
70050000098429
70050000098430
70050000098431
70050000098432
70050000098433
70050000098434
70050000098435
70050000098436
70050000098437
70050000098438
70050000098439
70050000098440
70050000098441
70050000098442
70050000098443
70050000098444
70050000098445
70050000098446
70050000098447
70050000098448
70050000098449
70050000098450
70050000098451
70050000098452
70050000098453
70050000098454
70050000098455
70050000098456
70050000098457
70050000098458
70050000098459
70050000098460
70050000098461
70050000098462
70050000098463
70050000098464
70050000098465
70050000098466
70050000098467
70050000098468
70050000098469
70050000098470
70050000098471
70050000098472
70050000098473
70050000098474
70050000098475
70050000098476
70050000098477
70050000098478
70050000098479
70050000098480
70050000098481
70050000098482
70050000098483
70050000098484
70050000098485
70050000098486
70050000098487
70050000098488
70050000098489
70050000098490
70050000098491
70050000098492
70050000098493
70050000098494
70050000098495
70050000098496
70050000098497
70050000098498
70050000098499
70050000098500
70050000098501
70050000098502
70050000098503
70050000098504
70050000098505
70050000098506
70050000098507
70050000098508
70050000098509
70050000098510
70050000098511
70050000098512
70050000098513
70050000098514
70050000098515
70050000098516
70050000098517
70050000098518
70050000098519
70050000098520
70050000098521
70050000098522
70050000098523
70050000098524
70050000098525
70050000098526
70050000098527
70050000098528
70050000098529
70050000098530
70050000098531
70050000098532
70050000098533
70050000098534
70050000098535
70050000098536
70050000098537
70050000098538
70050000098539
70050000098540
70050000098541
70050000098542
70050000098543
70050000098544
70050000098545
70050000098546
70050000098547
70050000098548
70050000098549
70050000098550
70050000098551
70050000098552
70050000098553
70050000098554
70050000098555
70050000098556
70050000098557
70050000098558
70050000098559
70050000098560
70050000098561
70050000098562
70050000098563
70050000098564
70050000098565
70050000098566
70050000098567
70050000098568
70050000098569
70050000098570
70050000098571
70050000098572
70050000098573
70050000098574
70050000098575
70050000098576
70050000098577
70050000098578
70050000098579
70050000098580
70050000098581
70050000098582
70050000098583
70050000098584
70050000098585
70050000098586
70050000098587
70050000098588
70050000098589
70050000098590
70050000098591
70050000098592
70050000098593
70050000098594
70050000098595
70050000098596
70050000098597
70050000098598
70050000098599
70050000098600
70050000098601
70050000098602
70050000098603
70050000098604
70050000098605
70050000098606
70050000098607
70050000098608
70050000098609
70050000098610
70050000098611
70050000098612
70050000098613
70050000098614
70050000098615
70050000098616
70050000098617
70050000098618
70050000098619
70050000098620
70050000098621
70050000098622
70050000098623
70050000098624
70050000098625
70050000098626
70050000098627
70050000098628
70050000098629
70050000098630
70050000098631
70050000098632
70050000098633
70050000098634
70050000098635
70050000098636
70050000098637
70050000098638
70050000098639
70050000098640
70050000098641
70050000098642
70050000098643
70050000098644
70050000098645
70050000098646
70050000098647
70050000098648
70050000098649
70050000098650
70050000098651
70050000098652
70050000098653
70050000098654
70050000098655
70050000098656
70050000098657
70050000098658
70050000098659
70050000098660
70050000098661
70050000098662
70050000098663
70050000098664
70050000098665
70050000098666
70050000098667
70050000098668
70050000098669
70050000098670
70050000098671
70050000098672
70050000098673
70050000098674
70050000098675
70050000098676
70050000098677
70050000098678
70050000098679
70050000098680
70050000098681
70050000098682
70050000098683
70050000098684
70050000098685
70050000098686
70050000098687
70050000098688
70050000098689
70050000098690
70050000098691
70050000098692
70050000098693
70050000098694
70050000098695
70050000098696
70050000098697
70050000098698
70050000098699
70050000098700
70050000098701
70050000098702
70050000098703
70050000098704
70050000098705
70050000098706
70050000098707
70050000098708
70050000098709
70050000098710
70050000098711
70050000098712
70050000098713
70050000098714
70050000098715
70050000098716
70050000098717
70050000098718
70050000098719
70050000098720
70050000098721
70050000098722
70050000098723
70050000098724
70050000098725
70050000098726
70050000098727
70050000098728
70050000098729
70050000098730
70050000098731
70050000098732
70050000098733
70050000098734
70050000098735
70050000098736
70050000098737
70050000098738
70050000098739
70050000098740
70050000098741
70050000098742
70050000098743
70050000098744
70050000098745
70050000098746
70050000098747
70050000098748
70050000098749
70050000098750
70050000098751
70050000098752
70050000098753
70050000098754
70050000098755
70050000098756
70050000098757
70050000098758
70050000098759
70050000098760
70050000098761
70050000098762
70050000098763
70050000098764
70050000098765
70050000098766
70050000098767
70050000098768
70050000098769
70050000098770
70050000098771
70050000098772
70050000098773
70050000098774
70050000098775
70050000098776
70050000098777
70050000098778
70050000098779
70050000098780
70050000098781
70050000098782
70050000098783
70050000098784
70050000098785
70050000098786
70050000098787
70050000098788
70050000098789
70050000098790
70050000098791
70050000098792
70050000098793
70050000098794
70050000098795
70050000098796
70050000098797
70050000098798
70050000098799
70050000098800
70050000098801
70050000098802
70050000098803
70050000098804
70050000098805
70050000098806
70050000098807
70050000098808
70050000098809
70050000098810
70050000098811
70050000098812
70050000098813
70050000098814
70050000098815
70050000098816
70050000098817
70050000098818
70050000098819
70050000098820
70050000098821
70050000098822
70050000098823
70050000098824
70050000098825
70050000098826
70050000098827
70050000098828
70050000098829
70050000098830
70050000098831
70050000098832
70050000098833
70050000098834
70050000098835
70050000098836
70050000098837
70050000098838
70050000098839
70050000098840
70050000098841
70050000098842
70050000098843
70050000098844
70050000098845
70050000098846
70050000098847
70050000098848
70050000098849
70050000098850
70050000098851
70050000098852
70050000098853
70050000098854
70050000098855
70050000098856
70050000098857
70050000098858
70050000098859
70050000098860
70050000098861
70050000098862
70050000098863
70050000098864
70050000098865
70050000098866
70050000098867
70050000098868
70050000098869
70050000098870
70050000098871
70050000098872
70050000098873
70050000098874
70050000098875
70050000098876
70050000098877
70050000098878
70050000098879
70050000098880
70050000098881
70050000098882
70050000098883
70050000098884
70050000098885
70050000098886
70050000098887
70050000098888
70050000098889
70050000098890
70050000098891
70050000098892
70050000098893
70050000098894
70050000098895
70050000098896
70050000098897
70050000098898
70050000098899
70050000098900
70050000098901
70050000098902
70050000098903
70050000098904
70050000098905
70050000098906
70050000098907
70050000098908
70050000098909
70050000098910
70050000098911
70050000098912
70050000098913
70050000098914
70050000098915
70050000098916
70050000098917
70050000098918
70050000098919
70050000098920
70050000098921
70050000098922
70050000098923
70050000098924
70050000098925
70050000098926
70050000098927
70050000098928
70050000098929
70050000098930
70050000098931
70050000098932
70050000098933
70050000098934
70050000098935
70050000098936
70050000098937
70050000098938
70050000098939
70050000098940
70050000098941
70050000098942
70050000098943
70050000098944
70050000098945
70050000098946
70050000098947
70050000098948
70050000098949
70050000098950
70050000098951
70050000098952
70050000098953
70050000098954
70050000098955
70050000098956
70050000098957
70050000098958
70050000098959
70050000098960
70050000098961
70050000098962
70050000098963
70050000098964
70050000098965
70050000098966
70050000098967
70050000098968
70050000098969
70050000098970
70050000098971
70050000098972
70050000098973
70050000098974
70050000098975
70050000098976
70050000098977
70050000098978
70050000098979
70050000098980
70050000098981
70050000098982
70050000098983
70050000098984
70050000098985
70050000098986
70050000098987
70050000098988
70050000098989
70050000098990
70050000098991
70050000098992
70050000098993
70050000098994
70050000098995
70050000098996
70050000098997
70050000098998
70050000098999
70050000099000
70050000099001
70050000099002
70050000099003
70050000099004
70050000099005
70050000099006
70050000099007
70050000099008
70050000099009
70050000099010
70050000099011
70050000099012
70050000099013
70050000099014
70050000099015
70050000099016
70050000099017
70050000099018
70050000099019
70050000099020
70050000099021
70050000099022
70050000099023
70050000099024
70050000099025
70050000099026
70050000099027
70050000099028
70050000099029
70050000099030
70050000099031
70050000099032
70050000099033
70050000099034
70050000099035
70050000099036
70050000099037
70050000099038
70050000099039
70050000099040
70050000099041
70050000099042
70050000099043
70050000099044
70050000099045
70050000099046
70050000099047
70050000099048
70050000099049
70050000099050
70050000099051
70050000099052
70050000099053
70050000099054
70050000099055
70050000099056
70050000099057
70050000099058
70050000099059
70050000099060
70050000099061
70050000099062
70050000099063
70050000099064
70050000099065
70050000099066
70050000099067
70050000099068
70050000099069
70050000099070
70050000099071
70050000099072
70050000099073
70050000099074
70050000099075
70050000099076
70050000099077
70050000099078
70050000099079
70050000099080
70050000099081
70050000099082
70050000099083
70050000099084
70050000099085
70050000099086
70050000099087
70050000099088
70050000099089
70050000099090
70050000099091
70050000099092
70050000099093
70050000099094
70050000099095
70050000099096
70050000099097
70050000099098
70050000099099
70050000099100
70050000099101
70050000099102
70050000099103
70050000099104
70050000099105
70050000099106
70050000099107
70050000099108
70050000099109
70050000099110
70050000099111
70050000099112
70050000099113
70050000099114
70050000099115
70050000099116
70050000099117
70050000099118
70050000099119
70050000099120
70050000099121
70050000099122
70050000099123
70050000099124
70050000099125
70050000099126
70050000099127
70050000099128
70050000099129
70050000099130
70050000099131
70050000099132
70050000099133
70050000099134
70050000099135
70050000099136
70050000099137
70050000099138
70050000099139
70050000099140
70050000099141
70050000099142
70050000099143
70050000099144
70050000099145
70050000099146
70050000099147
70050000099148
70050000099149
70050000099150
70050000099151
70050000099152
70050000099153
70050000099154
70050000099155
70050000099156
70050000099157
70050000099158
70050000099159
70050000099160
70050000099161
70050000099162
70050000099163
70050000099164
70050000099165
70050000099166
70050000099167
70050000099168
70050000099169
70050000099170
70050000099171
70050000099172
70050000099173
70050000099174
70050000099175
70050000099176
70050000099177
70050000099178
70050000099179
70050000099180
70050000099181
70050000099182
70050000099183
70050000099184
70050000099185
70050000099186
70050000099187
70050000099188
70050000099189
70050000099190
70050000099191
70050000099192
70050000099193
70050000099194
70050000099195
70050000099196
70050000099197
70050000099198
70050000099199
70050000099200
70050000099201
70050000099202
70050000099203
70050000099204
70050000099205
70050000099206
70050000099207
70050000099208
70050000099209
70050000099210
70050000099211
70050000099212
70050000099213
70050000099214
70050000099215
70050000099216
70050000099217
70050000099218
70050000099219
70050000099220
70050000099221
70050000099222
70050000099223
70050000099224
70050000099225
70050000099226
70050000099227
70050000099228
70050000099229
70050000099230
70050000099231
70050000099232
70050000099233
70050000099234
70050000099235
70050000099236
70050000099237
70050000099238
70050000099239
70050000099240
70050000099241
70050000099242
70050000099243
70050000099244
70050000099245
70050000099246
70050000099247
70050000099248
70050000099249
70050000099250
70050000099251
70050000099252
70050000099253
70050000099254
70050000099255
70050000099256
70050000099257
70050000099258
70050000099259
70050000099260
70050000099261
70050000099262
70050000099263
70050000099264
70050000099265
70050000099266
70050000099267
70050000099268
70050000099269
70050000099270
70050000099271
70050000099272
70050000099273
70050000099274
70050000099275
70050000099276
70050000099277
70050000099278
70050000099279
70050000099280
70050000099281
70050000099282
70050000099283
70050000099284
70050000099285
70050000099286
70050000099287
70050000099288
70050000099289
70050000099290
70050000099291
70050000099292
70050000099293
70050000099294
70050000099295
70050000099296
70050000099297
70050000099298
70050000099299
70050000099300
70050000099301
70050000099302
70050000099303
70050000099304
70050000099305
70050000099306
70050000099307
70050000099308
70050000099309
70050000099310
70050000099311
70050000099312
70050000099313
70050000099314
70050000099315
70050000099316
70050000099317
70050000099318
70050000099319
70050000099320
70050000099321
70050000099322
70050000099323
70050000099324
70050000099325
70050000099326
70050000099327
70050000099328
70050000099329
70050000099330
70050000099331
70050000099332
70050000099333
70050000099334
70050000099335
70050000099336
70050000099337
70050000099338
70050000099339
70050000099340
70050000099341
70050000099342
70050000099343
70050000099344
70050000099345
70050000099346
70050000099347
70050000099348
70050000099349
70050000099350
70050000099351
70050000099352
70050000099353
70050000099354
70050000099355
70050000099356
70050000099357
70050000099358
70050000099359
70050000099360
70050000099361
70050000099362
70050000099363
70050000099364
70050000099365
70050000099366
70050000099367
70050000099368
70050000099369
70050000099370
70050000099371
70050000099372
70050000099373
70050000099374
70050000099375
70050000099376
70050000099377
70050000099378
70050000099379
70050000099380
70050000099381
70050000099382
70050000099383
70050000099384
70050000099385
70050000099386
70050000099387
70050000099388
70050000099389
70050000099390
70050000099391
70050000099392
70050000099393
70050000099394
70050000099395
70050000099396
70050000099397
70050000099398
70050000099399
70050000099400
70050000099401
70050000099402
70050000099403
70050000099404
70050000099405
70050000099406
70050000099407
70050000099408
70050000099409
70050000099410
70050000099411
70050000099412
70050000099413
70050000099414
70050000099415
70050000099416
70050000099417
70050000099418
70050000099419
70050000099420
70050000099421
70050000099422
70050000099423
70050000099424
70050000099425
70050000099426
70050000099427
70050000099428
70050000099429
70050000099430
70050000099431
70050000099432
70050000099433
70050000099434
70050000099435
70050000099436
70050000099437
70050000099438
70050000099439
70050000099440
70050000099441
70050000099442
70050000099443
70050000099444
70050000099445
70050000099446
70050000099447
70050000099448
70050000099449
70050000099450
70050000099451
70050000099452
70050000099453
70050000099454
70050000099455
70050000099456
70050000099457
70050000099458
70050000099459
70050000099460
70050000099461
70050000099462
70050000099463
70050000099464
70050000099465
70050000099466
70050000099467
70050000099468
70050000099469
70050000099470
70050000099471
70050000099472
70050000099473
70050000099474
70050000099475
70050000099476
70050000099477
70050000099478
70050000099479
70050000099480
70050000099481
70050000099482
70050000099483
70050000099484
70050000099485
70050000099486
70050000099487
70050000099488
70050000099489
70050000099490
70050000099491
70050000099492
70050000099493
70050000099494
70050000099495
70050000099496
70050000099497
70050000099498
70050000099499
70050000099500
70050000099501
70050000099502
70050000099503
70050000099504
70050000099505
70050000099506
70050000099507
70050000099508
70050000099509
70050000099510
70050000099511
70050000099512
70050000099513
70050000099514
70050000099515
70050000099516
70050000099517
70050000099518
70050000099519
70050000099520
70050000099521
70050000099522
70050000099523
70050000099524
70050000099525
70050000099526
70050000099527
70050000099528
70050000099529
70050000099530
70050000099531
70050000099532
70050000099533
70050000099534
70050000099535
70050000099536
70050000099537
70050000099538
70050000099539
70050000099540
70050000099541
70050000099542
70050000099543
70050000099544
70050000099545
70050000099546
70050000099547
70050000099548
70050000099549
70050000099550
70050000099551
70050000099552
70050000099553
70050000099554
70050000099555
70050000099556
70050000099557
70050000099558
70050000099559
70050000099560
70050000099561
70050000099562
70050000099563
70050000099564
70050000099565
70050000099566
70050000099567
70050000099568
70050000099569
70050000099570
70050000099571
70050000099572
70050000099573
70050000099574
70050000099575
70050000099576
70050000099577
70050000099578
70050000099579
70050000099580
70050000099581
70050000099582
70050000099583
70050000099584
70050000099585
70050000099586
70050000099587
70050000099588
70050000099589
70050000099590
70050000099591
70050000099592
70050000099593
70050000099594
70050000099595
70050000099596
70050000099597
70050000099598
70050000099599
70050000099600
70050000099601
70050000099602
70050000099603
70050000099604
70050000099605
70050000099606
70050000099607
70050000099608
70050000099609
70050000099610
70050000099611
70050000099612
70050000099613
70050000099614
70050000099615
70050000099616
70050000099617
70050000099618
70050000099619
70050000099620
70050000099621
70050000099622
70050000099623
70050000099624
70050000099625
70050000099626
70050000099627
70050000099628
70050000099629
70050000099630
70050000099631
70050000099632
70050000099633
70050000099634
70050000099635
70050000099636
70050000099637
70050000099638
70050000099639
70050000099640
70050000099641
70050000099642
70050000099643
70050000099644
70050000099645
70050000099646
70050000099647
70050000099648
70050000099649
70050000099650
70050000099651
70050000099652
70050000099653
70050000099654
70050000099655
70050000099656
70050000099657
70050000099658
70050000099659
70050000099660
70050000099661
70050000099662
70050000099663
70050000099664
70050000099665
70050000099666
70050000099667
70050000099668
70050000099669
70050000099670
70050000099671
70050000099672
70050000099673
70050000099674
70050000099675
70050000099676
70050000099677
70050000099678
70050000099679
70050000099680
70050000099681
70050000099682
70050000099683
70050000099684
70050000099685
70050000099686
70050000099687
70050000099688
70050000099689
70050000099690
70050000099691
70050000099692
70050000099693
70050000099694
70050000099695
70050000099696
70050000099697
70050000099698
70050000099699
70050000099700
70050000099701
70050000099702
70050000099703
70050000099704
70050000099705
70050000099706
70050000099707
70050000099708
70050000099709
70050000099710
70050000099711
70050000099712
70050000099713
70050000099714
70050000099715
70050000099716
70050000099717
70050000099718
70050000099719
70050000099720
70050000099721
70050000099722
70050000099723
70050000099724
70050000099725
70050000099726
70050000099727
70050000099728
70050000099729
70050000099730
70050000099731
70050000099732
70050000099733
70050000099734
70050000099735
70050000099736
70050000099737
70050000099738
70050000099739
70050000099740
70050000099741
70050000099742
70050000099743
70050000099744
70050000099745
70050000099746
70050000099747
70050000099748
70050000099749
70050000099750
70050000099751
70050000099752
70050000099753
70050000099754
70050000099755
70050000099756
70050000099757
70050000099758
70050000099759
70050000099760
70050000099761
70050000099762
70050000099763
70050000099764
70050000099765
70050000099766
70050000099767
70050000099768
70050000099769
70050000099770
70050000099771
70050000099772
70050000099773
70050000099774
70050000099775
70050000099776
70050000099777
70050000099778
70050000099779
70050000099780
70050000099781
70050000099782
70050000099783
70050000099784
70050000099785
70050000099786
70050000099787
70050000099788
70050000099789
70050000099790
70050000099791
70050000099792
70050000099793
70050000099794
70050000099795
70050000099796
70050000099797
70050000099798
70050000099799
70050000099800
70050000099801
70050000099802
70050000099803
70050000099804
70050000099805
70050000099806
70050000099807
70050000099808
70050000099809
70050000099810
70050000099811
70050000099812
70050000099813
70050000099814
70050000099815
70050000099816
70050000099817
70050000099818
70050000099819
70050000099820
70050000099821
70050000099822
70050000099823
70050000099824
70050000099825
70050000099826
70050000099827
70050000099828
70050000099829
70050000099830
70050000099831
70050000099832
70050000099833
70050000099834
70050000099835
70050000099836
70050000099837
70050000099838
70050000099839
70050000099840
70050000099841
70050000099842
70050000099843
70050000099844
70050000099845
70050000099846
70050000099847
70050000099848
70050000099849
70050000099850
70050000099851
70050000099852
70050000099853
70050000099854
70050000099855
70050000099856
70050000099857
70050000099858
70050000099859
70050000099860
70050000099861
70050000099862
70050000099863
70050000099864
70050000099865
70050000099866
70050000099867
70050000099868
70050000099869
70050000099870
70050000099871
70050000099872
70050000099873
70050000099874
70050000099875
70050000099876
70050000099877
70050000099878
70050000099879
70050000099880
70050000099881
70050000099882
70050000099883
70050000099884
70050000099885
70050000099886
70050000099887
70050000099888
70050000099889
70050000099890
70050000099891
70050000099892
70050000099893
70050000099894
70050000099895
70050000099896
70050000099897
70050000099898
70050000099899
70050000099900
70050000099901
70050000099902
70050000099903
70050000099904
70050000099905
70050000099906
70050000099907
70050000099908
70050000099909
70050000099910
70050000099911
70050000099912
70050000099913
70050000099914
70050000099915
70050000099916
70050000099917
70050000099918
70050000099919
70050000099920
70050000099921
70050000099922
70050000099923
70050000099924
70050000099925
70050000099926
70050000099927
70050000099928
70050000099929
70050000099930
70050000099931
70050000099932
70050000099933
70050000099934
70050000099935
70050000099936
70050000099937
70050000099938
70050000099939
70050000099940
70050000099941
70050000099942
70050000099943
70050000099944
70050000099945
70050000099946
70050000099947
70050000099948
70050000099949
70050000099950
70050000099951
70050000099952
70050000099953
70050000099954
70050000099955
70050000099956
70050000099957
70050000099958
70050000099959
70050000099960
70050000099961
70050000099962
70050000099963
70050000099964
70050000099965
70050000099966
70050000099967
70050000099968
70050000099969
70050000099970
70050000099971
70050000099972
70050000099973
70050000099974
70050000099975
70050000099976
70050000099977
70050000099978
70050000099979
70050000099980
70050000099981
70050000099982
70050000099983
70050000099984
70050000099985
70050000099986
70050000099987
70050000099988
70050000099989
70050000099990
70050000099991
70050000099992
70050000099993
70050000099994
70050000099995
70050000099996
70050000099997
70050000099998
70050000099999
